extraction_date,source_system,source_file,source_row_number,employee_id,first_name,last_name,department_code,department_name,employment_type,salary,hourly_rate,overtime_hourly_rate,consulting_firm_tax_id,consulting_firm_legal_name,performance_rating_2024,performance_rating_2023,performance_rating_2022,performance_rating_2021,performance_rating_2020,turnover_flag
2026-06-29,legacy_hr_system,employees.csv,1,1,Luca,Gonzalez,D001,Finance,Permanent,134901.42,,,,,Good,Good,Fair,Good,Fair,0
2026-06-29,legacy_hr_system,employees.csv,2,2,Victoria,Diaz,D004,Sales,Permanent,115852.07,,,,,Excellent,Good,Good,Good,Fair,0
2026-06-29,legacy_hr_system,employees.csv,3,3,Abril,Peralta,D004,Sales,Permanent,139430.66,,,,,Good,Fair,Excellent,Fair,Good,0
2026-06-29,legacy_hr_system,employees.csv,4,4,Uma,Rodriguez,D002,Human Resources,Permanent,165690.9,,,,,Fair,Excellent,Good,Good,Good,0
2026-06-29,legacy_hr_system,employees.csv,5,5,Ciro,Gonzalez,D001,Finance,Contractor,,2812.68,4265.86,30-12345678-9,Alpha Consulting,Poor,Good,Good,Fair,Good,0
2026-06-29,legacy_hr_system,employees.csv,6,6,Delfina,Gimenez,D005,Operations,Permanent,167376.38,,,,,Excellent,Good,Fair,Poor,Fair,1
2026-06-29,legacy_hr_system,employees.csv,7,7,Martina,Diaz,D004,Sales,Permanent,143023.04,,,,,Good,Good,Good,Good,Good,1
2026-06-29,legacy_hr_system,employees.csv,8,8,Lara,Molina,D001,Finance,Contractor,,2624.42,5042.56,30-87654321-0,Beta Consulting,Good,Good,Good,Good,Poor,0
2026-06-29,legacy_hr_system,employees.csv,9,9,Delfina,Nuñez,D002,Human Resources,Contractor,,2629.27,4034.27,30-12345678-9,Alpha Consulting,Good,Excellent,Good,Good,Good,1
2026-06-29,legacy_hr_system,employees.csv,10,10,Alma Valentina,Gonzalez,D003,IT,Permanent,127258.87,,,,,Good,Fair,Good,Excellent,Excellent,0
2026-06-29,legacy_hr_system,employees.csv,11,11,Luciana,Quiroga,D005,Operations,Permanent,62601.59,,,,,Good,Fair,Good,Good,Poor,0
2026-06-29,legacy_hr_system,employees.csv,12,12,Alma,Fernandez,D001,Finance,Contractor,,1620.07,3937.71,30-12345678-9,Alpha Consulting,Excellent,Excellent,Good,Good,Good,0
2026-06-29,legacy_hr_system,employees.csv,13,13,Maximiliano,Romero,D004,Sales,Permanent,89615.07,,,,,Poor,Fair,Excellent,Fair,Good,0
2026-06-29,legacy_hr_system,employees.csv,14,14,Catalina,Gomez,D003,IT,Contractor,,3251.4,3591.98,30-11223344-5,Gamma Consulting,Excellent,Good,Good,Poor,Fair,0
2026-06-29,legacy_hr_system,employees.csv,15,15,Thiago Leonel,Juarez,D005,Operations,Contractor,,1870.16,5965.65,30-12345678-9,Alpha Consulting,Fair,Good,Good,Good,Excellent,0
2026-06-29,legacy_hr_system,employees.csv,16,16,Micaela,Ojeda,D005,Operations,Contractor,,2819.38,4567.53,30-12345678-9,Alpha Consulting,Good,Good,Excellent,Good,Poor,0
2026-06-29,legacy_hr_system,employees.csv,17,17,Mateo Benjamin,Valdez,D002,Human Resources,Permanent,77257.55,,,,,Fair,Poor,Excellent,Good,Excellent,0
2026-06-29,legacy_hr_system,employees.csv,18,18,Olivia,Molina,D002,Human Resources,Permanent,103668.52,,,,,Good,Good,Good,Fair,Good,0
2026-06-29,legacy_hr_system,employees.csv,19,19,Milena,Rios,D005,Operations,Contractor,,3088.74,3349.01,30-87654321-0,Beta Consulting,Fair,Good,Good,Good,Fair,0
2026-06-29,legacy_hr_system,employees.csv,20,20,Morena Jazmin,Silva,D002,Human Resources,Permanent,131270.94,,,,,Good,Good,Good,Good,Excellent,0
2026-06-29,legacy_hr_system,employees.csv,21,21,Federico,Gonzalez,D002,Human Resources,Permanent,101980.84,,,,,Excellent,Good,Good,Good,Good,0
2026-06-29,legacy_hr_system,employees.csv,22,22,Francisco,Garcia,D005,Operations,Permanent,111249.19,,,,,Good,Good,Good,Excellent,Good,0
2026-06-29,legacy_hr_system,employees.csv,23,23,Bautista,Martinez,D004,Sales,Permanent,101948.8,,,,,Fair,Good,Poor,Excellent,Good,0
2026-06-29,legacy_hr_system,employees.csv,24,24,Santino,Garcia,D001,Finance,Permanent,175568.35,,,,,Excellent,Good,Good,Good,Good,1
2026-06-29,legacy_hr_system,employees.csv,25,25,Juan Manuel,Torres,D004,Sales,Contractor,,,3442.29,30-12345678-9,Alpha Consulting,Excellent,Poor,Fair,Poor,Poor,1
2026-06-29,legacy_hr_system,employees.csv,26,26,Thiago,Diaz,D002,Human Resources,Permanent,144676.35,,,,,Good,Fair,Poor,Excellent,Excellent,0
2026-06-29,legacy_hr_system,employees.csv,27,27,Thiago Benjamin,Maidana,D004,Sales,Permanent,83374.69,,,,,Good,Fair,Fair,Good,Good,0
2026-06-29,legacy_hr_system,employees.csv,28,28,Lara,Cabrera,D002,Human Resources,Contractor,,3167.09,2540.33,30-12345678-9,Alpha Consulting,Fair,Excellent,Good,Good,Fair,0
2026-06-29,legacy_hr_system,employees.csv,29,29,Joaquin,Ojeda,D005,Operations,Permanent,80154.42,,,,,Excellent,Good,Good,Good,Excellent,1
2026-06-29,legacy_hr_system,employees.csv,30,30,Mateo,Alvarez,D002,Human Resources,Permanent,125905.84,,,,,Excellent,Excellent,Good,Good,Good,0
2026-06-29,legacy_hr_system,employees.csv,31,31,Juan Sebastian,Godoy,D003,IT,Permanent,142154.0,,,,,Good,Good,Good,Good,Fair,0
2026-06-29,legacy_hr_system,employees.csv,32,32,Lautaro Benjamin,Castillo,D004,Sales,Contractor,,3137.09,4384.35,30-12345678-9,Alpha Consulting,Excellent,Good,Good,Poor,Fair,1
2026-06-29,legacy_hr_system,employees.csv,33,33,Valentina Jazmin,Ramos,D003,IT,Permanent,110966.89,,,,,Good,Good,Good,Poor,Fair,0
2026-06-29,legacy_hr_system,employees.csv,34,34,Francisco,Gonzalez,D005,Operations,Permanent,75644.34,,,,,Good,Poor,Excellent,Excellent,Excellent,0
2026-06-29,legacy_hr_system,employees.csv,35,35,Josefina,Perez,D003,IT,Permanent,98404.67,,,,,Good,Good,Good,Fair,Good,0
2026-06-29,legacy_hr_system,employees.csv,36,36,Delfina,Leiva,D001,Finance,Permanent,106180.84,,,,,Good,Good,Excellent,Fair,Good,0
2026-06-29,legacy_hr_system,employees.csv,37,37,Thiago Lionel,Sanchez,D004,Sales,Permanent,151713.67,,,,,Good,Excellent,Excellent,Fair,Poor,0
2026-06-29,legacy_hr_system,employees.csv,38,38,Ambar,Ruiz,D003,IT,Permanent,130308.55,,,,,Excellent,Excellent,Good,Fair,Fair,0
2026-06-29,legacy_hr_system,employees.csv,39,39,Uma ,Medina,D003,IT,Permanent,67108.8,,,,,Good,Excellent,Fair,Fair,Good,0
2026-06-29,legacy_hr_system,employees.csv,40,40,Thiago Benjamin,Martinez,D002,Human Resources,Contractor,,3259.27,4114.92,30-87654321-0,Beta Consulting,Fair,Poor,Fair,Fair,Excellent,0
2026-06-29,legacy_hr_system,employees.csv,41,41,Lucas,Perez,D003,IT,Contractor,,2458.46,5111.68,30-99887766-1,Delta Consulting,Fair,Fair,Fair,Good,Fair,0
2026-06-29,legacy_hr_system,employees.csv,42,42,Maria Victoria,Mendoza,D001,Finance,Contractor,,3824.8,5431.28,30-87654321-0,Beta Consulting,Excellent,Poor,Good,Fair,Fair,0
2026-06-29,legacy_hr_system,employees.csv,43,43,Camila,Diaz,D002,Human Resources,Permanent,94823.47,,,,,Good,Excellent,Fair,Good,Good,0
2026-06-29,legacy_hr_system,employees.csv,44,44,Mateo Joaquin,Gimenez,D005,Operations,Permanent,110723.63,,,,,Excellent,Fair,Good,Good,Poor,0
2026-06-29,legacy_hr_system,employees.csv,45,45,Catalina,Gonzalez,D005,Operations,Permanent,129937.9,,,,,Fair,Good,Good,Good,Good,0
2026-06-29,legacy_hr_system,employees.csv,46,46,Santino,Morales,D003,IT,Permanent,149266.35,,,,,Good,Good,Fair,Good,Poor,0
2026-06-29,legacy_hr_system,employees.csv,47,47,Sol,Flores,D002,Human Resources,Permanent,105624.77,,,,,Excellent,Good,Good,Good,Fair,0
2026-06-29,legacy_hr_system,employees.csv,48,48,Bautista,Alvarez,D003,IT,Permanent,114430.23,,,,,Good,Good,Good,Good,Excellent,0
2026-06-29,legacy_hr_system,employees.csv,49,49,Máximo,Pereyra,D004,Sales,Contractor,,2114.93,3303.79,30-87654321-0,Beta Consulting,Good,Good,Good,Excellent,Good,0
2026-06-29,legacy_hr_system,employees.csv,50,50,Emanuel,Guzman,D005,Operations,Contractor,,3650.02,5856.24,30-11223344-5,Gamma Consulting,Good,Good,Good,Good,Poor,0
2026-06-29,legacy_hr_system,employees.csv,51,51,Benjamin,Muñoz,D002,Human Resources,Contractor,,2942.39,5503.53,30-11223344-5,Gamma Consulting,Good,Good,Good,Fair,Fair,0
2026-06-29,legacy_hr_system,employees.csv,52,52,Thiago Ezequiel,Rojas,D002,Human Resources,Contractor,,3289.31,3854.88,30-87654321-0,Beta Consulting,Excellent,Good,Good,Fair,Excellent,0
2026-06-29,legacy_hr_system,employees.csv,53,53,Thiago Benjamin,Godoy,D005,Operations,Permanent,130841.87,,,,,Good,Good,Good,Good,Excellent,0
2026-06-29,legacy_hr_system,employees.csv,54,54,Santino,Benitez,D001,Finance,Contractor,,4230.43,4464.17,30-87654321-0,Beta Consulting,Excellent,Poor,Good,Excellent,Good,0
2026-06-29,legacy_hr_system,employees.csv,55,55,Facundo,Moyano,D004,Sales,Permanent,166939.31,,,,,Good,Good,Good,Good,Fair,0
2026-06-29,legacy_hr_system,employees.csv,56,56,Thiago Lionel,Perez,D005,Operations,Permanent,41407.65,,,,,Poor,Good,Excellent,Fair,Good,0
2026-06-29,legacy_hr_system,employees.csv,57,57,Guillermina,Lopez,D003,IT,Contractor,,3657.52,4587.05,30-99887766-1,Delta Consulting,Good,Good,Excellent,Good,Good,0
2026-06-29,legacy_hr_system,employees.csv,58,58,Ian Ezequiel,Aguero,D005,Operations,Permanent,111029.78,,,,,Excellent,Good,Excellent,Good,Good,0
2026-06-29,legacy_hr_system,employees.csv,59,59,Juana,Godoy,D004,Sales,Permanent,,,,,,Good,Good,Poor,Good,Good,1
2026-06-29,legacy_hr_system,employees.csv,60,60,Tomas,Fernandez,D005,Operations,Permanent,60372.93,,,,,Excellent,Good,Fair,Fair,Poor,0
2026-06-29,legacy_hr_system,employees.csv,61,61,Paulina,Rojas,D005,Operations,Contractor,,2824.26,4857.11,30-87654321-0,Beta Consulting,Good,Good,Good,Good,Good,0
2026-06-29,legacy_hr_system,employees.csv,62,62,Santiago Benjamin,Pereyra,D002,Human Resources,Contractor,,4182.32,3981.73,30-87654321-0,Beta Consulting,Poor,Good,Poor,Good,Good,0
2026-06-29,legacy_hr_system,employees.csv,63,63,Benjamin,Romero,D004,Sales,Permanent,95745.19,,,,,Good,Excellent,Good,Good,Good,0
2026-06-29,legacy_hr_system,employees.csv,64,64,Benjamin,Soria,D004,Sales,Permanent,104947.29,,,,,Poor,Good,Fair,Good,Fair,0
2026-06-29,legacy_hr_system,employees.csv,65,65,Emiliano,Rivero,D003,IT,Permanent,147462.06,,,,,Excellent,Poor,Excellent,Excellent,Good,0
2026-06-29,legacy_hr_system,employees.csv,66,66,Julieta,Rodriguez,D005,Operations,Permanent,129862.53,,,,,Excellent,Good,Good,Good,Good,0
2026-06-29,legacy_hr_system,employees.csv,67,67,Enzo,Leiva,D002,Human Resources,Contractor,,2576.19,5013.27,30-12345678-9,Alpha Consulting,Fair,Excellent,Good,Good,Poor,0
2026-06-29,legacy_hr_system,employees.csv,68,68,Catalina,Suarez,D004,Sales,Permanent,122912.33,,,,,Fair,Excellent,Good,Good,Excellent,0
2026-06-29,legacy_hr_system,employees.csv,69,69,Bautista,Coronel,D005,Operations,Contractor,,3774.92,3797.95,30-12345678-9,Alpha Consulting,Good,Good,Good,Good,Good,0
2026-06-29,legacy_hr_system,employees.csv,70,70,Bautista Benjamin,Fernandez,D004,Sales,Permanent,110170.14,,,,,Poor,Good,Fair,Fair,Good,0
2026-06-29,legacy_hr_system,employees.csv,71,71,Agustin,Molina,D003,IT,Contractor,,2686.31,3036.49,30-99887766-1,Delta Consulting,Good,Fair,Good,Good,Good,1
2026-06-29,legacy_hr_system,employees.csv,72,72,Thiago Benjamin,Hernandez,D003,IT,Contractor,,3236.9,4761.06,30-87654321-0,Beta Consulting,Fair,Good,Good,Good,Good,0
2026-06-29,legacy_hr_system,employees.csv,73,73,Pedro,Diaz,D004,Sales,Permanent,120153.4,,,,,Fair,Good,Fair,Fair,Good,0
2026-06-29,legacy_hr_system,employees.csv,74,74,Juan Pablo,Ojeda,D002,Human Resources,Permanent,112962.39,,,,,Fair,Good,Fair,Good,Good,0
2026-06-29,legacy_hr_system,employees.csv,75,75,Sofia,Sanchez,D001,Finance,Permanent,77538.88,,,,,Good,Good,Good,Good,Good,0
2026-06-29,legacy_hr_system,employees.csv,76,76,Jeronimo,Ferreyra,D004,Sales,Contractor,,2663.48,4157.29,30-11223344-5,Gamma Consulting,Good,Good,Good,Good,Fair,0
2026-06-29,legacy_hr_system,employees.csv,77,77,Simon,Gutierrez,D005,Operations,Contractor,,2358.18,4338.71,30-87654321-0,Beta Consulting,Excellent,Fair,Good,Good,Fair,0
2026-06-29,legacy_hr_system,employees.csv,78,78,Juan Ignacio,Martinez,D001,Finance,Contractor,,3323.24,6386.19,30-11223344-5,Gamma Consulting,Good,Excellent,Excellent,Good,Good,1
2026-06-29,legacy_hr_system,employees.csv,79,79,Alma,Nuñez,D005,Operations,Permanent,125237.33,,,,,Poor,Good,Fair,Excellent,Excellent,0
2026-06-29,legacy_hr_system,employees.csv,80,80,Francisco,Diaz,D004,Sales,Permanent,127726.51,,,,,Excellent,Excellent,Poor,Good,Fair,0
2026-06-29,legacy_hr_system,employees.csv,81,81,Bautista,Morales,D001,Finance,Permanent,117766.62,,,,,Good,Excellent,Fair,Poor,Excellent,0
2026-06-29,legacy_hr_system,employees.csv,82,82,Francisco,Barrios,D005,Operations,Contractor,,1464.98,4473.49,30-87654321-0,Beta Consulting,Fair,Good,Poor,Good,Good,0
2026-06-29,legacy_hr_system,employees.csv,83,83,Alma Mia,Rodriguez,D005,Operations,Contractor,,3048.18,6963.24,30-12345678-9,Alpha Consulting,Poor,Good,Good,Good,Excellent,0
2026-06-29,legacy_hr_system,employees.csv,84,84,Emma,Carrizo,D001,Finance,Unknown,114229.17,,,,,Good,Good,Good,Excellent,Good,0
2026-06-29,legacy_hr_system,employees.csv,85,85,Delfina,Fernandez,D004,Sales,Permanent,129046.42,,,,,Good,Good,Fair,Good,Fair,0
2026-06-29,legacy_hr_system,employees.csv,86,86,Santiago Nicolas,Ortiz,D001,Finance,Permanent,118958.65,,,,,Good,Poor,Fair,Excellent,Excellent,0
2026-06-29,legacy_hr_system,employees.csv,87,87,Agustin,Caceres,D005,Operations,Contractor,,2065.06,5642.82,30-99887766-1,Delta Consulting,Excellent,Good,Good,Poor,Good,0
2026-06-29,legacy_hr_system,employees.csv,88,88,Micaela,Lopez,D001,Finance,Permanent,142557.99,,,,,Fair,Fair,Good,Excellent,Good,0
2026-06-29,legacy_hr_system,employees.csv,89,89,Catalina,Benitez,D005,Operations,Permanent,143730.96,,,,,Excellent,Fair,Fair,Good,Fair,0
2026-06-29,legacy_hr_system,employees.csv,90,90,Pedro,Herrera,D005,Operations,Contractor,,2272.49,5902.79,30-11223344-5,Gamma Consulting,Excellent,Good,Good,Good,Excellent,0
2026-06-29,legacy_hr_system,employees.csv,91,91,Sebastian,Peralta,D003,IT,Permanent,77944.47,,,,,Excellent,Excellent,Good,Good,Good,0
2026-06-29,legacy_hr_system,employees.csv,92,92,Dylan Benjamin,Gomez,D005,Operations,Permanent,137605.71,,,,,Excellent,Good,Excellent,Fair,Fair,0
2026-06-29,legacy_hr_system,employees.csv,93,93,Lola,Romero,D001,Finance,Contractor,,4752.36,3509.46,30-99887766-1,Delta Consulting,Good,Excellent,Good,Fair,Good,0
2026-06-29,legacy_hr_system,employees.csv,94,94,Candela,Martinez,D002,Human Resources,Permanent,103011.07,,,,,Excellent,Good,Fair,Good,Excellent,0
2026-06-29,legacy_hr_system,employees.csv,95,95,Santiago,Acosta,D002,Human Resources,Contractor,,3079.72,3996.52,30-11223344-5,Gamma Consulting,Good,Good,Excellent,Poor,Poor,0
2026-06-29,legacy_hr_system,employees.csv,96,96,Ciro,Garcia,D001,Finance,Contractor,,1759.47,4568.56,30-87654321-0,Beta Consulting,Good,Fair,Good,Good,Fair,1
2026-06-29,legacy_hr_system,employees.csv,97,97,Valentina,Blanco,D002,Human Resources,Permanent,88130.89,,,,,Excellent,Excellent,Good,Fair,Excellent,0
2026-06-29,legacy_hr_system,employees.csv,98,98,Simon,Guzman,D004,Sales,Permanent,134207.77,,,,,Fair,Good,Excellent,Fair,Fair,0
2026-06-29,legacy_hr_system,employees.csv,99,99,Nicolas,Rodriguez,D004,Sales,Contractor,,2264.46,6049.93,30-99887766-1,Delta Consulting,Good,Good,Good,Good,Good,0
2026-06-29,legacy_hr_system,employees.csv,100,100,Angel Gabriel,Miranda,D002,Human Resources,Contractor,,2373.4,4177.94,30-87654321-0,Beta Consulting,Good,Good,Fair,Excellent,Fair,0
2026-06-29,legacy_hr_system,employees.csv,101,101,León,Blanco,D004,Sales,Permanent,144405.52,,,,,Good,Fair,Poor,Good,Excellent,0
2026-06-29,legacy_hr_system,employees.csv,102,102,Juan Francisco,Lopez,D005,Operations,Permanent,83074.07,,,,,Excellent,Fair,Excellent,Poor,Excellent,0
2026-06-29,legacy_hr_system,employees.csv,103,103,Pilar,Diaz,D002,Human Resources,Permanent,126823.8,,,,,Fair,Good,Good,Good,Excellent,0
2026-06-29,legacy_hr_system,employees.csv,104,104,Lola,Rodriguez,D005,Operations,Permanent,159214.28,,,,,Good,Fair,Fair,Fair,Excellent,0
2026-06-29,legacy_hr_system,employees.csv,105,105,Olivia,Velazquez,D003,IT,Contractor,,1714.01,4684.63,30-12345678-9,Alpha Consulting,Good,Excellent,Good,Fair,Good,0
2026-06-29,legacy_hr_system,employees.csv,106,106,Thiago Benjamin,Vargas,D001,Finance,Permanent,127796.48,,,,,Fair,Good,Good,Excellent,Good,0
2026-06-29,legacy_hr_system,employees.csv,107,107,Facundo,Flores,D002,Human Resources,Permanent,143454.69,,,,,Excellent,Fair,Good,Good,Poor,0
2026-06-29,legacy_hr_system,employees.csv,108,108,Gino,Toledo,D004,Sales,Contractor,,2010.44,3179.54,30-99887766-1,Delta Consulting,Good,Excellent,Fair,Poor,Good,0
2026-06-29,legacy_hr_system,employees.csv,109,109,Lautaro Benjamin,Vera,D004,Sales,Contractor,,3417.55,4796.98,30-11223344-5,Gamma Consulting,Good,Good,Good,Fair,Excellent,0
2026-06-29,legacy_hr_system,employees.csv,110,110,Felipe,Garcia,D004,Sales,Permanent,127514.79,,,,,Good,Good,Good,Good,Excellent,1
2026-06-29,legacy_hr_system,employees.csv,111,111,León,Silva,D004,Sales,Permanent,130393.45,,,,,Good,Good,Fair,Excellent,Good,0
2026-06-29,legacy_hr_system,employees.csv,112,112,Juan Pablo,Cardozo,D003,IT,Contractor,,2455.98,4732.25,30-87654321-0,Beta Consulting,Good,Good,Good,Good,Good,0
2026-06-29,legacy_hr_system,employees.csv,113,113,Isabella,Nuñez,D002,Human Resources,Contractor,,3234.46,,30-12345678-9,Alpha Consulting,Good,Good,Good,Fair,Excellent,0
2026-06-29,legacy_hr_system,employees.csv,114,114,Juan Bautista,Roldan,D004,Sales,Unknown,175973.24,,,,,Excellent,Good,Poor,Good,Poor,1
2026-06-29,legacy_hr_system,employees.csv,115,115,Mateo,Campos,D003,IT,Contractor,,3379.07,3308.7,30-99887766-1,Delta Consulting,Poor,Good,Fair,Fair,Good,0
2026-06-29,legacy_hr_system,employees.csv,116,116,Bautista,Lopez,D002,Human Resources,Contractor,,3525.24,3525.32,30-99887766-1,Delta Consulting,Poor,Fair,Good,Fair,Excellent,0
2026-06-29,legacy_hr_system,employees.csv,117,117,Mia,Peralta,D004,Sales,Permanent,143612.54,,,,,Fair,Good,Good,Good,Good,0
2026-06-29,legacy_hr_system,employees.csv,118,118,Francisco,Gomez,D004,Sales,Permanent,154757.87,,,,,Fair,Good,Poor,Good,Excellent,1
2026-06-29,legacy_hr_system,employees.csv,119,119,Mateo Agustin,Martinez,D003,IT,Contractor,,2343.45,5463.38,30-12345678-9,Alpha Consulting,Excellent,Poor,Good,Good,Excellent,1
2026-06-29,legacy_hr_system,employees.csv,120,120,Mia,Rios,D002,Human Resources,Permanent,132383.43,,,,,Good,Poor,Good,Good,Good,0
2026-06-29,legacy_hr_system,employees.csv,121,121,Ciro,Nuñez,D004,Sales,Contractor,,3657.65,6396.79,30-99887766-1,Delta Consulting,Good,Poor,Good,Good,Good,0
2026-06-29,legacy_hr_system,employees.csv,122,122,Maximo,Maidana,D002,Human Resources,Contractor,,2803.69,3746.26,30-12345678-9,Alpha Consulting,Poor,Good,Poor,Good,Excellent,0
2026-06-29,legacy_hr_system,employees.csv,123,123,Sofia,Vera,D001,Finance,Contractor,,2288.39,3684.19,30-99887766-1,Delta Consulting,Excellent,Good,Good,Poor,Excellent,0
2026-06-29,legacy_hr_system,employees.csv,124,124,Emma,Ruiz,D002,Human Resources,Contractor,,2938.32,4841.15,30-87654321-0,Beta Consulting,Excellent,Fair,Good,Good,Fair,0
2026-06-29,legacy_hr_system,employees.csv,125,125,Felicitas,Garcia,D002,Human Resources,Contractor,,3221.35,5327.18,30-12345678-9,Alpha Consulting,Good,Poor,Poor,Good,Fair,0
2026-06-29,legacy_hr_system,employees.csv,126,126,Josefina,Cardozo,D001,Finance,Permanent,120390.06,,,,,Good,Fair,Good,Excellent,Good,0
2026-06-29,legacy_hr_system,employees.csv,127,127,Bautista,Medina,D004,Sales,Permanent,163606.02,,,,,Fair,Good,Fair,Good,Excellent,0
2026-06-29,legacy_hr_system,employees.csv,128,128,Mateo Joaquin,Franco,D005,Operations,Permanent,112060.3,,,,,Fair,Fair,Good,Good,Poor,0
2026-06-29,legacy_hr_system,employees.csv,129,129,Bautista,Diaz,D004,Sales,Contractor,,5176.14,5125.67,30-99887766-1,Delta Consulting,Good,Good,Poor,Excellent,Excellent,0
2026-06-29,legacy_hr_system,employees.csv,130,130,Thiago Benjamin,Maidana,D001,Finance,Permanent,94285.27,,,,,Good,Good,Fair,Good,Good,0
2026-06-29,legacy_hr_system,employees.csv,131,131,Justina,Lucero,D005,Operations,Contractor,,2143.29,4982.47,30-12345678-9,Alpha Consulting,Fair,Excellent,Good,Fair,Good,1
2026-06-29,legacy_hr_system,employees.csv,132,132,Thiago,Fernandez,D004,Sales,Permanent,113296.12,,,,,Good,Good,Good,Good,Excellent,0
2026-06-29,legacy_hr_system,employees.csv,133,133,Zoe Jazmin,Quiroga,D003,IT,Permanent,141420.01,,,,,Excellent,Poor,Excellent,Fair,Excellent,0
2026-06-29,legacy_hr_system,employees.csv,134,134,Tomas,Olivera,D003,IT,Contractor,,3378.59,4427.17,30-12345678-9,Alpha Consulting,Good,Good,Good,Excellent,Good,0
2026-06-29,legacy_hr_system,employees.csv,135,135,Ambar,Gonzalez,D004,Sales,Contractor,,2322.57,,30-12345678-9,Alpha Consulting,Poor,Good,Good,Good,Good,0
2026-06-29,legacy_hr_system,employees.csv,136,136,Augusto,Garcia,D002,Human Resources,Contractor,,2642.79,5356.4,30-11223344-5,Gamma Consulting,Fair,Good,Fair,Good,Fair,0
2026-06-29,legacy_hr_system,employees.csv,137,137,Antonella,Acuña,D005,Operations,Contractor,,3171.27,,30-12345678-9,Alpha Consulting,Good,Good,Good,Excellent,Good,0
2026-06-29,legacy_hr_system,employees.csv,138,138,Valentino,Gomez,D003,IT,Permanent,125195.43,,,,,Excellent,Excellent,Good,Excellent,Fair,1
2026-06-29,legacy_hr_system,employees.csv,139,139,Santino,Castro,D001,Finance,Contractor,,3308.25,3616.14,30-87654321-0,Beta Consulting,Good,Good,Excellent,Good,Good,1
2026-06-29,legacy_hr_system,employees.csv,140,140,Victoria,Juarez,D005,Operations,Permanent,124611.75,,,,,Excellent,Excellent,Good,Good,Good,0
2026-06-29,legacy_hr_system,employees.csv,141,141,Lucio,Diaz,D004,Sales,Contractor,,3046.57,3357.03,30-99887766-1,Delta Consulting,Good,Fair,Excellent,Good,Good,0
2026-06-29,legacy_hr_system,employees.csv,142,142,Juan Manuel,Perez,D004,Sales,Permanent,,,,,,Good,Good,Poor,Excellent,Good,1
2026-06-29,legacy_hr_system,employees.csv,143,143,Pilar,Barrios,D002,Human Resources,Contractor,,3448.63,5583.05,30-11223344-5,Gamma Consulting,Good,Excellent,Fair,Excellent,Good,0
2026-06-29,legacy_hr_system,employees.csv,144,144,Juan Gabriel,Gomez,D005,Operations,Permanent,151614.06,,,,,Good,Good,Good,Fair,Good,0
2026-06-29,legacy_hr_system,employees.csv,145,145,Pedro,Perez,D001,Finance,Contractor,,1897.86,3562.17,30-99887766-1,Delta Consulting,Good,Fair,Good,Excellent,Excellent,0
2026-06-29,legacy_hr_system,employees.csv,146,146,Benjamin,Vazquez,D005,Operations,Unknown,135451.06,,,,,Good,Good,Good,Excellent,Good,0
2026-06-29,legacy_hr_system,employees.csv,147,147,Luca,Perez,D001,Finance,Permanent,135413.58,,,,,Good,Good,Good,Excellent,Good,0
2026-06-29,legacy_hr_system,employees.csv,148,148,Thiago Nicolas,Molina,D005,Operations,Permanent,135451.43,,,,,Fair,Good,Poor,Good,Excellent,0
2026-06-29,legacy_hr_system,employees.csv,149,149,Pedro,Gonzalez,D003,IT,Unknown,235581.94,,,,,Good,Fair,Good,Excellent,Fair,0
2026-06-29,legacy_hr_system,employees.csv,150,150,Bautista,Cruz,D005,Operations,Contractor,,3456.71,5635.57,30-99887766-1,Delta Consulting,Good,Fair,Good,Poor,Good,1
2026-06-29,legacy_hr_system,employees.csv,151,151,Florencia,Molina,D003,IT,Permanent,148620.05,,,,,Excellent,Good,Good,Good,Excellent,0
2026-06-29,legacy_hr_system,employees.csv,152,152,Miguel Angel,Nuñez,D003,IT,Permanent,139541.74,,,,,Excellent,Good,Good,Good,Poor,0
2026-06-29,legacy_hr_system,employees.csv,153,153,Felipe,Fernandez,D005,Operations,Permanent,110541.92,,,,,Good,Good,Fair,Fair,Good,0
2026-06-29,legacy_hr_system,employees.csv,154,154,Julieta,Mendoza,D002,Human Resources,Permanent,142769.08,,,,,Good,Excellent,Excellent,Excellent,Fair,0
2026-06-29,legacy_hr_system,employees.csv,155,155,Violeta,Guzman,D001,Finance,Permanent,96815.24,,,,,Excellent,Good,Good,Good,Good,0
2026-06-29,legacy_hr_system,employees.csv,156,156,Tiziano Valentin,Diaz,D003,IT,Contractor,,2810.55,4014.64,30-99887766-1,Delta Consulting,Good,Good,Good,Fair,Good,0
2026-06-29,legacy_hr_system,employees.csv,157,157,Valentina,Gomez,D001,Finance,Permanent,122456.22,,,,,Good,Good,Fair,Poor,Good,0
2026-06-29,legacy_hr_system,employees.csv,158,158,Fausto,Cruz,D001,Finance,Permanent,189439.76,,,,,Excellent,Good,Poor,Good,Good,0
2026-06-29,legacy_hr_system,employees.csv,159,159,Lola,Rios,D001,Finance,Permanent,63982.04,,,,,Good,Fair,Fair,Good,Fair,0
2026-06-29,legacy_hr_system,employees.csv,160,160,Felipe,Soria,D005,Operations,Permanent,140587.81,,,,,Good,Good,Excellent,Good,Poor,0
2026-06-29,legacy_hr_system,employees.csv,161,161,Santino Ezequiel,Bravo,D004,Sales,Permanent,71618.52,,,,,Poor,Excellent,Good,Fair,Good,0
2026-06-29,legacy_hr_system,employees.csv,162,162,Nina,Lucero,D005,Operations,Permanent,105842.04,,,,,Good,Fair,Excellent,Good,Excellent,0
2026-06-29,legacy_hr_system,employees.csv,163,163,Benjamin,Ponce,D005,Operations,Contractor,,3871.16,4564.28,30-87654321-0,Beta Consulting,Fair,Excellent,Good,Fair,Poor,0
2026-06-29,legacy_hr_system,employees.csv,164,164,Ignacio,Soria,D004,Sales,Permanent,87667.66,,,,,Good,Poor,Fair,Poor,Excellent,0
2026-06-29,legacy_hr_system,employees.csv,165,165,Benjamin Ezequiel,Guzman,D005,Operations,Contractor,,2427.76,5179.6,30-99887766-1,Delta Consulting,Fair,Fair,Good,Good,Excellent,0
2026-06-29,legacy_hr_system,employees.csv,166,166,Nina,Perez,D005,Operations,Permanent,98089.0,,,,,Good,Good,Fair,Good,Excellent,0
2026-06-29,legacy_hr_system,employees.csv,167,167,Maia,Gomez,D001,Finance,Permanent,126493.76,,,,,Fair,Good,Poor,Excellent,Good,1
2026-06-29,legacy_hr_system,employees.csv,168,168,Luna,Mendez,D002,Human Resources,Contractor,,3036.46,3848.4,30-11223344-5,Gamma Consulting,Poor,Good,Good,Good,Good,0
2026-06-29,legacy_hr_system,employees.csv,169,169,Delfina,Maldonado,D002,Human Resources,Permanent,184318.32,,,,,Poor,Fair,Good,Fair,Excellent,0
2026-06-29,legacy_hr_system,employees.csv,170,170,Malena,Sanchez,D004,Sales,Contractor,,3507.14,2474.86,30-87654321-0,Beta Consulting,Fair,Good,Good,Poor,Excellent,0
2026-06-29,legacy_hr_system,employees.csv,171,171,Violeta,Martinez,D002,Human Resources,Permanent,125593.63,,,,,Fair,Good,Excellent,Good,Good,0
2026-06-29,legacy_hr_system,employees.csv,172,172,Benjamin,Lopez,D004,Sales,Contractor,,2470.57,5352.43,30-99887766-1,Delta Consulting,Excellent,Fair,Good,Good,Good,0
2026-06-29,legacy_hr_system,employees.csv,173,173,Ignacio,Guzman,D002,Human Resources,Permanent,96224.38,,,,,Excellent,Good,Good,Excellent,Good,0
2026-06-29,legacy_hr_system,employees.csv,174,174,Nahiara,Garcia,D003,IT,Permanent,116557.91,,,,,Good,Good,Poor,Good,Good,0
2026-06-29,legacy_hr_system,employees.csv,175,175,Santino Benjamin,Ruiz,D004,Sales,Contractor,,3403.99,,30-11223344-5,Gamma Consulting,Fair,Good,Excellent,Good,Good,0
2026-06-29,legacy_hr_system,employees.csv,176,176,Lautaro Gabriel,Rojas,D005,Operations,Contractor,,2039.76,4165.5,30-11223344-5,Gamma Consulting,Excellent,Good,Good,Good,Fair,0
2026-06-29,legacy_hr_system,employees.csv,177,177,Luisana,Gomez,D004,Sales,Contractor,,2620.04,3846.67,30-87654321-0,Beta Consulting,Excellent,Fair,Good,Good,Excellent,0
2026-06-29,legacy_hr_system,employees.csv,178,178,Faustino,Lopez,D001,Finance,Permanent,172963.63,,,,,Good,Good,Fair,Good,Excellent,0
2026-06-29,legacy_hr_system,employees.csv,179,179,Luisina,Perez,D003,IT,Permanent,132149.45,,,,,Fair,Fair,Good,Excellent,Good,1
2026-06-29,legacy_hr_system,employees.csv,180,180,Santino,Benitez,D004,Sales,Contractor,,1991.29,5417.86,30-99887766-1,Delta Consulting,Good,Excellent,Good,Good,Fair,0
2026-06-29,legacy_hr_system,employees.csv,181,181,Sebastian,Sanchez,D001,Finance,Contractor,,4697.72,5532.47,30-12345678-9,Alpha Consulting,Good,Poor,Excellent,Good,Excellent,0
2026-06-29,legacy_hr_system,employees.csv,182,182,Sofía,Gutierrez,D003,IT,Permanent,74418.9,,,,,Good,Good,Good,Good,Excellent,0
2026-06-29,legacy_hr_system,employees.csv,183,183,Olivia,Silva,D003,IT,Contractor,,2612.61,5766.91,30-99887766-1,Delta Consulting,Good,Poor,Poor,Excellent,Good,0
2026-06-29,legacy_hr_system,employees.csv,184,184,Valentina,Vega,D002,Human Resources,Contractor,,2433.86,4943.82,30-87654321-0,Beta Consulting,Fair,Good,Good,Excellent,Good,0
2026-06-29,legacy_hr_system,employees.csv,185,185,Benjamin,Blanco,D003,IT,Permanent,143239.02,,,,,Good,Good,Good,Poor,Good,0
2026-06-29,legacy_hr_system,employees.csv,186,186,Mateo Benjamin,Muñoz,D005,Operations,Permanent,92192.09,,,,,Good,Good,Good,Poor,Excellent,0
2026-06-29,legacy_hr_system,employees.csv,187,187,Thiago Nicolas,Carrizo,D005,Operations,Permanent,118214.24,,,,,Good,Good,Good,Good,Poor,0
2026-06-29,legacy_hr_system,employees.csv,188,188,Guadalupe,Rodriguez,D004,Sales,Permanent,22761.98,,,,,Excellent,Excellent,Excellent,Fair,Poor,0
2026-06-29,legacy_hr_system,employees.csv,189,189,Vicente,Romero,D003,IT,Contractor,,2180.49,4247.43,30-12345678-9,Alpha Consulting,Good,Good,Good,Excellent,Fair,0
2026-06-29,legacy_hr_system,employees.csv,190,190,Josefina,Farias,D002,Human Resources,Contractor,,2001.77,,30-87654321-0,Beta Consulting,Excellent,Good,Excellent,Fair,Excellent,0
2026-06-29,legacy_hr_system,employees.csv,191,191,Joaquín,Garcia,D003,IT,Permanent,77095.76,,,,,Poor,Excellent,Fair,Excellent,Good,0
2026-06-29,legacy_hr_system,employees.csv,192,192,Josefina,Ramirez,D004,Sales,Permanent,106798.67,,,,,Fair,Fair,Excellent,Poor,Good,0
2026-06-29,legacy_hr_system,employees.csv,193,193,Lola,Garcia,D005,Operations,Permanent,123922.22,,,,,Fair,Fair,Good,Excellent,Poor,0
2026-06-29,legacy_hr_system,employees.csv,194,194,Juan Ignacio,Flores,D001,Finance,Contractor,,4153.02,3064.14,30-87654321-0,Beta Consulting,Good,Excellent,Poor,Good,Poor,0
2026-06-29,legacy_hr_system,employees.csv,195,195,Nahiara Jazmin,Peralta,D003,IT,Contractor,,3930.53,4510.23,30-11223344-5,Gamma Consulting,Excellent,Poor,Good,Good,Good,0
2026-06-29,legacy_hr_system,employees.csv,196,196,Alvaro,Cabrera,D002,Human Resources,Permanent,90554.74,,,,,Good,Excellent,Good,Poor,Good,1
2026-06-29,legacy_hr_system,employees.csv,197,197,Julieta,Molina,D001,Finance,Contractor,,3369.68,4699.06,30-12345678-9,Alpha Consulting,Excellent,Poor,Fair,Good,Good,0
2026-06-29,legacy_hr_system,employees.csv,198,198,Benjamin,Garcia,D005,Operations,Contractor,,2519.83,4569.8,30-99887766-1,Delta Consulting,Fair,Good,Good,Good,Good,0
2026-06-29,legacy_hr_system,employees.csv,199,199,Pedro,Silva,D004,Sales,Permanent,108440.59,,,,,Excellent,Excellent,Good,Good,Good,0
2026-06-29,legacy_hr_system,employees.csv,200,200,Ambar,Medina,D003,IT,Contractor,,3090.81,5162.13,30-11223344-5,Gamma Consulting,Fair,Fair,Poor,Excellent,Good,0
2026-06-29,legacy_hr_system,employees.csv,201,201,Simon,Diaz,D003,IT,Permanent,167580.5,,,,,Excellent,Good,Excellent,Excellent,Poor,0
2026-06-29,legacy_hr_system,employees.csv,202,202,Agustin,Mendoza,D004,Sales,Permanent,82865.54,,,,,Fair,Excellent,Good,Good,Good,0
2026-06-29,legacy_hr_system,employees.csv,203,203,Violeta,Lopez,D004,Sales,Contractor,,4706.43,2547.91,30-99887766-1,Delta Consulting,Good,Good,Excellent,Poor,Good,1
2026-06-29,legacy_hr_system,employees.csv,204,204,Catalina,Gutierrez,D002,Human Resources,Permanent,115446.45,,,,,Excellent,Good,Good,Fair,Good,0
2026-06-29,legacy_hr_system,employees.csv,205,205,Juan Manuel,Romero,D001,Finance,Contractor,,3470.65,4780.99,30-99887766-1,Delta Consulting,Excellent,Good,Good,Good,Excellent,0
2026-06-29,legacy_hr_system,employees.csv,206,206,Sara,Cardozo,D005,Operations,Permanent,101319.01,,,,,Good,Excellent,Good,Fair,Good,1
2026-06-29,legacy_hr_system,employees.csv,207,207,Felicitas,Martinez,D005,Operations,Permanent,113756.33,,,,,Poor,Good,Fair,Good,Poor,0
2026-06-29,legacy_hr_system,employees.csv,208,208,Sofia,Gonzalez,D002,Human Resources,Contractor,,2605.6,3910.64,30-99887766-1,Delta Consulting,Good,Excellent,Excellent,Good,Good,0
2026-06-29,legacy_hr_system,employees.csv,209,209,Emma,Herrera,D005,Operations,Contractor,,3679.68,4857.02,30-87654321-0,Beta Consulting,Good,Good,Excellent,Poor,Fair,0
2026-06-29,legacy_hr_system,employees.csv,210,210,Juan Francisco,Rodriguez,D003,IT,Permanent,99212.71,,,,,Good,Good,Good,Good,Excellent,0
2026-06-29,legacy_hr_system,employees.csv,211,211,Renata,Morales,D001,Finance,Contractor,,3719.68,4807.3,30-11223344-5,Gamma Consulting,Fair,Fair,Good,Excellent,Good,1
2026-06-29,legacy_hr_system,employees.csv,212,212,Santiago,Quiroga,D005,Operations,Permanent,144385.86,,,,,Fair,Good,Excellent,Good,Good,0
2026-06-29,legacy_hr_system,employees.csv,213,213,Morena,Martinez,D002,Human Resources,Contractor,,3503.7,3671.0,30-87654321-0,Beta Consulting,Excellent,Poor,Excellent,Excellent,Good,0
2026-06-29,legacy_hr_system,employees.csv,214,214,Ambar,Gonzalez,D002,Human Resources,Permanent,103194.57,,,,,Fair,Poor,Fair,Fair,Excellent,0
2026-06-29,legacy_hr_system,employees.csv,215,215,Gonzalo,Vazquez,D002,Human Resources,Permanent,142418.81,,,,,Poor,Good,Good,Poor,Good,0
2026-06-29,legacy_hr_system,employees.csv,216,216,Santino,Flores,D005,Operations,Permanent,138311.11,,,,,Fair,Fair,Good,Good,Good,0
2026-06-29,legacy_hr_system,employees.csv,217,217,Joaquin,Campos,D002,Human Resources,Permanent,119372.95,,,,,Good,Poor,Poor,Fair,Fair,0
2026-06-29,legacy_hr_system,employees.csv,218,218,Maximo,Rodriguez,D004,Sales,Permanent,123519.82,,,,,Good,Poor,Fair,Good,Excellent,0
2026-06-29,legacy_hr_system,employees.csv,219,219,Valentina,Farias,D004,Sales,Contractor,,4022.13,3908.43,30-99887766-1,Delta Consulting,Fair,Poor,Fair,Good,Good,0
2026-06-29,legacy_hr_system,employees.csv,220,220,Facundo,Figueroa,D003,IT,Contractor,,3437.68,4297.81,30-11223344-5,Gamma Consulting,Fair,Good,Fair,Good,Good,0
2026-06-29,legacy_hr_system,employees.csv,221,221,Valentina ,Olivera,D001,Finance,Contractor,,2825.86,5598.78,30-87654321-0,Beta Consulting,Good,Good,Good,Good,Excellent,0
2026-06-29,legacy_hr_system,employees.csv,222,222,Mia,Duarte,D004,Sales,Permanent,144762.49,,,,,Fair,Excellent,Good,Poor,Good,1
2026-06-29,legacy_hr_system,employees.csv,223,223,Uma,Cabrera,D004,Sales,Permanent,,,,,,Excellent,Poor,Good,Good,Poor,0
2026-06-29,legacy_hr_system,employees.csv,224,224,Lucio,Gimenez,D005,Operations,Permanent,159164.36,,,,,Fair,Fair,Excellent,Poor,Good,0
2026-06-29,legacy_hr_system,employees.csv,225,225,Ludmila,Molina,D001,Finance,Contractor,,3016.8,5181.95,30-99887766-1,Delta Consulting,Fair,Excellent,Fair,Fair,Good,0
2026-06-29,legacy_hr_system,employees.csv,226,226,Alfonsina,Villalba,D003,IT,Permanent,110692.0,,,,,Excellent,Poor,Good,Poor,Good,0
2026-06-29,legacy_hr_system,employees.csv,227,227,Agustin,Perez,D002,Human Resources,Contractor,,3259.33,4369.86,30-99887766-1,Delta Consulting,Good,Fair,Good,Fair,Good,0
2026-06-29,legacy_hr_system,employees.csv,228,228,Emma,Godoy,D001,Finance,Contractor,,3077.6,5095.16,30-11223344-5,Gamma Consulting,Good,Fair,Excellent,Fair,Fair,0
2026-06-29,legacy_hr_system,employees.csv,229,229,Bautista Benjamin,Pereyra,D005,Operations,Permanent,95453.38,,,,,Good,Excellent,Poor,Good,Poor,0
2026-06-29,legacy_hr_system,employees.csv,230,230,Lucía,Perez,D004,Sales,Permanent,182771.62,,,,,Fair,Poor,Good,Fair,Excellent,0
2026-06-29,legacy_hr_system,employees.csv,231,231,Bautista,Garcia,D002,Human Resources,Permanent,89819.48,,,,,Excellent,Good,Good,Good,Fair,0
2026-06-29,legacy_hr_system,employees.csv,232,232,Victoria,Sanchez,D003,IT,Contractor,,2028.65,5658.11,30-11223344-5,Gamma Consulting,Good,Good,Poor,Good,Good,1
2026-06-29,legacy_hr_system,employees.csv,233,233,Juan Pablo,Fernandez,D003,IT,Permanent,143749.88,,,,,Good,Good,Good,Good,Good,0
2026-06-29,legacy_hr_system,employees.csv,234,234,Francisco,Ledesma,D005,Operations,Contractor,,3499.3,5128.35,30-12345678-9,Alpha Consulting,Good,Good,Good,Poor,Excellent,0
2026-06-29,legacy_hr_system,employees.csv,235,235,Lucia,Rodriguez,D005,Operations,Permanent,119632.6,,,,,Good,Excellent,Fair,Good,Good,0
2026-06-29,legacy_hr_system,employees.csv,236,236,Lola,Molina,D004,Sales,Permanent,93082.37,,,,,Good,Fair,Good,Good,Good,0
2026-06-29,legacy_hr_system,employees.csv,237,237,Ciro,Diaz,D004,Sales,Contractor,,3060.64,3822.84,30-11223344-5,Gamma Consulting,Fair,Good,Fair,Fair,Good,0
2026-06-29,legacy_hr_system,employees.csv,238,238,Ciro,Barrios,D003,IT,Contractor,,3780.1,4352.94,30-12345678-9,Alpha Consulting,Poor,Excellent,Poor,Excellent,Good,0
2026-06-29,legacy_hr_system,employees.csv,239,239,Maria Victoria,Ledesma,D004,Sales,Permanent,95235.08,,,,,Fair,Good,Poor,Good,Excellent,1
2026-06-29,legacy_hr_system,employees.csv,240,240,Jazmín,Vazquez,D005,Operations,Permanent,110358.42,,,,,Fair,Excellent,Poor,Good,Excellent,1
2026-06-29,legacy_hr_system,employees.csv,241,241,Olivia,Gonzalez,D001,Finance,Contractor,,3330.35,3936.28,30-11223344-5,Gamma Consulting,Good,Fair,Good,Good,Good,0
2026-06-29,legacy_hr_system,employees.csv,242,242,Lautaro,Navarro,D002,Human Resources,Permanent,95333.39,,,,,Poor,Fair,Excellent,Fair,Good,0
2026-06-29,legacy_hr_system,employees.csv,243,243,Elena,Moyano,D001,Finance,Permanent,127310.62,,,,,Excellent,Good,Good,Good,Fair,0
2026-06-29,legacy_hr_system,employees.csv,244,244,Ciro,Cardozo,D001,Finance,Permanent,127349.0,,,,,Good,Good,Fair,Excellent,Good,0
2026-06-29,legacy_hr_system,employees.csv,245,245,Manuel,Juarez,D005,Operations,Permanent,104791.7,,,,,Good,Good,Good,Good,Excellent,0
2026-06-29,legacy_hr_system,employees.csv,246,246,Delfina,Diaz,D002,Human Resources,Permanent,105868.85,,,,,Good,Good,Good,Fair,Excellent,0
2026-06-29,legacy_hr_system,employees.csv,247,247,Lorenzo,Gonzalez,D005,Operations,Permanent,126961.5,,,,,Poor,Poor,Good,Fair,Good,0
2026-06-29,legacy_hr_system,employees.csv,248,248,Alma,Peralta,D002,Human Resources,Permanent,76557.47,,,,,Excellent,Good,Good,Good,Fair,0
2026-06-29,legacy_hr_system,employees.csv,249,249,Lola,Lopez,D004,Sales,Contractor,,1874.03,3781.56,30-99887766-1,Delta Consulting,Poor,Good,Excellent,Good,Good,0
2026-06-29,legacy_hr_system,employees.csv,250,250,Valentin,Fernandez,D004,Sales,Contractor,,2829.24,4810.91,30-12345678-9,Alpha Consulting,Good,Fair,Excellent,Good,Good,0
2026-06-29,legacy_hr_system,employees.csv,251,251,Julian,Gonzalez,D001,Finance,Permanent,164260.69,,,,,Fair,Fair,Good,Good,Fair,0
2026-06-29,legacy_hr_system,employees.csv,252,252,Camila,Ortiz,D001,Finance,Permanent,145729.79,,,,,Excellent,Fair,Fair,Fair,Poor,0
2026-06-29,legacy_hr_system,employees.csv,253,253,Martina,Moreno,D002,Human Resources,Permanent,115201.84,,,,,Good,Good,Good,Good,Good,0
2026-06-29,legacy_hr_system,employees.csv,254,254,Valentino,Medina,D003,IT,Permanent,119429.51,,,,,Good,Excellent,Poor,Good,Fair,1
2026-06-29,legacy_hr_system,employees.csv,255,255,Isabella,Alvarez,D003,IT,Permanent,89924.12,,,,,Excellent,Fair,Fair,Excellent,Good,0
2026-06-29,legacy_hr_system,employees.csv,256,256,Delfina,Romero,D004,Sales,Permanent,119444.61,,,,,Excellent,Good,Good,Good,Good,1
2026-06-29,legacy_hr_system,employees.csv,257,257,Paulina,Alvarez,D003,IT,Permanent,111340.24,,,,,Fair,Poor,Good,Good,Excellent,0
2026-06-29,legacy_hr_system,employees.csv,258,258,Gonzalo,Rivero,D002,Human Resources,Permanent,129681.56,,,,,Good,Excellent,Fair,Poor,Poor,0
2026-06-29,legacy_hr_system,employees.csv,259,259,Valentina,Rodriguez,D001,Finance,Contractor,,2338.22,5019.35,30-12345678-9,Alpha Consulting,Fair,Good,Fair,Good,Fair,0
2026-06-29,legacy_hr_system,employees.csv,260,260,Benjamin,Rojas,D005,Operations,Permanent,165982.17,,,,,Excellent,Good,Poor,Poor,Good,0
2026-06-29,legacy_hr_system,employees.csv,261,261,Angel Gabriel,Sosa,D005,Operations,Permanent,116737.2,,,,,Excellent,Good,Good,Poor,Excellent,0
2026-06-29,legacy_hr_system,employees.csv,262,262,Lara,Vargas,D004,Sales,Contractor,,3321.37,5190.14,30-87654321-0,Beta Consulting,Excellent,Excellent,Excellent,Excellent,Good,0
2026-06-29,legacy_hr_system,employees.csv,263,263,Jeremias,Navarro,D003,IT,Contractor,,2679.02,4724.09,30-12345678-9,Alpha Consulting,Good,Good,Good,Poor,Good,0
2026-06-29,legacy_hr_system,employees.csv,264,264,Maria Guadalupe,Diaz,D001,Finance,Contractor,,3010.07,4597.68,30-12345678-9,Alpha Consulting,Excellent,Good,Good,Excellent,Excellent,0
2026-06-29,legacy_hr_system,employees.csv,265,265,Benjamin,Fernandez,D004,Sales,Contractor,,2381.59,4524.51,30-11223344-5,Gamma Consulting,Good,Fair,Excellent,Good,Excellent,0
2026-06-29,legacy_hr_system,employees.csv,266,266,Juan Ignacio,Carrizo,D005,Operations,Permanent,134939.95,,,,,Excellent,Excellent,Poor,Fair,Good,0
2026-06-29,legacy_hr_system,employees.csv,267,267,Tiziano,Diaz,D003,IT,Permanent,163534.31,,,,,Good,Excellent,Fair,Fair,Poor,0
2026-06-29,legacy_hr_system,employees.csv,268,268,Constanza,Vazquez,D005,Operations,Permanent,148778.12,,,,,Fair,Good,Fair,Good,Fair,0
2026-06-29,legacy_hr_system,employees.csv,269,269,Mateo,Juarez,D001,Finance,Permanent,184595.47,,,,,Poor,Excellent,Good,Fair,Good,0
2026-06-29,legacy_hr_system,employees.csv,270,270,Lautaro Ezequiel,Gomez,D005,Operations,Permanent,96979.57,,,,,Fair,Excellent,Good,Poor,Good,0
2026-06-29,legacy_hr_system,employees.csv,271,271,Sara,Soto,D004,Sales,Permanent,146169.62,,,,,Good,Good,Excellent,Good,Fair,0
2026-06-29,legacy_hr_system,employees.csv,272,272,Santino,Gonzalez,D001,Finance,Permanent,125500.26,,,,,Good,Fair,Excellent,Good,Good,0
2026-06-29,legacy_hr_system,employees.csv,273,273,Josefina,Peralta,D003,IT,Permanent,,,,,,Fair,Excellent,Excellent,Good,Good,0
2026-06-29,legacy_hr_system,employees.csv,274,274,Gino,Ruiz,D001,Finance,Permanent,95751.05,,,,,Good,Excellent,Good,Good,Good,0
2026-06-29,legacy_hr_system,employees.csv,275,275,Thiago Agustin,Rodriguez,D004,Sales,Contractor,,2328.22,3900.61,30-87654321-0,Beta Consulting,Good,Excellent,Good,Excellent,Good,0
2026-06-29,legacy_hr_system,employees.csv,276,276,Helena,Morales,D001,Finance,Permanent,56283.13,,,,,Good,Good,Fair,Good,Poor,0
2026-06-29,legacy_hr_system,employees.csv,277,277,Santino,Ramos,D004,Sales,Permanent,104227.35,,,,,Excellent,Excellent,Good,Poor,Good,0
2026-06-29,legacy_hr_system,employees.csv,278,278,Mia Jazmin,Juarez,D003,IT,Permanent,97226.02,,,,,Good,Fair,Good,Good,Good,0
2026-06-29,legacy_hr_system,employees.csv,279,279,Juan Ignacio,Velazquez,D002,Human Resources,Permanent,124511.81,,,,,Excellent,Good,Good,Fair,Good,1
2026-06-29,legacy_hr_system,employees.csv,280,280,Sofia Belen,Sosa,D002,Human Resources,Permanent,130252.68,,,,,Good,Fair,Good,Poor,Excellent,1
2026-06-29,legacy_hr_system,employees.csv,281,281,Pedro,Torres,D002,Human Resources,Contractor,,4500.94,5450.42,30-12345678-9,Alpha Consulting,Poor,Good,Fair,Good,Good,0
2026-06-29,legacy_hr_system,employees.csv,282,282,Juan Bautista,Romero,D004,Sales,Contractor,,2538.48,3601.59,30-87654321-0,Beta Consulting,Good,Good,Good,Fair,Fair,0
2026-06-29,legacy_hr_system,employees.csv,283,283,Juan Francisco,Paz,D005,Operations,Permanent,134757.58,,,,,Good,Good,Poor,Good,Good,0
2026-06-29,legacy_hr_system,employees.csv,284,284,Santino,Campos,D003,IT,Contractor,,1943.81,6331.46,30-12345678-9,Alpha Consulting,Excellent,Good,Good,Excellent,Good,0
2026-06-29,legacy_hr_system,employees.csv,285,285,Juan Manuel,Rivero,D004,Sales,Contractor,,3943.55,4030.82,30-11223344-5,Gamma Consulting,Poor,Good,Excellent,Good,Good,0
2026-06-29,legacy_hr_system,employees.csv,286,286,Lucia,Benitez,D005,Operations,Unknown,,1629.49,5853.87,30-87654321-0,Beta Consulting,Good,Good,Fair,Good,Good,0
2026-06-29,legacy_hr_system,employees.csv,287,287,Maria Paz,Martin,D001,Finance,Permanent,116563.8,,,,,Good,Poor,Excellent,Fair,Fair,0
2026-06-29,legacy_hr_system,employees.csv,288,288,Victoria,Cordoba,D003,IT,Permanent,157134.49,,,,,Good,Good,Good,Good,Good,0
2026-06-29,legacy_hr_system,employees.csv,289,289,Mateo Benjamin,Suarez,D003,IT,Permanent,72167.17,,,,,Fair,Excellent,Good,Excellent,Fair,1
2026-06-29,legacy_hr_system,employees.csv,290,290,Lorenzo,Ojeda,D002,Human Resources,Permanent,102018.75,,,,,Good,Good,Good,Good,Fair,0
2026-06-29,legacy_hr_system,employees.csv,291,291,Thiago Benjamin,Roldan,D002,Human Resources,Contractor,,3004.19,4546.98,30-99887766-1,Delta Consulting,Good,Fair,Fair,Good,Good,0
2026-06-29,legacy_hr_system,employees.csv,292,292,Ludmila,Rodriguez,D002,Human Resources,Permanent,106498.04,,,,,Fair,Fair,Excellent,Excellent,Fair,0
2026-06-29,legacy_hr_system,employees.csv,293,293,Justina,Martinez,D003,IT,Permanent,138685.5,,,,,Excellent,Good,Good,Poor,Good,0
2026-06-29,legacy_hr_system,employees.csv,294,294,Valentin,Cabrera,D004,Sales,Permanent,87971.39,,,,,Good,Fair,Good,Fair,Fair,0
2026-06-29,legacy_hr_system,employees.csv,295,295,Olivia,Gonzalez,D005,Operations,Permanent,115728.62,,,,,Good,Good,Good,Excellent,Good,0
2026-06-29,legacy_hr_system,employees.csv,296,296,Mia Jazmin,Lopez,D004,Sales,Permanent,123608.87,,,,,Excellent,Good,Excellent,Good,Good,0
2026-06-29,legacy_hr_system,employees.csv,297,297,Delfina,Figueroa,D002,Human Resources,Permanent,135433.17,,,,,Good,Excellent,Good,Good,Excellent,0
2026-06-29,legacy_hr_system,employees.csv,298,298,Alma,Lucero,D001,Finance,Permanent,141348.45,,,,,Excellent,Good,Good,Good,Good,0
2026-06-29,legacy_hr_system,employees.csv,299,299,Constanza,Perez,D004,Sales,Permanent,86260.74,,,,,Excellent,Excellent,Fair,Good,Good,0
2026-06-29,legacy_hr_system,employees.csv,300,300,Benjamin,Duarte,D002,Human Resources,Contractor,,1772.71,5777.68,30-99887766-1,Delta Consulting,Good,Excellent,Excellent,Fair,Fair,0
2026-06-29,legacy_hr_system,employees.csv,301,301,Catalina,Muñoz,D001,Finance,Contractor,,3265.85,3751.51,30-99887766-1,Delta Consulting,Good,Poor,Excellent,Fair,Fair,0
2026-06-29,legacy_hr_system,employees.csv,302,302,Pilar,Navarro,D001,Finance,Permanent,166534.56,,,,,Good,Fair,Good,Poor,Fair,0
2026-06-29,legacy_hr_system,employees.csv,303,303,Helena,Moreno,D005,Operations,Contractor,,3092.54,5679.3,30-99887766-1,Delta Consulting,Excellent,Excellent,Good,Good,Excellent,0
2026-06-29,legacy_hr_system,employees.csv,304,304,Morena,Arias,D003,IT,Permanent,122025.55,,,,,Excellent,Poor,Good,Good,Poor,0
2026-06-29,legacy_hr_system,employees.csv,305,305,Catalina,Diaz,D001,Finance,Permanent,181822.44,,,,,Fair,Good,Excellent,Good,Good,0
2026-06-29,legacy_hr_system,employees.csv,306,306,Helena,Sanchez,D002,Human Resources,Permanent,172660.23,,,,,Fair,Fair,Fair,Good,Good,0
2026-06-29,legacy_hr_system,employees.csv,307,307,Clara,Herrera,D003,IT,Contractor,,2800.83,5471.57,30-99887766-1,Delta Consulting,Good,Good,Fair,Excellent,Good,0
2026-06-29,legacy_hr_system,employees.csv,308,308,Julia,Flores,D003,IT,Permanent,139361.28,,,,,Good,Good,Fair,Fair,Excellent,1
2026-06-29,legacy_hr_system,employees.csv,309,309,Thiago Valentin,Romero,D003,IT,Contractor,,4094.91,3535.08,30-99887766-1,Delta Consulting,Good,Good,Good,Good,Fair,0
2026-06-29,legacy_hr_system,employees.csv,310,310,Federico,Perez,D005,Operations,Permanent,140581.54,,,,,Fair,Fair,Fair,Fair,Excellent,0
2026-06-29,legacy_hr_system,employees.csv,311,311,Valentina,Gomez,D004,Sales,Permanent,151752.73,,,,,Poor,Excellent,Good,Poor,Good,1
2026-06-29,legacy_hr_system,employees.csv,312,312,Santiago,Gomez,D002,Human Resources,Contractor,,1593.01,3316.74,30-11223344-5,Gamma Consulting,Excellent,Poor,Good,Good,Good,0
2026-06-29,legacy_hr_system,employees.csv,313,313,Mateo Benjamin,Coronel,D002,Human Resources,Permanent,58823.03,,,,,Good,Fair,Fair,Good,Excellent,0
2026-06-29,legacy_hr_system,employees.csv,314,314,Santiago,Diaz,D002,Human Resources,Permanent,111917.79,,,,,Excellent,Good,Good,Excellent,Good,0
2026-06-29,legacy_hr_system,employees.csv,315,315,Pilar,Muñoz,D004,Sales,Contractor,,3574.03,,30-99887766-1,Delta Consulting,Excellent,Good,Fair,Excellent,Good,1
2026-06-29,legacy_hr_system,employees.csv,316,316,Maria Belen,Pereyra,D002,Human Resources,Permanent,122222.84,,,,,Fair,Fair,Good,Good,Excellent,0
2026-06-29,legacy_hr_system,employees.csv,317,317,Emilia,Gomez,D005,Operations,Contractor,,4302.89,3119.9,30-99887766-1,Delta Consulting,Good,Good,Fair,Poor,Good,0
2026-06-29,legacy_hr_system,employees.csv,318,318,Santiago,Martinez,D002,Human Resources,Permanent,68898.53,,,,,Excellent,Fair,Good,Good,Poor,0
2026-06-29,legacy_hr_system,employees.csv,319,319,Joaquin,Gonzalez,D002,Human Resources,Permanent,118333.57,,,,,Good,Good,Good,Fair,Good,1
2026-06-29,legacy_hr_system,employees.csv,320,320,Mateo Benjamin,Perez,D001,Finance,Contractor,,3307.25,4467.31,30-11223344-5,Gamma Consulting,Good,Good,Excellent,Good,Good,0
2026-06-29,legacy_hr_system,employees.csv,321,321,Martin,Castro,D002,Human Resources,Permanent,57976.74,,,,,Excellent,Good,Good,Good,Poor,1
2026-06-29,legacy_hr_system,employees.csv,322,322,Genaro,Fernandez,D003,IT,Permanent,117326.4,,,,,Fair,Good,Good,Good,Fair,1
2026-06-29,legacy_hr_system,employees.csv,323,323,Joaquina,Aguirre,D001,Finance,Permanent,80865.91,,,,,Excellent,Good,Excellent,Excellent,Fair,0
2026-06-29,legacy_hr_system,employees.csv,324,324,Luna,Silva,D005,Operations,Contractor,,3535.74,4866.6,30-99887766-1,Delta Consulting,Fair,Excellent,Good,Good,Good,0
2026-06-29,legacy_hr_system,employees.csv,325,325,Valentin,Benitez,D005,Operations,Contractor,,2248.1,3986.13,30-87654321-0,Beta Consulting,Good,Good,Good,Fair,Good,0
2026-06-29,legacy_hr_system,employees.csv,326,326,Santiago,Rodriguez,D004,Sales,Contractor,,2152.63,4437.32,30-87654321-0,Beta Consulting,Excellent,Excellent,Good,Good,Good,0
2026-06-29,legacy_hr_system,employees.csv,327,327,Nahiara Jazmin,Suarez,D002,Human Resources,Permanent,148654.27,,,,,Fair,Fair,Excellent,Poor,Good,0
2026-06-29,legacy_hr_system,employees.csv,328,328,Gael,Ruiz,D003,IT,Permanent,90428.22,,,,,Excellent,Fair,Good,Fair,Fair,0
2026-06-29,legacy_hr_system,employees.csv,329,329,Bautista,Morales,D004,Sales,Permanent,135121.4,,,,,Excellent,Fair,Good,Excellent,Good,0
2026-06-29,legacy_hr_system,employees.csv,330,330,Isabella,Fernandez,D004,Sales,Contractor,,2575.79,3707.13,30-87654321-0,Beta Consulting,Good,Good,Excellent,Good,Fair,0
2026-06-29,legacy_hr_system,employees.csv,331,331,Lucas,Sanchez,D005,Operations,Permanent,116789.09,,,,,Fair,Excellent,Excellent,Good,Poor,0
2026-06-29,legacy_hr_system,employees.csv,332,332,Priscila,Gomez,D001,Finance,Permanent,88942.73,,,,,Poor,Fair,Good,Good,Good,0
2026-06-29,legacy_hr_system,employees.csv,333,333,Bautista Benjamin,Juarez,D003,IT,Unknown,,2557.08,3302.12,30-11223344-5,Gamma Consulting,Excellent,Good,Excellent,Good,Good,0
2026-06-29,legacy_hr_system,employees.csv,334,334,Sol,Martinez,D004,Sales,Permanent,178941.75,,,,,Good,Good,Fair,Good,Good,0
2026-06-29,legacy_hr_system,employees.csv,335,335,Maximo,Acosta,D002,Human Resources,Permanent,121057.91,,,,,Fair,Fair,Good,Good,Poor,1
2026-06-29,legacy_hr_system,employees.csv,336,336,Simon,Mendez,D002,Human Resources,Contractor,,2440.22,4713.98,30-87654321-0,Beta Consulting,Excellent,Poor,Excellent,Good,Good,0
2026-06-29,legacy_hr_system,employees.csv,337,337,Juan Sebastian,Sanchez,D001,Finance,Contractor,,2910.14,4279.03,30-12345678-9,Alpha Consulting,Fair,Good,Fair,Good,Good,1
2026-06-29,legacy_hr_system,employees.csv,338,338,Julian,Cabrera,D004,Sales,Permanent,138425.0,,,,,Excellent,Poor,Fair,Excellent,Poor,1
2026-06-29,legacy_hr_system,employees.csv,339,339,Thiago Nicolas,Duarte,D005,Operations,Permanent,142725.23,,,,,Fair,Good,Fair,Good,Good,0
2026-06-29,legacy_hr_system,employees.csv,340,340,Sofia,Diaz,D004,Sales,Permanent,104084.97,,,,,Good,Good,Poor,Good,Good,0
2026-06-29,legacy_hr_system,employees.csv,341,341,Antonella,Fernandez,D004,Sales,Contractor,,2539.35,4224.95,30-11223344-5,Gamma Consulting,Good,Good,Excellent,Good,Fair,0
2026-06-29,legacy_hr_system,employees.csv,342,342,Joaquin,Rodriguez,D002,Human Resources,Permanent,50942.37,,,,,Good,Good,Excellent,Good,Fair,0
2026-06-29,legacy_hr_system,employees.csv,343,343,Benjamin,Acosta,D004,Sales,Permanent,74544.27,,,,,Excellent,Excellent,Good,Fair,Good,0
2026-06-29,legacy_hr_system,employees.csv,344,344,Mia,Garcia,D003,IT,Permanent,161006.23,,,,,Fair,Poor,Good,Excellent,Good,0
2026-06-29,legacy_hr_system,employees.csv,345,345,Francisco,Vega,D002,Human Resources,Permanent,169349.03,,,,,Good,Good,Fair,Good,Good,0
2026-06-29,legacy_hr_system,employees.csv,346,346,Federico,Acosta,D002,Human Resources,Permanent,112528.92,,,,,Excellent,Fair,Good,Excellent,Good,0
2026-06-29,legacy_hr_system,employees.csv,347,347,Luciano,Blanco,D001,Finance,Permanent,137296.71,,,,,Good,Fair,Excellent,Excellent,Poor,0
2026-06-29,legacy_hr_system,employees.csv,348,348,Maia,Morales,D002,Human Resources,Permanent,129337.5,,,,,Fair,Fair,Excellent,Poor,Excellent,1
2026-06-29,legacy_hr_system,employees.csv,349,349,Antonella,Maidana,D004,Sales,Contractor,,5463.1,5619.57,30-99887766-1,Delta Consulting,Good,Good,Good,Good,Poor,0
2026-06-29,legacy_hr_system,employees.csv,350,350,Pedro,Molina,D004,Sales,Contractor,,2897.67,3544.46,30-12345678-9,Alpha Consulting,Good,Good,Good,Good,Fair,0
2026-06-29,legacy_hr_system,employees.csv,351,351,Lara,Bustos,D001,Finance,Permanent,71806.61,,,,,Excellent,Excellent,Fair,Good,Good,0
2026-06-29,legacy_hr_system,employees.csv,352,352,Ezequiel,Rodriguez,D001,Finance,Contractor,,3162.77,3743.65,30-11223344-5,Gamma Consulting,Good,Fair,Good,Good,Good,0
2026-06-29,legacy_hr_system,employees.csv,353,353,Mateo,Sanchez,D001,Finance,Permanent,77332.39,,,,,Good,Fair,Fair,Excellent,Poor,0
2026-06-29,legacy_hr_system,employees.csv,354,354,Lautaro Ezequiel,Ortiz,D005,Operations,Contractor,,2482.74,3418.45,30-87654321-0,Beta Consulting,Excellent,Good,Good,Fair,Poor,0
2026-06-29,legacy_hr_system,employees.csv,355,355,Emilia,Gomez,D002,Human Resources,Permanent,170614.25,,,,,Poor,Good,Poor,Poor,Excellent,0
2026-06-29,legacy_hr_system,employees.csv,356,356,Luciano,Quiroga,D003,IT,Contractor,,3705.31,4492.03,30-11223344-5,Gamma Consulting,Poor,Excellent,Fair,Poor,Good,0
2026-06-29,legacy_hr_system,employees.csv,357,357,Thiago Joaquin,Gimenez,D002,Human Resources,Contractor,,4183.96,4577.37,30-99887766-1,Delta Consulting,Good,Excellent,Excellent,Excellent,Good,0
2026-06-29,legacy_hr_system,employees.csv,358,358,Morena,Rodriguez,D004,Sales,Permanent,94161.47,,,,,Poor,Good,Excellent,Fair,Poor,1
2026-06-29,legacy_hr_system,employees.csv,359,359,Martina,Benitez,D003,IT,Permanent,165693.72,,,,,Excellent,Fair,Excellent,Excellent,Good,0
2026-06-29,legacy_hr_system,employees.csv,360,360,Juan Cruz,Martinez,D001,Finance,Permanent,136167.3,,,,,Poor,Good,Excellent,Good,Excellent,0
2026-06-29,legacy_hr_system,employees.csv,361,361,Catalina,Soto,D004,Sales,Contractor,,2170.2,4309.66,30-99887766-1,Delta Consulting,Good,Excellent,Poor,Good,Poor,0
2026-06-29,legacy_hr_system,employees.csv,362,362,Miguel Angel,Silva,D002,Human Resources,Contractor,,2299.51,3117.2,30-87654321-0,Beta Consulting,Good,Fair,Good,Excellent,Excellent,0
2026-06-29,legacy_hr_system,employees.csv,363,363,Maria Guadalupe,Franco,D005,Operations,Permanent,147785.33,,,,,Poor,Poor,Excellent,Good,Poor,1
2026-06-29,legacy_hr_system,employees.csv,364,364,Felicitas,Perez,D002,Human Resources,Contractor,,4527.53,3101.43,30-12345678-9,Alpha Consulting,Poor,Excellent,Fair,Good,Poor,0
2026-06-29,legacy_hr_system,employees.csv,365,365,Martina,Navarro,D001,Finance,Contractor,,3450.38,3849.36,30-11223344-5,Gamma Consulting,Good,Good,Good,Excellent,Good,0
2026-06-29,legacy_hr_system,employees.csv,366,366,Valentin,Ferreyra,D001,Finance,Permanent,105386.24,,,,,Good,Good,Excellent,Good,Fair,0
2026-06-29,legacy_hr_system,employees.csv,367,367,Santino Gabriel,Lopez,D004,Sales,Permanent,102228.18,,,,,Good,Fair,Good,Good,Excellent,0
2026-06-29,legacy_hr_system,employees.csv,368,368,Maria Victoria,Godoy,D001,Finance,Permanent,94080.28,,,,,Good,Poor,Excellent,Excellent,Good,0
2026-06-29,legacy_hr_system,employees.csv,369,369,Morena,Gomez,D005,Operations,Contractor,,3038.82,,30-12345678-9,Alpha Consulting,Good,Poor,Fair,Fair,Good,0
2026-06-29,legacy_hr_system,employees.csv,370,370,Lautaro,Romero,D005,Operations,Contractor,,3216.37,4449.76,30-87654321-0,Beta Consulting,Excellent,Good,Poor,Good,Good,1
2026-06-29,legacy_hr_system,employees.csv,371,371,Valentina ,Mendez,D005,Operations,Permanent,112831.56,,,,,Good,Good,Excellent,Good,Fair,0
2026-06-29,legacy_hr_system,employees.csv,372,372,Ignacio,Ledesma,D003,IT,Permanent,92773.09,,,,,Excellent,Fair,Good,Good,Excellent,0
2026-06-29,legacy_hr_system,employees.csv,373,373,Emilia,Leiva,D003,IT,Contractor,,2538.58,5255.39,30-99887766-1,Delta Consulting,Fair,Good,Good,Good,Good,0
2026-06-29,legacy_hr_system,employees.csv,374,374,Zoe Valentina,Molina,D005,Operations,Permanent,135027.52,,,,,Good,Good,Excellent,Excellent,Good,0
2026-06-29,legacy_hr_system,employees.csv,375,375,Facundo,Sanchez,D003,IT,Permanent,90673.34,,,,,Excellent,Good,Excellent,Good,Fair,0
2026-06-29,legacy_hr_system,employees.csv,376,376,Juan Cruz,Valdez,D005,Operations,Permanent,122979.97,,,,,Excellent,Good,Good,Poor,Good,1
2026-06-29,legacy_hr_system,employees.csv,377,377,Lola,Gutierrez,D005,Operations,Contractor,,,2830.59,30-99887766-1,Delta Consulting,Good,Good,Fair,Excellent,Good,0
2026-06-29,legacy_hr_system,employees.csv,378,378,Constantino,Dominguez,D005,Operations,Contractor,,3434.69,3837.38,30-87654321-0,Beta Consulting,Excellent,Fair,Excellent,Poor,Poor,0
2026-06-29,legacy_hr_system,employees.csv,379,379,Juan Pablo,Ramirez,D002,Human Resources,Permanent,137117.96,,,,,Excellent,Good,Good,Fair,Excellent,0
2026-06-29,legacy_hr_system,employees.csv,380,380,Santiago,Sosa,D003,IT,Contractor,,2389.39,2695.12,30-12345678-9,Alpha Consulting,Excellent,Good,Good,Fair,Good,1
2026-06-29,legacy_hr_system,employees.csv,381,381,Matilda,Morales,D001,Finance,Contractor,,1697.97,,30-99887766-1,Delta Consulting,Excellent,Excellent,Good,Good,Poor,0
2026-06-29,legacy_hr_system,employees.csv,382,382,Alejo,Diaz,D001,Finance,Permanent,127791.68,,,,,Excellent,Good,Good,Good,Good,0
2026-06-29,legacy_hr_system,employees.csv,383,383,Manuel,Blanco,D004,Sales,Permanent,92870.5,,,,,Good,Excellent,Good,Good,Good,0
2026-06-29,legacy_hr_system,employees.csv,384,384,Simon,Quiroga,D004,Sales,Contractor,,3510.87,2838.48,30-11223344-5,Gamma Consulting,Good,Excellent,Good,Good,Good,0
2026-06-29,legacy_hr_system,employees.csv,385,385,Juan Ignacio,Valdez,D003,IT,Permanent,118017.61,,,,,Fair,Fair,Good,Poor,Good,0
2026-06-29,legacy_hr_system,employees.csv,386,386,Tomas,Martinez,D004,Sales,Contractor,,2031.19,3848.16,30-11223344-5,Gamma Consulting,Good,Good,Good,Excellent,Good,1
2026-06-29,legacy_hr_system,employees.csv,387,387,Mateo,Molina,D004,Sales,Contractor,,3037.92,3639.59,30-11223344-5,Gamma Consulting,Fair,Good,Excellent,Good,Good,0
2026-06-29,legacy_hr_system,employees.csv,388,388,Nicolas,Gomez,D005,Operations,Contractor,,2692.36,5506.29,30-12345678-9,Alpha Consulting,Excellent,Fair,Good,Excellent,Excellent,0
2026-06-29,legacy_hr_system,employees.csv,389,389,Samuel,Avila,D003,IT,Contractor,,2538.49,5335.69,30-11223344-5,Gamma Consulting,Good,Good,Good,Poor,Good,0
2026-06-29,legacy_hr_system,employees.csv,390,390,Malena,Gomez,D004,Sales,Permanent,86108.79,,,,,Excellent,Fair,Good,Good,Excellent,1
2026-06-29,legacy_hr_system,employees.csv,391,391,Zoe Jazmin,Aguirre,D001,Finance,Permanent,135894.13,,,,,Good,Excellent,Good,Poor,Fair,0
2026-06-29,legacy_hr_system,employees.csv,392,392,Thiago Agustin,Gimenez,D002,Human Resources,Permanent,163247.06,,,,,Good,Excellent,Fair,Fair,Excellent,1
2026-06-29,legacy_hr_system,employees.csv,393,393,Victoria,Miranda,D002,Human Resources,Contractor,,1022.68,3703.1,30-12345678-9,Alpha Consulting,Good,Good,Poor,Fair,Fair,0
2026-06-29,legacy_hr_system,employees.csv,394,394,Giovanni,Martinez,D004,Sales,Contractor,,3461.66,4296.95,30-99887766-1,Delta Consulting,Good,Good,Good,Fair,Good,0
2026-06-29,legacy_hr_system,employees.csv,395,395,Nicolas,Alvarez,D005,Operations,Contractor,,3296.92,3896.01,30-11223344-5,Gamma Consulting,Good,Good,Good,Good,Good,0
2026-06-29,legacy_hr_system,employees.csv,396,396,Mateo Valentin,Gimenez,D003,IT,Contractor,,3069.27,4344.32,30-11223344-5,Gamma Consulting,Good,Fair,Fair,Good,Excellent,0
2026-06-29,legacy_hr_system,employees.csv,397,397,Emiliano,Guzman,D001,Finance,Contractor,,3934.23,4754.42,30-99887766-1,Delta Consulting,Good,Good,Fair,Good,Poor,0
2026-06-29,legacy_hr_system,employees.csv,398,398,Victoria,Caceres,D004,Sales,Permanent,130128.08,,,,,Fair,Good,Poor,Fair,Good,0
2026-06-29,legacy_hr_system,employees.csv,399,399,Renata,Maidana,D005,Operations,Contractor,,2670.5,4012.39,30-99887766-1,Delta Consulting,Poor,Good,Good,Fair,Fair,1
2026-06-29,legacy_hr_system,employees.csv,400,400,Bianca,Paz,D002,Human Resources,Permanent,107023.25,,,,,Good,Fair,Fair,Good,Poor,1
2026-06-29,legacy_hr_system,employees.csv,401,401,Emilia,Garcia,D003,IT,Contractor,,3315.56,4079.02,30-87654321-0,Beta Consulting,Good,Fair,Good,Fair,Good,0
2026-06-29,legacy_hr_system,employees.csv,402,402,Maria Victoria,Franco,D003,IT,Permanent,128693.25,,,,,Excellent,Excellent,Good,Good,Good,0
2026-06-29,legacy_hr_system,employees.csv,403,403,Morena,Fernandez,D002,Human Resources,Permanent,182262.02,,,,,Fair,Good,Good,Excellent,Fair,0
2026-06-29,legacy_hr_system,employees.csv,404,404,Mateo Benjamin,Romero,D002,Human Resources,Permanent,146133.74,,,,,Poor,Fair,Poor,Excellent,Fair,0
2026-06-29,legacy_hr_system,employees.csv,405,405,Nicolas,Molina,D001,Finance,Permanent,110219.29,,,,,Good,Excellent,Good,Excellent,Good,0
2026-06-29,legacy_hr_system,employees.csv,406,406,Facundo,Sanchez,D002,Human Resources,Permanent,156036.42,,,,,Excellent,Fair,Fair,Excellent,Good,0
2026-06-29,legacy_hr_system,employees.csv,407,407,Santiago,Quiroga,D004,Sales,Contractor,,2673.54,2461.88,30-99887766-1,Delta Consulting,Excellent,Good,Fair,Poor,Fair,0
2026-06-29,legacy_hr_system,employees.csv,408,408,Franco,Martinez,D005,Operations,Permanent,89757.41,,,,,Good,Good,Good,Good,Good,0
2026-06-29,legacy_hr_system,employees.csv,409,409,Octavio,Gonzalez,D004,Sales,Permanent,63876.24,,,,,Good,Excellent,Excellent,Poor,Good,0
2026-06-29,legacy_hr_system,employees.csv,410,410,Maria Emilia,Vega,D005,Operations,Permanent,109454.6,,,,,Fair,Poor,Good,Poor,Good,0
2026-06-29,legacy_hr_system,employees.csv,411,411,Nina,Alvarez,D004,Sales,Permanent,120552.55,,,,,Good,Poor,Good,Excellent,Good,0
2026-06-29,legacy_hr_system,employees.csv,412,412,Antonella,Paz,D001,Finance,Permanent,170293.12,,,,,Good,Fair,Good,Good,Excellent,0
2026-06-29,legacy_hr_system,employees.csv,413,413,Lautaro Gabriel,Aguirre,D001,Finance,Permanent,129807.82,,,,,Excellent,Good,Excellent,Good,Fair,0
2026-06-29,legacy_hr_system,employees.csv,414,414,Martina,Gimenez,D001,Finance,Permanent,113426.98,,,,,Good,Good,Good,Good,Excellent,0
2026-06-29,legacy_hr_system,employees.csv,415,415,Salvador,Aguero,D001,Finance,Permanent,144882.17,,,,,Good,Good,Fair,Good,Good,0
2026-06-29,legacy_hr_system,employees.csv,416,416,Francisca,Benitez,D005,Operations,Contractor,,1231.09,4735.61,30-11223344-5,Gamma Consulting,Fair,Good,Excellent,Good,Good,1
2026-06-29,legacy_hr_system,employees.csv,417,417,Bruno,Medina,D003,IT,Permanent,143125.96,,,,,Excellent,Excellent,Excellent,Good,Good,1
2026-06-29,legacy_hr_system,employees.csv,418,418,Joaquín,Ramirez,D005,Operations,Unknown,75642.41,,,,,Fair,Poor,Good,Good,Poor,0
2026-06-29,legacy_hr_system,employees.csv,419,419,Ambar,Fernandez,D001,Finance,Permanent,154312.62,,,,,Excellent,Excellent,Good,Fair,Good,0
2026-06-29,legacy_hr_system,employees.csv,420,420,Valentin,Martin,D001,Finance,Contractor,,3270.8,4084.71,30-12345678-9,Alpha Consulting,Excellent,Excellent,Good,Good,Fair,1
2026-06-29,legacy_hr_system,employees.csv,421,421,Alma,Ledesma,D003,IT,Contractor,,3506.23,6770.69,30-12345678-9,Alpha Consulting,Good,Good,Excellent,Good,Good,0
2026-06-29,legacy_hr_system,employees.csv,422,422,Lara,Roldan,D004,Sales,Contractor,,3145.49,4748.22,30-87654321-0,Beta Consulting,Excellent,Good,Excellent,Poor,Excellent,0
2026-06-29,legacy_hr_system,employees.csv,423,423,Elena,Mendez,D005,Operations,Permanent,106219.17,,,,,Good,Good,Good,Fair,Good,1
2026-06-29,legacy_hr_system,employees.csv,424,424,Olivia,Sanchez,D002,Human Resources,Permanent,94504.67,,,,,Good,Fair,Good,Excellent,Good,0
2026-06-29,legacy_hr_system,employees.csv,425,425,Lucio,Coronel,D005,Operations,Contractor,,3664.27,3643.92,30-87654321-0,Beta Consulting,Poor,Good,Good,Good,Fair,0
2026-06-29,legacy_hr_system,employees.csv,426,426,Luna,Gonzalez,D002,Human Resources,Permanent,122146.99,,,,,Good,Good,Excellent,Fair,Fair,0
2026-06-29,legacy_hr_system,employees.csv,427,427,Bautista,Morales,D001,Finance,Contractor,,2617.87,4978.98,30-87654321-0,Beta Consulting,Good,Good,Good,Excellent,Fair,0
2026-06-29,legacy_hr_system,employees.csv,428,428,Mateo Valentin,Franco,D003,IT,Contractor,,3266.93,5537.54,30-12345678-9,Alpha Consulting,Good,Good,Good,Fair,Excellent,0
2026-06-29,legacy_hr_system,employees.csv,429,429,Thiago Valentin,Benitez,D005,Operations,Permanent,104699.51,,,,,Fair,Good,Excellent,Good,Good,0
2026-06-29,legacy_hr_system,employees.csv,430,430,Santino,Godoy,D004,Sales,Permanent,111903.75,,,,,Good,Fair,Fair,Poor,Good,1
2026-06-29,legacy_hr_system,employees.csv,431,431,Luna,Acosta,D005,Operations,Permanent,90637.09,,,,,Good,Poor,Good,Excellent,Good,0
2026-06-29,legacy_hr_system,employees.csv,432,432,Juliana,Barrios,D005,Operations,Contractor,,2644.57,4877.3,30-99887766-1,Delta Consulting,Fair,Good,Good,Excellent,Good,0
2026-06-29,legacy_hr_system,employees.csv,433,433,Isabella,Arias,D003,IT,Contractor,,3605.59,3577.83,30-11223344-5,Gamma Consulting,Good,Good,Excellent,Fair,Good,0
2026-06-29,legacy_hr_system,employees.csv,434,434,Juana,Torres,D004,Sales,Permanent,146088.18,,,,,Good,Excellent,Poor,Good,Good,0
2026-06-29,legacy_hr_system,employees.csv,435,435,Felipe,Pereyra,D003,IT,Permanent,160669.14,,,,,Good,Poor,Fair,Good,Fair,0
2026-06-29,legacy_hr_system,employees.csv,436,436,Tiziano,Arias,D005,Operations,Contractor,,3330.75,6376.8,30-87654321-0,Beta Consulting,Poor,Excellent,Fair,Good,Good,0
2026-06-29,legacy_hr_system,employees.csv,437,437,Mateo,Rodriguez,D005,Operations,Contractor,,2380.97,3255.35,30-87654321-0,Beta Consulting,Good,Excellent,Fair,Excellent,Good,0
2026-06-29,legacy_hr_system,employees.csv,438,438,Tiziana,Rios,D003,IT,Permanent,66638.39,,,,,Good,Poor,Poor,Fair,Good,1
2026-06-29,legacy_hr_system,employees.csv,439,439,Emma,Bustos,D003,IT,Permanent,164881.33,,,,,Excellent,Good,Fair,Fair,Good,0
2026-06-29,legacy_hr_system,employees.csv,440,440,Felipe,Medina,D003,IT,Contractor,,3523.49,4444.42,30-87654321-0,Beta Consulting,Good,Good,Good,Good,Good,1
2026-06-29,legacy_hr_system,employees.csv,441,441,Valentina,Perez,D002,Human Resources,Permanent,128399.06,,,,,Good,Good,Excellent,Good,Good,0
2026-06-29,legacy_hr_system,employees.csv,442,442,Benjamin,Cordoba,D004,Sales,Contractor,,2099.61,6945.75,30-11223344-5,Gamma Consulting,Fair,Good,Excellent,Excellent,Good,0
2026-06-29,legacy_hr_system,employees.csv,443,443,Santino Nicolas,Peralta,D001,Finance,Permanent,123876.64,,,,,Fair,Excellent,Good,Good,Fair,0
2026-06-29,legacy_hr_system,employees.csv,444,444,Mateo,Benitez,D003,IT,Permanent,123281.84,,,,,Good,Good,Good,Good,Good,0
2026-06-29,legacy_hr_system,employees.csv,445,445,Lautaro,Nuñez,D002,Human Resources,Contractor,,3580.61,4981.01,30-99887766-1,Delta Consulting,Good,Fair,Fair,Good,Good,1
2026-06-29,legacy_hr_system,employees.csv,446,446,Luca,Flores,D004,Sales,Permanent,126716.52,,,,,Fair,Good,Poor,Excellent,Fair,0
2026-06-29,legacy_hr_system,employees.csv,447,447,Valentina,Farias,D004,Sales,Contractor,,2367.62,4971.47,30-11223344-5,Gamma Consulting,Fair,Good,Good,Fair,Poor,0
2026-06-29,legacy_hr_system,employees.csv,448,448,Sofia,Alvarez,D002,Human Resources,Unknown,,4505.62,5845.42,30-12345678-9,Alpha Consulting,Excellent,Excellent,Good,Good,Good,0
2026-06-29,legacy_hr_system,employees.csv,449,449,Pilar,Martinez,D002,Human Resources,Permanent,167795.6,,,,,Fair,Excellent,Good,Poor,Excellent,1
2026-06-29,legacy_hr_system,employees.csv,450,450,Franco,Silva,D005,Operations,Permanent,104663.53,,,,,Poor,Good,Good,Good,Good,0
2026-06-29,legacy_hr_system,employees.csv,451,451,Samuel,Garcia,D003,IT,Permanent,90311.86,,,,,Poor,Good,Fair,Excellent,Good,0
2026-06-29,legacy_hr_system,employees.csv,452,452,Ema,Dominguez,D003,IT,Permanent,116226.39,,,,,Good,Good,Good,Good,Fair,0
2026-06-29,legacy_hr_system,employees.csv,453,453,Victoria,Ortiz,D005,Operations,Contractor,,3044.58,5594.19,30-12345678-9,Alpha Consulting,Excellent,Good,Good,Good,Poor,0
2026-06-29,legacy_hr_system,employees.csv,454,454,Ramiro,Villalba,D001,Finance,Contractor,,1646.03,6029.55,30-11223344-5,Gamma Consulting,Good,Fair,Excellent,Good,Fair,0
2026-06-29,legacy_hr_system,employees.csv,455,455,Isabella,Juarez,D005,Operations,Contractor,,2873.59,4073.12,30-11223344-5,Gamma Consulting,Good,Good,Good,Good,Good,0
2026-06-29,legacy_hr_system,employees.csv,456,456,Guillermina,Barrios,D001,Finance,Contractor,,2190.32,2845.14,30-87654321-0,Beta Consulting,Poor,Fair,Good,Good,Good,0
2026-06-29,legacy_hr_system,employees.csv,457,457,Emilia,Figueroa,D002,Human Resources,Contractor,,3658.54,4573.32,30-99887766-1,Delta Consulting,Fair,Good,Fair,Fair,Fair,0
2026-06-29,legacy_hr_system,employees.csv,458,458,Sofía,Sosa,D001,Finance,Contractor,,1968.03,3204.92,30-87654321-0,Beta Consulting,Excellent,Fair,Excellent,Excellent,Excellent,0
2026-06-29,legacy_hr_system,employees.csv,459,459,Luca,Rios,D001,Finance,Permanent,109926.46,,,,,Good,Good,Good,Good,Good,0
2026-06-29,legacy_hr_system,employees.csv,460,460,Agostina,Muñoz,D001,Finance,Permanent,170070.65,,,,,Good,Good,Fair,Good,Fair,0
2026-06-29,legacy_hr_system,employees.csv,461,461,Milagros,Mansilla,D005,Operations,Permanent,112212.26,,,,,Fair,Good,Excellent,Fair,Good,0
2026-06-29,legacy_hr_system,employees.csv,462,462,Lucía,Barrios,D001,Finance,Permanent,74905.71,,,,,Good,Excellent,Good,Fair,Good,1
2026-06-29,legacy_hr_system,employees.csv,463,463,Mia Valentina,Sanchez,D002,Human Resources,Permanent,112627.71,,,,,Fair,Poor,Fair,Good,Poor,0
2026-06-29,legacy_hr_system,employees.csv,464,464,Simon,Silva,D005,Operations,Permanent,111818.29,,,,,Excellent,Good,Good,Good,Excellent,0
2026-06-29,legacy_hr_system,employees.csv,465,465,Maria Paz,Gomez,D003,IT,Permanent,39093.4,,,,,Poor,Fair,Excellent,Excellent,Good,0
2026-06-29,legacy_hr_system,employees.csv,466,466,Juana,Cardozo,D001,Finance,Permanent,118371.15,,,,,Fair,Fair,Fair,Poor,Poor,0
2026-06-29,legacy_hr_system,employees.csv,467,467,Joaquin,Fernandez,D005,Operations,Permanent,113071.96,,,,,Good,Good,Excellent,Good,Poor,0
2026-06-29,legacy_hr_system,employees.csv,468,468,Juan Pablo,Valdez,D002,Human Resources,Permanent,140886.19,,,,,Good,Poor,Good,Good,Good,0
2026-06-29,legacy_hr_system,employees.csv,469,469,Julia,Avila,D005,Operations,Permanent,175468.68,,,,,Good,Fair,Poor,Excellent,Good,0
2026-06-29,legacy_hr_system,employees.csv,470,470,Ludmila,Perez,D004,Sales,Permanent,153796.95,,,,,Good,Good,Good,Good,Good,0
2026-06-29,legacy_hr_system,employees.csv,471,471,Antonia,Suarez,D004,Sales,Permanent,111933.34,,,,,Excellent,Good,Fair,Fair,Excellent,0
2026-06-29,legacy_hr_system,employees.csv,472,472,Micaela,Cardozo,D003,IT,Contractor,,2114.78,7073.36,30-12345678-9,Alpha Consulting,Fair,Fair,Fair,Good,Fair,0
2026-06-29,legacy_hr_system,employees.csv,473,473,Alma,Gomez,D005,Operations,Permanent,121776.55,,,,,Excellent,Good,Fair,Good,Good,0
2026-06-29,legacy_hr_system,employees.csv,474,474,Luisina,Fernandez,D004,Sales,Permanent,120417.88,,,,,Fair,Fair,Good,Good,Good,0
2026-06-29,legacy_hr_system,employees.csv,475,475,Nahiara,Mendez,D005,Operations,Permanent,119276.25,,,,,Good,Poor,Poor,Good,Fair,0
2026-06-29,legacy_hr_system,employees.csv,476,476,Lisandro,Chavez,D002,Human Resources,Permanent,125942.54,,,,,Poor,Good,Poor,Fair,Good,0
2026-06-29,legacy_hr_system,employees.csv,477,477,Nahiara,Cordoba,D002,Human Resources,Contractor,,2884.51,3926.34,30-87654321-0,Beta Consulting,Excellent,Good,Excellent,Good,Poor,0
2026-06-29,legacy_hr_system,employees.csv,478,478,Guadalupe,Arias,D004,Sales,Contractor,,2562.51,4467.25,30-12345678-9,Alpha Consulting,Excellent,Good,Excellent,Poor,Good,0
2026-06-29,legacy_hr_system,employees.csv,479,479,Benjamin,Rojas,D003,IT,Permanent,103697.26,,,,,Good,Good,Good,Good,Fair,0
2026-06-29,legacy_hr_system,employees.csv,480,480,Facundo,Carrizo,D003,IT,Permanent,98614.63,,,,,Poor,Good,Good,Fair,Good,0
2026-06-29,legacy_hr_system,employees.csv,481,481,Felicitas,Nuñez,D005,Operations,Permanent,123192.91,,,,,Fair,Good,Good,Good,Good,0
2026-06-29,legacy_hr_system,employees.csv,482,482,Gael,Acuña,D002,Human Resources,Permanent,112350.68,,,,,Fair,Excellent,Good,Fair,Fair,0
2026-06-29,legacy_hr_system,employees.csv,483,483,Santino,Martinez,D004,Sales,Permanent,165119.79,,,,,Good,Good,Good,Good,Excellent,0
2026-06-29,legacy_hr_system,employees.csv,484,484,Benjamin,Cruz,D002,Human Resources,Contractor,,879.22,5591.51,30-12345678-9,Alpha Consulting,Fair,Excellent,Excellent,Poor,Good,0
2026-06-29,legacy_hr_system,employees.csv,485,485,Lucas,Avila,D005,Operations,Contractor,,3996.87,2426.61,30-11223344-5,Gamma Consulting,Poor,Good,Good,Good,Good,0
2026-06-29,legacy_hr_system,employees.csv,486,486,Delfina,Rodriguez,D004,Sales,Contractor,,2725.85,,30-87654321-0,Beta Consulting,Good,Good,Excellent,Good,Poor,0
2026-06-29,legacy_hr_system,employees.csv,487,487,Antonia,Bustos,D001,Finance,Permanent,77774.65,,,,,Good,Excellent,Good,Fair,Good,0
2026-06-29,legacy_hr_system,employees.csv,488,488,Julieta,Ramirez,D002,Human Resources,Contractor,,2377.75,3389.42,30-87654321-0,Beta Consulting,Good,Good,Excellent,Fair,Good,0
2026-06-29,legacy_hr_system,employees.csv,489,489,Valentino,Leiva,D004,Sales,Contractor,,4401.82,5435.68,30-12345678-9,Alpha Consulting,Fair,Fair,Good,Good,Good,0
2026-06-29,legacy_hr_system,employees.csv,490,490,Julieta,Aguirre,D005,Operations,Permanent,158146.65,,,,,Poor,Good,Fair,Good,Fair,1
2026-06-29,legacy_hr_system,employees.csv,491,491,Catalina,Paez,D005,Operations,Permanent,141650.16,,,,,Excellent,Good,Good,Fair,Good,1
2026-06-29,legacy_hr_system,employees.csv,492,492,Valentino,Acosta,D004,Sales,Permanent,86128.45,,,,,Excellent,Fair,Excellent,Good,Good,0
2026-06-29,legacy_hr_system,employees.csv,493,493,Felicitas,Villalba,D002,Human Resources,Contractor,,2580.38,4989.37,30-11223344-5,Gamma Consulting,Good,Excellent,Good,Good,Good,0
2026-06-29,legacy_hr_system,employees.csv,494,494,Rosario,Flores,D005,Operations,Permanent,83336.17,,,,,Good,Good,Fair,Good,Fair,0
2026-06-29,legacy_hr_system,employees.csv,495,495,Thiago Nicolas,Fernandez,D003,IT,Permanent,141389.95,,,,,Good,Poor,Good,Fair,Good,0
2026-06-29,legacy_hr_system,employees.csv,496,496,Renata,Gomez,D001,Finance,Contractor,,2807.74,4125.18,30-99887766-1,Delta Consulting,Fair,Poor,Excellent,Good,Fair,0
2026-06-29,legacy_hr_system,employees.csv,497,497,Morena,Ramirez,D005,Operations,Contractor,,3568.77,4944.26,30-12345678-9,Alpha Consulting,Excellent,Poor,Excellent,Excellent,Excellent,1
2026-06-29,legacy_hr_system,employees.csv,498,498,Oriana,Gonzalez,D004,Sales,Permanent,109171.02,,,,,Good,Good,Good,Fair,Poor,0
2026-06-29,legacy_hr_system,employees.csv,499,499,Thiago,Acosta,D005,Operations,Permanent,154779.89,,,,,Poor,Excellent,Fair,Excellent,Good,0
2026-06-29,legacy_hr_system,employees.csv,500,500,Maria Guadalupe,Mendez,D005,Operations,Permanent,87568.1,,,,,Excellent,Good,Good,Good,Excellent,0
2026-06-29,legacy_hr_system,employees.csv,501,501,Santino,Castillo,D002,Human Resources,Contractor,,3492.75,5093.1,30-87654321-0,Beta Consulting,Excellent,Good,Good,Good,Good,0
2026-06-29,legacy_hr_system,employees.csv,502,502,Manuel,Bravo,D001,Finance,Contractor,,2752.36,4826.13,30-12345678-9,Alpha Consulting,Poor,Good,Fair,Good,Good,0
2026-06-29,legacy_hr_system,employees.csv,503,503,Benicio,Ruiz,D003,IT,Permanent,82466.59,,,,,Poor,Good,Good,Excellent,Excellent,0
2026-06-29,legacy_hr_system,employees.csv,504,504,Santiago,Gomez,D005,Operations,Permanent,147720.81,,,,,Good,Poor,Fair,Poor,Fair,0
2026-06-29,legacy_hr_system,employees.csv,505,505,Thiago Leonel,Acosta,D005,Operations,Permanent,114452.94,,,,,Good,Good,Good,Good,Good,0
2026-06-29,legacy_hr_system,employees.csv,506,506,Antonella,Moreno,D004,Sales,Contractor,,2581.82,5549.01,30-12345678-9,Alpha Consulting,Good,Good,Good,Fair,Good,0
2026-06-29,legacy_hr_system,employees.csv,507,507,Matias,Gonzalez,D003,IT,Permanent,98869.69,,,,,Good,Good,Fair,Good,Good,0
2026-06-29,legacy_hr_system,employees.csv,508,508,Maia,Martinez,D003,IT,Permanent,77746.16,,,,,Poor,Good,Good,Fair,Good,1
2026-06-29,legacy_hr_system,employees.csv,509,509,Juan Ignacio,Ortiz,D002,Human Resources,Permanent,73301.12,,,,,Excellent,Fair,Fair,Good,Good,0
2026-06-29,legacy_hr_system,employees.csv,510,510,Bautista,Coronel,D005,Operations,Permanent,138180.3,,,,,Fair,Excellent,Excellent,Poor,Good,0
2026-06-29,legacy_hr_system,employees.csv,511,511,Sofia,Diaz,D005,Operations,Contractor,,1975.66,6254.79,30-99887766-1,Delta Consulting,Good,Good,Fair,Fair,Good,0
2026-06-29,legacy_hr_system,employees.csv,512,512,Tiziana,Romero,D002,Human Resources,Contractor,,1334.46,6196.46,30-11223344-5,Gamma Consulting,Good,Fair,Excellent,Good,Good,1
2026-06-29,legacy_hr_system,employees.csv,513,513,Felipe,Mendoza,D001,Finance,Permanent,126330.52,,,,,Good,Good,Excellent,Poor,Good,0
2026-06-29,legacy_hr_system,employees.csv,514,514,Benjamin,Mendez,D001,Finance,Permanent,117098.61,,,,,Good,Good,Good,Good,Good,0
2026-06-29,legacy_hr_system,employees.csv,515,515,Felipe,Fernandez,D002,Human Resources,Permanent,103652.43,,,,,Poor,Good,Excellent,Good,Good,0
2026-06-29,legacy_hr_system,employees.csv,516,516,Valentina,Lopez,D003,IT,Contractor,,3319.31,4462.37,30-11223344-5,Gamma Consulting,Good,Good,Poor,Good,Fair,0
2026-06-29,legacy_hr_system,employees.csv,517,517,Antonella,Gonzalez,D002,Human Resources,Permanent,153099.06,,,,,Fair,Excellent,Fair,Fair,Good,0
2026-06-29,legacy_hr_system,employees.csv,518,518,Benjamin,Caceres,D004,Sales,Permanent,123426.83,,,,,Poor,Fair,Good,Fair,Fair,0
2026-06-29,legacy_hr_system,employees.csv,519,519,Emma,Sanchez,D005,Operations,Contractor,,3120.24,4136.39,30-12345678-9,Alpha Consulting,Good,Good,Excellent,Fair,Good,0
2026-06-29,legacy_hr_system,employees.csv,520,520,Joaquin,Rodriguez,D004,Sales,Contractor,,2954.44,4807.8,30-11223344-5,Gamma Consulting,Good,Good,Poor,Good,Excellent,0
2026-06-29,legacy_hr_system,employees.csv,521,521,Thiago Nicolas,Pereyra,D005,Operations,Permanent,68694.95,,,,,Good,Good,Excellent,Fair,Good,0
2026-06-29,legacy_hr_system,employees.csv,522,522,Thiago Valentin,Herrera,D004,Sales,Contractor,,1921.45,5243.26,30-99887766-1,Delta Consulting,Fair,Good,Good,Good,Excellent,0
2026-06-29,legacy_hr_system,employees.csv,523,523,Santiago Benjamin,Gutierrez,D003,IT,Permanent,125125.96,,,,,Good,Good,Poor,Excellent,Good,0
2026-06-29,legacy_hr_system,employees.csv,524,524,Santino,Gimenez,D003,IT,Contractor,,2852.81,4518.43,30-99887766-1,Delta Consulting,Good,Good,Fair,Good,Good,1
2026-06-29,legacy_hr_system,employees.csv,525,525,Rosario,Gonzalez,D004,Sales,Permanent,130427.45,,,,,Fair,Excellent,Good,Good,Fair,0
2026-06-29,legacy_hr_system,employees.csv,526,526,Sofia Belen,Aguero,D002,Human Resources,Permanent,103807.21,,,,,Excellent,Excellent,Fair,Good,Excellent,0
2026-06-29,legacy_hr_system,employees.csv,527,527,Maximo,Medina,D001,Finance,Permanent,96650.86,,,,,Good,Excellent,Poor,Good,Good,0
2026-06-29,legacy_hr_system,employees.csv,528,528,Ciro Benjamin,Rodriguez,D004,Sales,Contractor,,3156.68,3521.63,30-87654321-0,Beta Consulting,Good,Excellent,Excellent,Good,Poor,1
2026-06-29,legacy_hr_system,employees.csv,529,529,Jazmin,Ruiz,D004,Sales,Contractor,,3326.6,2797.42,30-11223344-5,Gamma Consulting,Good,Excellent,Poor,Good,Good,0
2026-06-29,legacy_hr_system,employees.csv,530,530,Ramiro,Aguirre,D005,Operations,Permanent,150874.67,,,,,Good,Good,Poor,Good,Good,0
2026-06-29,legacy_hr_system,employees.csv,531,531,Nahuel,Rodriguez,D003,IT,Permanent,134177.92,,,,,Good,Good,Excellent,Fair,Fair,0
2026-06-29,legacy_hr_system,employees.csv,532,532,Catalina,Cabrera,D004,Sales,Permanent,,,,,,Good,Good,Fair,Good,Fair,0
2026-06-29,legacy_hr_system,employees.csv,533,533,Bautista,Perez,D005,Operations,Permanent,149480.73,,,,,Excellent,Good,Good,Good,Good,0
2026-06-29,legacy_hr_system,employees.csv,534,534,Juan Manuel,Molina,D004,Sales,Contractor,,4332.38,5514.37,30-87654321-0,Beta Consulting,Good,Good,Good,Fair,Poor,0
2026-06-29,legacy_hr_system,employees.csv,535,535,Juan Cruz,Toledo,D003,IT,Permanent,64773.77,,,,,Fair,Fair,Good,Fair,Excellent,0
2026-06-29,legacy_hr_system,employees.csv,536,536,Julia,Acosta,D004,Sales,Contractor,,1976.34,3875.18,30-11223344-5,Gamma Consulting,Fair,Good,Good,Excellent,Poor,0
2026-06-29,legacy_hr_system,employees.csv,537,537,Sofía,Gomez,D001,Finance,Permanent,120782.73,,,,,Excellent,Good,Excellent,Excellent,Excellent,0
2026-06-29,legacy_hr_system,employees.csv,538,538,Constanza,Roldan,D004,Sales,Permanent,135529.77,,,,,Fair,Poor,Good,Fair,Good,1
2026-06-29,legacy_hr_system,employees.csv,539,539,Jeremias,Vazquez,D002,Human Resources,Permanent,98227.69,,,,,Fair,Excellent,Good,Excellent,Fair,0
2026-06-29,legacy_hr_system,employees.csv,540,540,Joaquín,Diaz,D001,Finance,Permanent,125603.0,,,,,Fair,Good,Fair,Good,Fair,0
2026-06-29,legacy_hr_system,employees.csv,541,541,Facundo,Martinez,D004,Sales,Contractor,,2395.69,3888.48,30-12345678-9,Alpha Consulting,Good,Poor,Good,Good,Good,0
2026-06-29,legacy_hr_system,employees.csv,542,542,Alma,Acosta,D001,Finance,Contractor,,1874.67,3576.77,30-12345678-9,Alpha Consulting,Good,Good,Excellent,Fair,Fair,0
2026-06-29,legacy_hr_system,employees.csv,543,543,Ciro,Gomez,D001,Finance,Permanent,79449.46,,,,,Good,Excellent,Fair,Good,Good,0
2026-06-29,legacy_hr_system,employees.csv,544,544,Pedro,Dominguez,D001,Finance,Permanent,90723.8,,,,,Good,Good,Excellent,Fair,Good,0
2026-06-29,legacy_hr_system,employees.csv,545,545,Thiago,Fernandez,D005,Operations,Permanent,151609.25,,,,,Poor,Fair,Excellent,Good,Excellent,0
2026-06-29,legacy_hr_system,employees.csv,546,546,Thiago Gabriel,Rodriguez,D001,Finance,Permanent,91518.03,,,,,Good,Poor,Fair,Fair,Fair,0
2026-06-29,legacy_hr_system,employees.csv,547,547,Ludmila,Gomez,D002,Human Resources,Permanent,198971.46,,,,,Good,Fair,Good,Excellent,Fair,0
2026-06-29,legacy_hr_system,employees.csv,548,548,Catalina,Ponce,D005,Operations,Contractor,,3394.65,4684.84,30-87654321-0,Beta Consulting,Good,Good,Good,Good,Fair,0
2026-06-29,legacy_hr_system,employees.csv,549,549,Nina,Castro,D005,Operations,Permanent,94249.27,,,,,Good,Good,Fair,Good,Good,0
2026-06-29,legacy_hr_system,employees.csv,550,550,Maria Victoria,Castro,D005,Operations,Permanent,141009.3,,,,,Excellent,Excellent,Fair,Fair,Good,0
2026-06-29,legacy_hr_system,employees.csv,551,551,Ignacio,Gomez,D005,Operations,Contractor,,2539.49,4622.01,30-87654321-0,Beta Consulting,Good,Good,Good,Good,Good,0
2026-06-29,legacy_hr_system,employees.csv,552,552,Benicio,Carrizo,D001,Finance,Permanent,196802.54,,,,,Good,Excellent,Poor,Excellent,Excellent,0
2026-06-29,legacy_hr_system,employees.csv,553,553,Lautaro Ezequiel,Aguero,D002,Human Resources,Permanent,117118.2,,,,,Good,Fair,Good,Good,Fair,0
2026-06-29,legacy_hr_system,employees.csv,554,554,Joaquín,Martin,D003,IT,Permanent,154478.2,,,,,Fair,Excellent,Poor,Good,Poor,0
2026-06-29,legacy_hr_system,employees.csv,555,555,Juan Martin,Sosa,D004,Sales,Contractor,,2437.46,4465.01,30-12345678-9,Alpha Consulting,Good,Fair,Fair,Fair,Fair,0
2026-06-29,legacy_hr_system,employees.csv,556,556,Dante,Diaz,D005,Operations,Permanent,173124.02,,,,,Excellent,Excellent,Good,Poor,Poor,0
2026-06-29,legacy_hr_system,employees.csv,557,557,Ambar,Martinez,D002,Human Resources,Permanent,101190.99,,,,,Excellent,Good,Good,Good,Excellent,0
2026-06-29,legacy_hr_system,employees.csv,558,558,Santino,Farias,D004,Sales,Contractor,,4449.96,5207.75,30-11223344-5,Gamma Consulting,Good,Fair,Good,Excellent,Fair,0
2026-06-29,legacy_hr_system,employees.csv,559,559,Guadalupe,Coronel,D005,Operations,Permanent,103126.0,,,,,Excellent,Poor,Good,Good,Good,1
2026-06-29,legacy_hr_system,employees.csv,560,560,Dante,Cordoba,D003,IT,Contractor,,3505.93,5472.55,30-99887766-1,Delta Consulting,Fair,Good,Fair,Good,Good,0
2026-06-29,legacy_hr_system,employees.csv,561,561,Juan Gabriel,Bravo,D005,Operations,Contractor,,3497.45,2929.78,30-11223344-5,Gamma Consulting,Good,Good,Poor,Excellent,Excellent,0
2026-06-29,legacy_hr_system,employees.csv,562,562,Sara,Cabrera,D001,Finance,Permanent,98185.88,,,,,Poor,Good,Good,Good,Fair,0
2026-06-29,legacy_hr_system,employees.csv,563,563,Santino Benjamin,Gonzalez,D003,IT,Contractor,,2801.99,4425.57,30-87654321-0,Beta Consulting,Excellent,Good,Excellent,Good,Fair,0
2026-06-29,legacy_hr_system,employees.csv,564,564,Alexander,Rivero,D003,IT,Contractor,,3496.54,4677.7,30-12345678-9,Alpha Consulting,Good,Good,Good,Excellent,Good,0
2026-06-29,legacy_hr_system,employees.csv,565,565,Thiago Benjamin,Lopez,D004,Sales,Contractor,,1931.72,4880.2,30-12345678-9,Alpha Consulting,Good,Good,Fair,Good,Excellent,0
2026-06-29,legacy_hr_system,employees.csv,566,566,Federico,Sanchez,D003,IT,Permanent,138317.57,,,,,Fair,Good,Fair,Fair,Good,0
2026-06-29,legacy_hr_system,employees.csv,567,567,Alma,Gonzalez,D005,Operations,Contractor,,3447.83,5580.78,30-99887766-1,Delta Consulting,Excellent,Good,Good,Good,Good,0
2026-06-29,legacy_hr_system,employees.csv,568,568,Tiziana,Ortiz,D002,Human Resources,Permanent,145017.66,,,,,Fair,Good,Good,Good,Good,0
2026-06-29,legacy_hr_system,employees.csv,569,569,Camila,Fernandez,D003,IT,Contractor,,3367.34,4429.83,30-87654321-0,Beta Consulting,Excellent,Excellent,Good,Excellent,Good,0
2026-06-29,legacy_hr_system,employees.csv,570,570,Juan Manuel,Gonzalez,D005,Operations,Permanent,70171.17,,,,,Good,Fair,Good,Excellent,Good,0
2026-06-29,legacy_hr_system,employees.csv,571,571,Thiago Valentin,Diaz,D005,Operations,Contractor,,3343.69,4707.69,30-87654321-0,Beta Consulting,Good,Good,Good,Good,Good,0
2026-06-29,legacy_hr_system,employees.csv,572,572,Ciro,Romero,D004,Sales,Permanent,128147.37,,,,,Good,Good,Good,Excellent,Good,1
2026-06-29,legacy_hr_system,employees.csv,573,573,Thiago,Muñoz,D005,Operations,Contractor,,1978.6,3418.94,30-99887766-1,Delta Consulting,Good,Good,Poor,Good,Good,0
2026-06-29,legacy_hr_system,employees.csv,574,574,Santiago Benjamin,Ortiz,D001,Finance,Permanent,151594.59,,,,,Excellent,Poor,Poor,Fair,Fair,0
2026-06-29,legacy_hr_system,employees.csv,575,575,Catalina,Rodriguez,D001,Finance,Permanent,118813.35,,,,,Good,Good,Fair,Good,Good,0
2026-06-29,legacy_hr_system,employees.csv,576,576,Mateo,Rios,D005,Operations,Permanent,140445.02,,,,,Fair,Excellent,Good,Excellent,Good,0
2026-06-29,legacy_hr_system,employees.csv,577,577,Amparo,Perez,D001,Finance,Permanent,120849.55,,,,,Excellent,Good,Good,Good,Good,1
2026-06-29,legacy_hr_system,employees.csv,578,578,Antonella,Suarez,D001,Finance,Permanent,120892.68,,,,,Good,Fair,Good,Fair,Excellent,0
2026-06-29,legacy_hr_system,employees.csv,579,579,Simon,Perez,D004,Sales,Permanent,148148.51,,,,,Good,Poor,Excellent,Good,Fair,0
2026-06-29,legacy_hr_system,employees.csv,580,580,Zoe,Gomez,D002,Human Resources,Permanent,104518.66,,,,,Poor,Good,Fair,Excellent,Poor,0
2026-06-29,legacy_hr_system,employees.csv,581,581,Pedro,Garcia,D004,Sales,Permanent,122883.62,,,,,Excellent,Good,Good,Good,Good,1
2026-06-29,legacy_hr_system,employees.csv,582,582,Agostina,Suarez,D005,Operations,Permanent,106131.74,,,,,Excellent,Good,Good,Poor,Poor,1
2026-06-29,legacy_hr_system,employees.csv,583,583,Valentina ,Gonzalez,D003,IT,Permanent,106965.11,,,,,Good,Good,Excellent,Fair,Good,0
2026-06-29,legacy_hr_system,employees.csv,584,584,Camila,Juarez,D002,Human Resources,Permanent,110724.84,,,,,Good,Good,Good,Good,Good,0
2026-06-29,legacy_hr_system,employees.csv,585,585,Benjamin,Sanchez,D002,Human Resources,Permanent,126664.01,,,,,Good,Good,Excellent,Good,Fair,1
2026-06-29,legacy_hr_system,employees.csv,586,586,Delfina,Fernandez,D004,Sales,Contractor,,2617.0,5755.76,30-87654321-0,Beta Consulting,Good,Good,Excellent,Excellent,Good,0
2026-06-29,legacy_hr_system,employees.csv,587,587,Valentina,Romero,D002,Human Resources,Permanent,93161.78,,,,,Fair,Fair,Fair,Fair,Good,0
2026-06-29,legacy_hr_system,employees.csv,588,588,Benjamin,Cardozo,D004,Sales,Contractor,,2850.5,4060.27,30-11223344-5,Gamma Consulting,Excellent,Excellent,Excellent,Excellent,Poor,0
2026-06-29,legacy_hr_system,employees.csv,589,589,Joaquin,Alvarez,D005,Operations,Permanent,163409.34,,,,,Good,Good,Good,Good,Good,0
2026-06-29,legacy_hr_system,employees.csv,590,590,Federico,Gimenez,D005,Operations,Contractor,,3157.24,5531.84,30-99887766-1,Delta Consulting,Fair,Good,Fair,Good,Excellent,0
2026-06-29,legacy_hr_system,employees.csv,591,591,Zoe Jazmin,Cordoba,D001,Finance,Permanent,75433.19,,,,,Poor,Poor,Poor,Good,Good,0
2026-06-29,legacy_hr_system,employees.csv,592,592,Bautista,Guzman,D002,Human Resources,Permanent,128011.51,,,,,Poor,Poor,Fair,Good,Good,0
2026-06-29,legacy_hr_system,employees.csv,593,593,Martina,Gonzalez,D002,Human Resources,Permanent,146688.92,,,,,Fair,Good,Fair,Fair,Good,1
2026-06-29,legacy_hr_system,employees.csv,594,594,Mateo Valentin,Guzman,D005,Operations,Permanent,122468.52,,,,,Good,Fair,Fair,Good,Good,0
2026-06-29,legacy_hr_system,employees.csv,595,595,Dante,Silva,D001,Finance,Contractor,,3852.38,3982.71,30-87654321-0,Beta Consulting,Good,Good,Fair,Good,Good,0
2026-06-29,legacy_hr_system,employees.csv,596,596,Paloma,Ramirez,D001,Finance,Permanent,162280.42,,,,,Good,Fair,Fair,Good,Excellent,0
2026-06-29,legacy_hr_system,employees.csv,597,597,Juan Ignacio,Gonzalez,D001,Finance,Contractor,,4839.12,4137.16,30-87654321-0,Beta Consulting,Good,Good,Excellent,Good,Excellent,0
2026-06-29,legacy_hr_system,employees.csv,598,598,Juan Cruz,Figueroa,D005,Operations,Permanent,106634.92,,,,,Good,Good,Excellent,Good,Fair,0
2026-06-29,legacy_hr_system,employees.csv,599,599,Ana Paula,Rivero,D004,Sales,Permanent,163601.53,,,,,Good,Good,Fair,Excellent,Fair,0
2026-06-29,legacy_hr_system,employees.csv,600,600,Alma Jazmin,Rodriguez,D004,Sales,Contractor,,4263.66,3977.14,30-12345678-9,Alpha Consulting,Good,Good,Fair,Good,Poor,0
2026-06-29,legacy_hr_system,employees.csv,601,601,Juan Gabriel,Martinez,D004,Sales,Permanent,107394.4,,,,,Excellent,Good,Fair,Fair,Excellent,0
2026-06-29,legacy_hr_system,employees.csv,602,602,Salvador,Pereyra,D001,Finance,Permanent,111546.46,,,,,Good,Fair,Good,Good,Excellent,0
2026-06-29,legacy_hr_system,employees.csv,603,603,Camila,Sanchez,D002,Human Resources,Unknown,79666.48,,,,,Fair,Excellent,Good,Good,Fair,0
2026-06-29,legacy_hr_system,employees.csv,604,604,Alma,Romero,D004,Sales,Permanent,92440.44,,,,,Good,Good,Good,Excellent,Good,0
2026-06-29,legacy_hr_system,employees.csv,605,605,Mateo,Gutierrez,D005,Operations,Permanent,89875.78,,,,,Good,Fair,Good,Excellent,Excellent,0
2026-06-29,legacy_hr_system,employees.csv,606,606,Juan Ignacio,Gimenez,D002,Human Resources,Contractor,,2385.76,4465.32,30-11223344-5,Gamma Consulting,Good,Excellent,Excellent,Poor,Excellent,0
2026-06-29,legacy_hr_system,employees.csv,607,607,Mia Morena,Sosa,D005,Operations,Permanent,127026.44,,,,,Good,Poor,Fair,Good,Excellent,0
2026-06-29,legacy_hr_system,employees.csv,608,608,Ian Benjamin,Maldonado,D003,IT,Permanent,166515.01,,,,,Good,Excellent,Good,Good,Good,0
2026-06-29,legacy_hr_system,employees.csv,609,609,Zoe Valentina,Martinez,D003,IT,Permanent,90049.38,,,,,Good,Good,Good,Excellent,Good,1
2026-06-29,legacy_hr_system,employees.csv,610,610,Felipe,Diaz,D005,Operations,Contractor,,3787.46,4286.01,30-99887766-1,Delta Consulting,Fair,Good,Fair,Fair,Good,0
2026-06-29,legacy_hr_system,employees.csv,611,611,Juan Martin,Coronel,D003,IT,Permanent,118516.09,,,,,Poor,Good,Excellent,Good,Good,0
2026-06-29,legacy_hr_system,employees.csv,612,612,Ambar,Lopez,D004,Sales,Contractor,,3539.86,3377.28,30-87654321-0,Beta Consulting,Fair,Poor,Excellent,Excellent,Good,0
2026-06-29,legacy_hr_system,employees.csv,613,613,Thiago Nahuel,Aguirre,D002,Human Resources,Contractor,,3305.93,4666.45,30-99887766-1,Delta Consulting,Good,Good,Good,Good,Excellent,0
2026-06-29,legacy_hr_system,employees.csv,614,614,Zoe,Coronel,D003,IT,Permanent,134773.54,,,,,Excellent,Good,Good,Fair,Excellent,0
2026-06-29,legacy_hr_system,employees.csv,615,615,Tomàs,Blanco,D004,Sales,Contractor,,3231.33,6955.3,30-12345678-9,Alpha Consulting,Fair,Excellent,Fair,Poor,Good,0
2026-06-29,legacy_hr_system,employees.csv,616,616,Tiziano,Godoy,D001,Finance,Contractor,,2489.81,3969.0,30-99887766-1,Delta Consulting,Excellent,Good,Fair,Fair,Good,0
2026-06-29,legacy_hr_system,employees.csv,617,617,Julian,Guzman,D001,Finance,Contractor,,2501.49,3944.52,30-11223344-5,Gamma Consulting,Good,Good,Good,Excellent,Good,0
2026-06-29,legacy_hr_system,employees.csv,618,618,Lucía,Fernandez,D003,IT,Permanent,100878.39,,,,,Excellent,Fair,Good,Good,Good,0
2026-06-29,legacy_hr_system,employees.csv,619,619,Bautista,Benitez,D005,Operations,Permanent,155670.5,,,,,Good,Fair,Fair,Fair,Good,0
2026-06-29,legacy_hr_system,employees.csv,620,620,Julieta,Perez,D004,Sales,Permanent,162615.13,,,,,Fair,Good,Fair,Good,Good,0
2026-06-29,legacy_hr_system,employees.csv,621,621,Isabella,Gimenez,D003,IT,Contractor,,2543.4,3667.64,30-87654321-0,Beta Consulting,Poor,Good,Excellent,Good,Good,0
2026-06-29,legacy_hr_system,employees.csv,622,622,Josefina,Acosta,D004,Sales,Contractor,,3377.13,3947.78,30-11223344-5,Gamma Consulting,Fair,Excellent,Fair,Fair,Poor,0
2026-06-29,legacy_hr_system,employees.csv,623,623,Isabella,Rivero,D002,Human Resources,Permanent,138987.95,,,,,Excellent,Good,Fair,Excellent,Good,0
2026-06-29,legacy_hr_system,employees.csv,624,624,Bautista,Guzman,D005,Operations,Contractor,,3162.34,2984.26,30-11223344-5,Gamma Consulting,Good,Excellent,Good,Good,Good,0
2026-06-29,legacy_hr_system,employees.csv,625,625,Ian,Cabrera,D003,IT,Contractor,,4238.0,6295.88,30-87654321-0,Beta Consulting,Good,Excellent,Good,Good,Good,0
2026-06-29,legacy_hr_system,employees.csv,626,626,Bianca,Medina,D002,Human Resources,Permanent,101616.34,,,,,Excellent,Poor,Good,Excellent,Good,0
2026-06-29,legacy_hr_system,employees.csv,627,627,Lautaro Benjamin,Arias,D003,IT,Permanent,108368.95,,,,,Fair,Good,Good,Excellent,Good,0
2026-06-29,legacy_hr_system,employees.csv,628,628,Kiara,Acosta,D004,Sales,Permanent,128575.96,,,,,Excellent,Poor,Excellent,Good,Excellent,0
2026-06-29,legacy_hr_system,employees.csv,629,629,Alma Valentina,Ferreyra,D005,Operations,Contractor,,3267.57,5158.54,30-99887766-1,Delta Consulting,Good,Good,Fair,Fair,Good,0
2026-06-29,legacy_hr_system,employees.csv,630,630,Juan Cruz,Herrera,D004,Sales,Permanent,180306.14,,,,,Excellent,Fair,Good,Excellent,Good,0
2026-06-29,legacy_hr_system,employees.csv,631,631,Felipe,Rodriguez,D004,Sales,Permanent,114691.58,,,,,Poor,Excellent,Fair,Good,Good,0
2026-06-29,legacy_hr_system,employees.csv,632,632,Santino,Mendoza,D003,IT,Contractor,,2361.36,3120.68,30-11223344-5,Gamma Consulting,Good,Excellent,Good,Good,Good,0
2026-06-29,legacy_hr_system,employees.csv,633,633,Alma,Vera,D003,IT,Contractor,,2415.26,4466.87,30-87654321-0,Beta Consulting,Good,Good,Fair,Excellent,Good,0
2026-06-29,legacy_hr_system,employees.csv,634,634,Juan Bautista,Lopez,D003,IT,Permanent,173836.74,,,,,Good,Good,Good,Good,Poor,0
2026-06-29,legacy_hr_system,employees.csv,635,635,Valentina,Benitez,D003,IT,Permanent,104471.66,,,,,Good,Good,Poor,Good,Good,0
2026-06-29,legacy_hr_system,employees.csv,636,636,Simon,Pereyra,D002,Human Resources,Contractor,,3179.03,4483.58,30-12345678-9,Alpha Consulting,Fair,Fair,Fair,Excellent,Good,0
2026-06-29,legacy_hr_system,employees.csv,637,637,Mateo,Torres,D001,Finance,Contractor,,3950.71,7026.93,30-87654321-0,Beta Consulting,Good,Good,Good,Good,Good,0
2026-06-29,legacy_hr_system,employees.csv,638,638,Emilia,Ramirez,D003,IT,Permanent,104073.94,,,,,Good,Excellent,Fair,Fair,Poor,0
2026-06-29,legacy_hr_system,employees.csv,639,639,Alma,Luna,D001,Finance,Contractor,,2608.45,5544.16,30-87654321-0,Beta Consulting,Good,Good,Good,Good,Good,0
2026-06-29,legacy_hr_system,employees.csv,640,640,Francesco,Moreno,D003,IT,Permanent,140456.74,,,,,Poor,Good,Poor,Good,Poor,0
2026-06-29,legacy_hr_system,employees.csv,641,641,Bautista,Gomez,D001,Finance,Permanent,175401.22,,,,,Good,Good,Fair,Fair,Excellent,1
2026-06-29,legacy_hr_system,employees.csv,642,642,Agostina,Garcia,D001,Finance,Permanent,137517.85,,,,,Good,Poor,Excellent,Good,Excellent,0
2026-06-29,legacy_hr_system,employees.csv,643,643,Lisandro,Ferreyra,D005,Operations,Permanent,,,,,,Good,Good,Good,Good,Good,0
2026-06-29,legacy_hr_system,employees.csv,644,644,Mia Morena,Hernandez,D002,Human Resources,Permanent,137719.64,,,,,Fair,Good,Good,Good,Fair,0
2026-06-29,legacy_hr_system,employees.csv,645,645,Ignacio,Nuñez,D001,Finance,Permanent,153261.11,,,,,Excellent,Fair,Good,Good,Poor,0
2026-06-29,legacy_hr_system,employees.csv,646,646,Valentino,Sosa,D004,Sales,Contractor,,3656.39,5007.27,30-99887766-1,Delta Consulting,Good,Good,Good,Fair,Good,0
2026-06-29,legacy_hr_system,employees.csv,647,647,Nahiara,Quiroga,D004,Sales,Contractor,,3853.34,5669.3,30-99887766-1,Delta Consulting,Fair,Good,Good,Good,Good,0
2026-06-29,legacy_hr_system,employees.csv,648,648,Francesca,Luna,D001,Finance,Permanent,161464.77,,,,,Fair,Excellent,Good,Good,Excellent,0
2026-06-29,legacy_hr_system,employees.csv,649,649,Maria Luz,Sanchez,D003,IT,Permanent,139461.3,,,,,Excellent,Fair,Excellent,Good,Fair,1
2026-06-29,legacy_hr_system,employees.csv,650,650,Thiago,Arias,D001,Finance,Contractor,,2866.31,4646.71,30-11223344-5,Gamma Consulting,Good,Poor,Good,Excellent,Good,1
2026-06-29,legacy_hr_system,employees.csv,651,651,Zoe Valentina,Carrizo,D005,Operations,Contractor,,3965.21,3683.06,30-99887766-1,Delta Consulting,Good,Poor,Good,Excellent,Good,0
2026-06-29,legacy_hr_system,employees.csv,652,652,Milena,Ponce,D003,IT,Contractor,,3294.94,4106.66,30-11223344-5,Gamma Consulting,Excellent,Good,Excellent,Excellent,Poor,0
2026-06-29,legacy_hr_system,employees.csv,653,653,Ramiro,Pereyra,D005,Operations,Permanent,120862.34,,,,,Good,Excellent,Excellent,Fair,Good,0
2026-06-29,legacy_hr_system,employees.csv,654,654,Mia Valentina,Flores,D003,IT,Contractor,,4022.76,4691.1,30-12345678-9,Alpha Consulting,Fair,Good,Poor,Fair,Good,0
2026-06-29,legacy_hr_system,employees.csv,655,655,Guadalupe,Torres,D002,Human Resources,Permanent,121393.1,,,,,Fair,Good,Fair,Fair,Good,0
2026-06-29,legacy_hr_system,employees.csv,656,656,Joaquin,Diaz,D002,Human Resources,Permanent,79204.32,,,,,Fair,Fair,Fair,Good,Good,0
2026-06-29,legacy_hr_system,employees.csv,657,657,Abigail,Suarez,D002,Human Resources,Permanent,142387.61,,,,,Fair,Good,Good,Fair,Excellent,0
2026-06-29,legacy_hr_system,employees.csv,658,658,Francisco,Fernandez,D004,Sales,Permanent,139364.53,,,,,Good,Poor,Poor,Good,Good,0
2026-06-29,legacy_hr_system,employees.csv,659,659,Bautista,Farias,D003,IT,Permanent,184897.64,,,,,Fair,Excellent,Poor,Good,Good,1
2026-06-29,legacy_hr_system,employees.csv,660,660,Santino,Vazquez,D001,Finance,Permanent,110766.65,,,,,Good,Good,Fair,Good,Good,0
2026-06-29,legacy_hr_system,employees.csv,661,661,Miguel Angel,Cruz,D003,IT,Permanent,126574.51,,,,,Excellent,Good,Good,Fair,Fair,0
2026-06-29,legacy_hr_system,employees.csv,662,662,Martina,Romero,D005,Operations,Contractor,,3199.51,6077.45,30-11223344-5,Gamma Consulting,Good,Poor,Good,Excellent,Excellent,0
2026-06-29,legacy_hr_system,employees.csv,663,663,Bautista Benjamin,Fernandez,D004,Sales,Permanent,117141.13,,,,,Excellent,Good,Good,Good,Excellent,0
2026-06-29,legacy_hr_system,employees.csv,664,664,Thiago,Lopez,D001,Finance,Permanent,128370.65,,,,,Good,Fair,Good,Good,Excellent,1
2026-06-29,legacy_hr_system,employees.csv,665,665,Ludmila,Vazquez,D001,Finance,Contractor,,3486.32,4686.61,30-87654321-0,Beta Consulting,Good,Fair,Good,Fair,Excellent,0
2026-06-29,legacy_hr_system,employees.csv,666,666,Alma Valentina,Lopez,D002,Human Resources,Permanent,106606.99,,,,,Good,Poor,Good,Poor,Good,0
2026-06-29,legacy_hr_system,employees.csv,667,667,Simon,Ramirez,D003,IT,Permanent,125822.7,,,,,Fair,Good,Excellent,Good,Poor,0
2026-06-29,legacy_hr_system,employees.csv,668,668,Amparo,Martinez,D003,IT,Permanent,152208.95,,,,,Excellent,Poor,Good,Good,Good,0
2026-06-29,legacy_hr_system,employees.csv,669,669,Simon,Garcia,D005,Operations,Contractor,,2178.79,4632.97,30-87654321-0,Beta Consulting,Good,Excellent,Good,Good,Excellent,0
2026-06-29,legacy_hr_system,employees.csv,670,670,Lautaro Ezequiel,Acosta,D003,IT,Contractor,,2439.9,5695.05,30-12345678-9,Alpha Consulting,Fair,Excellent,Good,Poor,Good,0
2026-06-29,legacy_hr_system,employees.csv,671,671,Mateo Benjamin,Sanchez,D003,IT,Contractor,,1781.45,3941.08,30-12345678-9,Alpha Consulting,Good,Poor,Good,Good,Fair,0
2026-06-29,legacy_hr_system,employees.csv,672,672,Alma Valentina,Herrera,D001,Finance,Permanent,131316.36,,,,,Excellent,Poor,Fair,Good,Good,1
2026-06-29,legacy_hr_system,employees.csv,673,673,Miguel Angel,Torres,D003,IT,Permanent,,,,,,Good,Excellent,Poor,Good,Good,0
2026-06-29,legacy_hr_system,employees.csv,674,674,Abigail,Velazquez,D003,IT,Permanent,118027.49,,,,,Good,Fair,Good,Excellent,Excellent,0
2026-06-29,legacy_hr_system,employees.csv,675,675,Malena,Garcia,D002,Human Resources,Permanent,103344.01,,,,,Good,Excellent,Good,Good,Fair,0
2026-06-29,legacy_hr_system,employees.csv,676,676,Olivia,Pereyra,D002,Human Resources,Permanent,176434.71,,,,,Excellent,Fair,Good,Good,Excellent,0
2026-06-29,legacy_hr_system,employees.csv,677,677,Nahiara,Maldonado,D003,IT,Permanent,76559.58,,,,,Poor,Fair,Poor,Excellent,Good,0
2026-06-29,legacy_hr_system,employees.csv,678,678,Juan,Fernandez,D001,Finance,Permanent,54035.82,,,,,Good,Good,Good,Poor,Fair,0
2026-06-29,legacy_hr_system,employees.csv,679,679,Valentina,Moreno,D005,Operations,Permanent,133200.43,,,,,Excellent,Fair,Good,Excellent,Poor,0
2026-06-29,legacy_hr_system,employees.csv,680,680,Francisca,Castro,D002,Human Resources,Contractor,,2598.36,3478.77,30-87654321-0,Beta Consulting,Excellent,Good,Poor,Fair,Excellent,0
2026-06-29,legacy_hr_system,employees.csv,681,681,Santino,Farias,D005,Operations,Permanent,141250.69,,,,,Fair,Excellent,Good,Good,Excellent,0
2026-06-29,legacy_hr_system,employees.csv,682,682,Mia Jazmin,Garcia,D003,IT,Contractor,,3195.04,3935.92,30-99887766-1,Delta Consulting,Good,Poor,Good,Excellent,Fair,0
2026-06-29,legacy_hr_system,employees.csv,683,683,Paulina,Perez,D001,Finance,Permanent,81590.87,,,,,Good,Excellent,Excellent,Good,Good,0
2026-06-29,legacy_hr_system,employees.csv,684,684,Mia Morena,Fernandez,D004,Sales,Permanent,146173.72,,,,,Good,Excellent,Fair,Good,Good,0
2026-06-29,legacy_hr_system,employees.csv,685,685,Lorenzo,Leiva,D004,Sales,Permanent,139506.04,,,,,Excellent,Poor,Fair,Good,Good,0
2026-06-29,legacy_hr_system,employees.csv,686,686,Delfina,Acosta,D004,Sales,Contractor,,2920.66,6346.64,30-87654321-0,Beta Consulting,Excellent,Good,Good,Good,Excellent,0
2026-06-29,legacy_hr_system,employees.csv,687,687,Lautaro,Gonzalez,D005,Operations,Permanent,87897.46,,,,,Good,Poor,Good,Fair,Good,0
2026-06-29,legacy_hr_system,employees.csv,688,688,Isabella,Gimenez,D002,Human Resources,Permanent,74234.24,,,,,Poor,Poor,Good,Fair,Poor,0
2026-06-29,legacy_hr_system,employees.csv,689,689,Francisco,Toledo,D004,Sales,Contractor,,2446.47,4454.41,30-87654321-0,Beta Consulting,Good,Excellent,Fair,Good,Poor,0
2026-06-29,legacy_hr_system,employees.csv,690,690,Thiago,Gonzalez,D002,Human Resources,Permanent,127300.18,,,,,Poor,Excellent,Good,Good,Good,0
2026-06-29,legacy_hr_system,employees.csv,691,691,Isabel,Mansilla,D004,Sales,Permanent,112762.92,,,,,Fair,Poor,Excellent,Fair,Good,0
2026-06-29,legacy_hr_system,employees.csv,692,692,Lara,Arias,D002,Human Resources,Contractor,,,3248.46,30-11223344-5,Gamma Consulting,Good,Fair,Fair,Good,Excellent,0
2026-06-29,legacy_hr_system,employees.csv,693,693,Valentino,Garcia,D002,Human Resources,Contractor,,4155.01,4417.85,30-87654321-0,Beta Consulting,Good,Good,Good,Good,Fair,0
2026-06-29,legacy_hr_system,employees.csv,694,694,Milena,Ledesma,D005,Operations,Permanent,153518.87,,,,,Good,Excellent,Fair,Good,Poor,0
2026-06-29,legacy_hr_system,employees.csv,695,695,Valentino,Vega,D002,Human Resources,Permanent,130281.76,,,,,Good,Good,Excellent,Good,Good,0
2026-06-29,legacy_hr_system,employees.csv,696,696,Tomàs,Gonzalez,D002,Human Resources,Contractor,,3365.4,5069.77,30-87654321-0,Beta Consulting,Fair,Good,Good,Excellent,Poor,1
2026-06-29,legacy_hr_system,employees.csv,697,697,Bautista,Perez,D001,Finance,Permanent,133431.26,,,,,Good,Fair,Good,Good,Good,0
2026-06-29,legacy_hr_system,employees.csv,698,698,Miguel Angel,Molina,D004,Sales,Contractor,,3514.18,5829.15,30-87654321-0,Beta Consulting,Good,Good,Good,Poor,Poor,1
2026-06-29,legacy_hr_system,employees.csv,699,699,Ian Benjamin,Pereyra,D001,Finance,Permanent,125895.64,,,,,Excellent,Poor,Fair,Good,Good,0
2026-06-29,legacy_hr_system,employees.csv,700,700,Santino,Garcia,D001,Finance,Permanent,141270.11,,,,,Good,Good,Excellent,Fair,Poor,0
2026-06-29,legacy_hr_system,employees.csv,701,701,Julieta,Gonzalez,D003,IT,Permanent,117307.93,,,,,Poor,Excellent,Good,Excellent,Good,0
2026-06-29,legacy_hr_system,employees.csv,702,702,Ciro,Arias,D005,Operations,Permanent,163203.52,,,,,Good,Fair,Fair,Good,Fair,0
2026-06-29,legacy_hr_system,employees.csv,703,703,Facundo,Gomez,D004,Sales,Contractor,,2458.89,6300.94,30-12345678-9,Alpha Consulting,Fair,Excellent,Fair,Good,Excellent,0
2026-06-29,legacy_hr_system,employees.csv,704,704,Florencia,Luna,D003,IT,Contractor,,2967.87,3069.22,30-87654321-0,Beta Consulting,Fair,Excellent,Fair,Fair,Excellent,1
2026-06-29,legacy_hr_system,employees.csv,705,705,Benjamin,Gutierrez,D003,IT,Contractor,,3102.48,,30-12345678-9,Alpha Consulting,Good,Good,Excellent,Good,Good,0
2026-06-29,legacy_hr_system,employees.csv,706,706,Emma,Fernandez,D005,Operations,Contractor,,3672.51,3847.38,30-87654321-0,Beta Consulting,Excellent,Good,Good,Good,Fair,0
2026-06-29,legacy_hr_system,employees.csv,707,707,Pedro,Cabrera,D002,Human Resources,Contractor,,2643.05,2610.46,30-87654321-0,Beta Consulting,Good,Fair,Good,Good,Excellent,0
2026-06-29,legacy_hr_system,employees.csv,708,708,Emma,Ramirez,D004,Sales,Permanent,106430.81,,,,,Good,Excellent,Fair,Good,Good,0
2026-06-29,legacy_hr_system,employees.csv,709,709,Vicente,Rodriguez,D005,Operations,Permanent,47283.62,,,,,Good,Good,Poor,Fair,Excellent,1
2026-06-29,legacy_hr_system,employees.csv,710,710,Martin,Rodriguez,D001,Finance,Permanent,72482.92,,,,,Fair,Good,Poor,Excellent,Good,0
2026-06-29,legacy_hr_system,employees.csv,711,711,Bruno,Gimenez,D004,Sales,Permanent,142812.44,,,,,Good,Poor,Excellent,Good,Good,1
2026-06-29,legacy_hr_system,employees.csv,712,712,Constantino,Castro,D004,Sales,Permanent,143574.0,,,,,Good,Good,Good,Excellent,Fair,0
2026-06-29,legacy_hr_system,employees.csv,713,713,Francesca,Herrera,D005,Operations,Contractor,,3340.37,3533.02,30-99887766-1,Delta Consulting,Good,Good,Fair,Good,Good,0
2026-06-29,legacy_hr_system,employees.csv,714,714,Juan Manuel,Chavez,D005,Operations,Permanent,118568.66,,,,,Good,Excellent,Fair,Excellent,Good,0
2026-06-29,legacy_hr_system,employees.csv,715,715,Valentina,Gonzalez,D003,IT,Contractor,,2997.12,3341.64,30-12345678-9,Alpha Consulting,Excellent,Good,Poor,Good,Excellent,0
2026-06-29,legacy_hr_system,employees.csv,716,716,Francesco,Romero,D002,Human Resources,Contractor,,4202.72,5377.36,30-87654321-0,Beta Consulting,Excellent,Excellent,Poor,Good,Good,0
2026-06-29,legacy_hr_system,employees.csv,717,717,Maria Paz,Morales,D002,Human Resources,Permanent,113371.07,,,,,Excellent,Good,Good,Good,Good,0
2026-06-29,legacy_hr_system,employees.csv,718,718,Thiago Nahuel,Ponce,D003,IT,Permanent,120806.58,,,,,Excellent,Poor,Fair,Poor,Poor,0
2026-06-29,legacy_hr_system,employees.csv,719,719,Ignacio,Gonzalez,D005,Operations,Contractor,,3166.71,2458.27,30-11223344-5,Gamma Consulting,Good,Good,Fair,Poor,Fair,1
2026-06-29,legacy_hr_system,employees.csv,720,720,Manuel,Correa,D002,Human Resources,Contractor,,2802.26,3818.02,30-99887766-1,Delta Consulting,Good,Excellent,Good,Excellent,Good,0
2026-06-29,legacy_hr_system,employees.csv,721,721,Joaquin,Vargas,D001,Finance,Permanent,89951.4,,,,,Fair,Good,Excellent,Excellent,Good,0
2026-06-29,legacy_hr_system,employees.csv,722,722,Valentin,Ledesma,D002,Human Resources,Contractor,,2775.12,6297.69,30-11223344-5,Gamma Consulting,Excellent,Excellent,Fair,Good,Poor,1
2026-06-29,legacy_hr_system,employees.csv,723,723,Agustín,Correa,D004,Sales,Permanent,139225.29,,,,,Good,Good,Poor,Poor,Good,0
2026-06-29,legacy_hr_system,employees.csv,724,724,Isabella,Ramos,D004,Sales,Permanent,102864.63,,,,,Good,Good,Good,Poor,Fair,0
2026-06-29,legacy_hr_system,employees.csv,725,725,Facundo,Garcia,D004,Sales,Contractor,,3458.07,5899.36,30-99887766-1,Delta Consulting,Fair,Good,Fair,Poor,Good,1
2026-06-29,legacy_hr_system,employees.csv,726,726,Martina,Diaz,D002,Human Resources,Contractor,,3739.71,4559.63,30-12345678-9,Alpha Consulting,Excellent,Good,Poor,Good,Good,1
2026-06-29,legacy_hr_system,employees.csv,727,727,Martina,Maidana,D005,Operations,Contractor,,2482.45,5198.22,30-12345678-9,Alpha Consulting,Excellent,Good,Good,Excellent,Good,0
2026-06-29,legacy_hr_system,employees.csv,728,728,Agustina,Olivera,D002,Human Resources,Permanent,131804.56,,,,,Fair,Good,Good,Fair,Good,0
2026-06-29,legacy_hr_system,employees.csv,729,729,Juan Pablo,Perez,D004,Sales,Permanent,146855.8,,,,,Good,Excellent,Excellent,Good,Poor,1
2026-06-29,legacy_hr_system,employees.csv,730,730,Zoe,Lopez,D004,Sales,Permanent,139055.15,,,,,Good,Good,Excellent,Poor,Good,0
2026-06-29,legacy_hr_system,employees.csv,731,731,Benicio,Vargas,D003,IT,Permanent,151486.58,,,,,Poor,Good,Good,Good,Good,0
2026-06-29,legacy_hr_system,employees.csv,732,732,Mateo Ezequiel,Romero,D004,Sales,Contractor,,2571.81,,30-12345678-9,Alpha Consulting,Good,Fair,Excellent,Good,Good,0
2026-06-29,legacy_hr_system,employees.csv,733,733,Juan Ignacio,Torres,D004,Sales,Contractor,,3158.08,6575.26,30-87654321-0,Beta Consulting,Good,Excellent,Good,Good,Poor,0
2026-06-29,legacy_hr_system,employees.csv,734,734,Mateo Agustin,Villalba,D003,IT,Permanent,99324.37,,,,,Poor,Good,Fair,Excellent,Excellent,0
2026-06-29,legacy_hr_system,employees.csv,735,735,Luciano Benjamin,Alvarez,D005,Operations,Permanent,172078.91,,,,,Good,Fair,Fair,Good,Good,0
2026-06-29,legacy_hr_system,employees.csv,736,736,Martin,Aguirre,D005,Operations,Permanent,125937.32,,,,,Fair,Excellent,Good,Good,Good,0
2026-06-29,legacy_hr_system,employees.csv,737,737,Guillermina,Blanco,D002,Human Resources,Permanent,100457.46,,,,,Excellent,Good,Excellent,Fair,Good,0
2026-06-29,legacy_hr_system,employees.csv,738,738,Maximo,Figueroa,D005,Operations,Contractor,,2612.89,4179.65,30-12345678-9,Alpha Consulting,Good,Poor,Excellent,Excellent,Excellent,0
2026-06-29,legacy_hr_system,employees.csv,739,739,Ian Benjamin,Rodriguez,D003,IT,Permanent,132724.98,,,,,Good,Poor,Good,Poor,Excellent,0
2026-06-29,legacy_hr_system,employees.csv,740,740,Juan Martin,Paz,D001,Finance,Permanent,135685.06,,,,,Fair,Excellent,Good,Excellent,Excellent,0
2026-06-29,legacy_hr_system,employees.csv,741,741,Manuel,Sanchez,D001,Finance,Permanent,102789.0,,,,,Fair,Fair,Excellent,Excellent,Fair,0
2026-06-29,legacy_hr_system,employees.csv,742,742,Bautista,Dominguez,D001,Finance,Permanent,,,,,,Poor,Excellent,Good,Excellent,Excellent,0
2026-06-29,legacy_hr_system,employees.csv,743,743,Julieta,Juarez,D005,Operations,Permanent,184268.11,,,,,Poor,Excellent,Good,Excellent,Fair,1
2026-06-29,legacy_hr_system,employees.csv,744,744,Pedro,Ledesma,D005,Operations,Permanent,171826.3,,,,,Excellent,Good,Fair,Good,Good,0
2026-06-29,legacy_hr_system,employees.csv,745,745,Lautaro,Gonzalez,D005,Operations,Contractor,,3349.06,4538.0,30-87654321-0,Beta Consulting,Fair,Poor,Excellent,Fair,Excellent,0
2026-06-29,legacy_hr_system,employees.csv,746,746,Tiziana,Sosa,D002,Human Resources,Contractor,,3096.03,5113.52,30-99887766-1,Delta Consulting,Good,Good,Good,Poor,Excellent,0
2026-06-29,legacy_hr_system,employees.csv,747,747,Mateo Joaquin,Perez,D004,Sales,Permanent,89316.22,,,,,Good,Good,Fair,Good,Good,0
2026-06-29,legacy_hr_system,employees.csv,748,748,Giovanni,Duarte,D004,Sales,Contractor,,2794.1,2831.42,30-11223344-5,Gamma Consulting,Good,Excellent,Good,Excellent,Good,0
2026-06-29,legacy_hr_system,employees.csv,749,749,Bautista,Godoy,D003,IT,Contractor,,3319.38,5147.2,30-99887766-1,Delta Consulting,Good,Good,Poor,Good,Fair,1
2026-06-29,legacy_hr_system,employees.csv,750,750,Guadalupe,Figueroa,D004,Sales,Contractor,,2613.45,6073.99,30-11223344-5,Gamma Consulting,Excellent,Poor,Good,Excellent,Good,0
2026-06-29,legacy_hr_system,employees.csv,751,751,Agostina,Moyano,D001,Finance,Permanent,83227.03,,,,,Good,Good,Poor,Fair,Fair,0
2026-06-29,legacy_hr_system,employees.csv,752,752,Felipe,Cabrera,D003,IT,Contractor,,1828.5,4724.45,30-11223344-5,Gamma Consulting,Good,Fair,Good,Good,Good,0
2026-06-29,legacy_hr_system,employees.csv,753,753,Sofia Belen,Gonzalez,D005,Operations,Permanent,151412.95,,,,,Fair,Fair,Poor,Good,Good,1
2026-06-29,legacy_hr_system,employees.csv,754,754,Bautista,Vargas,D004,Sales,Permanent,170517.83,,,,,Excellent,Good,Excellent,Good,Good,1
2026-06-29,legacy_hr_system,employees.csv,755,755,Guadalupe,Alvarez,D001,Finance,Permanent,106233.47,,,,,Excellent,Excellent,Good,Poor,Good,0
2026-06-29,legacy_hr_system,employees.csv,756,756,Tiziano,Juarez,D002,Human Resources,Permanent,152360.43,,,,,Good,Fair,Good,Good,Good,0
2026-06-29,legacy_hr_system,employees.csv,757,757,Agostina,Duarte,D003,IT,Contractor,,2969.19,4327.37,30-99887766-1,Delta Consulting,Good,Good,Fair,Good,Excellent,0
2026-06-29,legacy_hr_system,employees.csv,758,758,Thiago,Coronel,D004,Sales,Contractor,,3706.93,5152.32,30-12345678-9,Alpha Consulting,Good,Good,Good,Good,Excellent,0
2026-06-29,legacy_hr_system,employees.csv,759,759,Dante,Pereyra,D003,IT,Contractor,,1738.89,5976.54,30-87654321-0,Beta Consulting,Good,Excellent,Fair,Good,Excellent,0
2026-06-29,legacy_hr_system,employees.csv,760,760,Camila,Ferreyra,D005,Operations,Contractor,,4104.07,3874.44,30-99887766-1,Delta Consulting,Good,Fair,Good,Good,Good,1
2026-06-29,legacy_hr_system,employees.csv,761,761,Valentina,Gomez,D005,Operations,Contractor,,3316.64,4994.03,30-11223344-5,Gamma Consulting,Good,Excellent,Excellent,Fair,Good,0
2026-06-29,legacy_hr_system,employees.csv,762,762,Abril,Aguirre,D001,Finance,Contractor,,3208.54,3949.69,30-11223344-5,Gamma Consulting,Good,Good,Poor,Good,Excellent,0
2026-06-29,legacy_hr_system,employees.csv,763,763,Francesca,Castro,D002,Human Resources,Contractor,,2462.7,4474.45,30-12345678-9,Alpha Consulting,Poor,Excellent,Good,Good,Excellent,0
2026-06-29,legacy_hr_system,employees.csv,764,764,Thiago Benjamin,Perez,D004,Sales,Contractor,,3938.18,5043.6,30-99887766-1,Delta Consulting,Good,Poor,Good,Good,Good,1
2026-06-29,legacy_hr_system,employees.csv,765,765,Tomàs,Franco,D004,Sales,Permanent,108881.57,,,,,Good,Excellent,Good,Good,Good,0
2026-06-29,legacy_hr_system,employees.csv,766,766,Emilia,Avila,D003,IT,Permanent,143150.96,,,,,Good,Poor,Good,Good,Poor,0
2026-06-29,legacy_hr_system,employees.csv,767,767,Morena,Gomez,D005,Operations,Permanent,34543.72,,,,,Good,Good,Good,Fair,Good,1
2026-06-29,legacy_hr_system,employees.csv,768,768,Elena,Acosta,D005,Operations,Permanent,154462.97,,,,,Good,Excellent,Fair,Good,Good,0
2026-06-29,legacy_hr_system,employees.csv,769,769,Tiziano Valentin,Acosta,D003,IT,Permanent,67808.59,,,,,Good,Good,Good,Good,Good,0
2026-06-29,legacy_hr_system,employees.csv,770,770,Catalina,Castillo,D005,Operations,Permanent,109126.77,,,,,Excellent,Fair,Fair,Good,Good,1
2026-06-29,legacy_hr_system,employees.csv,771,771,Juan Gabriel,Sanchez,D004,Sales,Permanent,86409.9,,,,,Good,Fair,Fair,Poor,Poor,0
2026-06-29,legacy_hr_system,employees.csv,772,772,Lautaro,Rodriguez,D001,Finance,Permanent,81159.56,,,,,Good,Excellent,Excellent,Good,Good,0
2026-06-29,legacy_hr_system,employees.csv,773,773,Juan Pablo,Paez,D003,IT,Contractor,,3928.66,4032.3,30-12345678-9,Alpha Consulting,Good,Fair,Good,Good,Excellent,0
2026-06-29,legacy_hr_system,employees.csv,774,774,Mia Jazmin,Vera,D002,Human Resources,Permanent,130395.12,,,,,Excellent,Excellent,Good,Fair,Good,0
2026-06-29,legacy_hr_system,employees.csv,775,775,Dylan,Godoy,D004,Sales,Permanent,118592.38,,,,,Poor,Good,Good,Excellent,Fair,0
2026-06-29,legacy_hr_system,employees.csv,776,776,Geronimo,Gimenez,D005,Operations,Permanent,134311.22,,,,,Fair,Poor,Good,Excellent,Fair,0
2026-06-29,legacy_hr_system,employees.csv,777,777,Juan Ignacio,Diaz,D005,Operations,Permanent,122304.66,,,,,Excellent,Poor,Fair,Good,Fair,0
2026-06-29,legacy_hr_system,employees.csv,778,778,Valentino,Arias,D002,Human Resources,Permanent,81510.23,,,,,Good,Good,Excellent,Good,Good,0
2026-06-29,legacy_hr_system,employees.csv,779,779,Benjamin,Castro,D005,Operations,Permanent,149888.0,,,,,Fair,Good,Excellent,Fair,Good,0
2026-06-29,legacy_hr_system,employees.csv,780,780,Guadalupe,Cordoba,D004,Sales,Contractor,,2604.99,2943.42,30-87654321-0,Beta Consulting,Poor,Good,Excellent,Good,Good,0
2026-06-29,legacy_hr_system,employees.csv,781,781,Nicolas,Cabrera,D005,Operations,Permanent,107156.55,,,,,Good,Good,Excellent,Good,Good,0
2026-06-29,legacy_hr_system,employees.csv,782,782,Catalina,Sanchez,D003,IT,Contractor,,4200.61,5350.22,30-87654321-0,Beta Consulting,Good,Fair,Fair,Excellent,Poor,0
2026-06-29,legacy_hr_system,employees.csv,783,783,Angel Gabriel,Muñoz,D001,Finance,Contractor,,2721.08,4150.74,30-87654321-0,Beta Consulting,Good,Good,Good,Fair,Poor,0
2026-06-29,legacy_hr_system,employees.csv,784,784,Bruno,Vazquez,D005,Operations,Contractor,,2742.69,6576.75,30-99887766-1,Delta Consulting,Good,Poor,Good,Poor,Good,0
2026-06-29,legacy_hr_system,employees.csv,785,785,Gael,Rodriguez,D002,Human Resources,Permanent,131458.06,,,,,Fair,Excellent,Good,Good,Fair,0
2026-06-29,legacy_hr_system,employees.csv,786,786,Renzo,Moreno,D001,Finance,Unknown,132901.25,,,,,Excellent,Fair,Good,Fair,Poor,0
2026-06-29,legacy_hr_system,employees.csv,787,787,Tomàs,Peralta,D004,Sales,Contractor,,3824.23,4738.79,30-12345678-9,Alpha Consulting,Fair,Good,Good,Good,Good,0
2026-06-29,legacy_hr_system,employees.csv,788,788,Lautaro,Lucero,D003,IT,Permanent,112228.74,,,,,Excellent,Excellent,Good,Good,Fair,0
2026-06-29,legacy_hr_system,employees.csv,789,789,Fausto,Godoy,D004,Sales,Permanent,114109.5,,,,,Good,Good,Excellent,Good,Fair,0
2026-06-29,legacy_hr_system,employees.csv,790,790,Joaquin,Martin,D002,Human Resources,Contractor,,2942.72,4462.78,30-99887766-1,Delta Consulting,Fair,Good,Good,Fair,Good,0
2026-06-29,legacy_hr_system,employees.csv,791,791,Lorenzo,Bustos,D003,IT,Contractor,,3582.1,4551.95,30-87654321-0,Beta Consulting,Excellent,Good,Good,Good,Fair,0
2026-06-29,legacy_hr_system,employees.csv,792,792,Isabella,Gomez,D001,Finance,Contractor,,3586.11,4419.28,30-87654321-0,Beta Consulting,Poor,Poor,Excellent,Fair,Excellent,0
2026-06-29,legacy_hr_system,employees.csv,793,793,Felipe,Lopez,D004,Sales,Contractor,,3062.91,2501.8,30-87654321-0,Beta Consulting,Excellent,Good,Poor,Excellent,Fair,0
2026-06-29,legacy_hr_system,employees.csv,794,794,Juan Cruz,Vega,D004,Sales,Contractor,,3733.06,4846.49,30-99887766-1,Delta Consulting,Excellent,Fair,Excellent,Fair,Fair,0
2026-06-29,legacy_hr_system,employees.csv,795,795,Lautaro,Acuña,D004,Sales,Permanent,149940.3,,,,,Good,Good,Good,Fair,Fair,0
2026-06-29,legacy_hr_system,employees.csv,796,796,Kiara,Farias,D002,Human Resources,Permanent,33112.34,,,,,Excellent,Good,Good,Good,Poor,0
2026-06-29,legacy_hr_system,employees.csv,797,797,Valentina,Godoy,D004,Sales,Permanent,182651.24,,,,,Good,Fair,Poor,Good,Good,0
2026-06-29,legacy_hr_system,employees.csv,798,798,Nicolas,Gomez,D004,Sales,Contractor,,2888.33,5608.18,30-11223344-5,Gamma Consulting,Excellent,Good,Excellent,Poor,Good,0
2026-06-29,legacy_hr_system,employees.csv,799,799,Julieta,Rojas,D005,Operations,Contractor,,2168.08,5112.77,30-12345678-9,Alpha Consulting,Excellent,Good,Good,Poor,Good,0
2026-06-29,legacy_hr_system,employees.csv,800,800,Juan Bautista,Lopez,D005,Operations,Permanent,88397.53,,,,,Excellent,Excellent,Good,Good,Good,0
2026-06-29,legacy_hr_system,employees.csv,801,801,Nahiara Jazmin,Fernandez,D005,Operations,Permanent,101286.93,,,,,Good,Good,Poor,Good,Poor,0
2026-06-29,legacy_hr_system,employees.csv,802,802,Milagros,Muñoz,D003,IT,Contractor,,4531.23,4309.32,30-11223344-5,Gamma Consulting,Poor,Good,Fair,Poor,Good,0
2026-06-29,legacy_hr_system,employees.csv,803,803,Sofía,Mansilla,D002,Human Resources,Permanent,126522.99,,,,,Poor,Fair,Excellent,Fair,Good,0
2026-06-29,legacy_hr_system,employees.csv,804,804,Lucas,Paz,D001,Finance,Permanent,146102.03,,,,,Excellent,Excellent,Good,Excellent,Good,0
2026-06-29,legacy_hr_system,employees.csv,805,805,Martina,Gonzalez,D004,Sales,Permanent,134870.46,,,,,Good,Fair,Good,Good,Fair,1
2026-06-29,legacy_hr_system,employees.csv,806,806,Santino Benjamin,Silva,D001,Finance,Permanent,124512.57,,,,,Good,Good,Fair,Fair,Fair,0
2026-06-29,legacy_hr_system,employees.csv,807,807,Jeremias,Vazquez,D005,Operations,Permanent,130948.83,,,,,Poor,Excellent,Fair,Excellent,Poor,0
2026-06-29,legacy_hr_system,employees.csv,808,808,Ciro,Godoy,D004,Sales,Contractor,,4922.73,4442.38,30-11223344-5,Gamma Consulting,Excellent,Good,Good,Good,Good,1
2026-06-29,legacy_hr_system,employees.csv,809,809,Guillermina,Morales,D003,IT,Permanent,126032.97,,,,,Excellent,Fair,Good,Good,Poor,0
2026-06-29,legacy_hr_system,employees.csv,810,810,Emilia,Campos,D001,Finance,Permanent,151519.63,,,,,Excellent,Good,Good,Poor,Poor,1
2026-06-29,legacy_hr_system,employees.csv,811,811,Jazmin,Cordoba,D005,Operations,Permanent,153165.78,,,,,Fair,Fair,Good,Fair,Fair,0
2026-06-29,legacy_hr_system,employees.csv,812,812,Ramiro,Garcia,D005,Operations,Permanent,155610.91,,,,,Good,Excellent,Poor,Fair,Excellent,0
2026-06-29,legacy_hr_system,employees.csv,813,813,Bautista,Rodriguez,D002,Human Resources,Permanent,139161.91,,,,,Good,Good,Poor,Excellent,Good,0
2026-06-29,legacy_hr_system,employees.csv,814,814,Simon,Suarez,D003,IT,Contractor,,2085.6,6133.43,30-87654321-0,Beta Consulting,Good,Excellent,Good,Excellent,Good,0
2026-06-29,legacy_hr_system,employees.csv,815,815,Sofia,Juarez,D003,IT,Permanent,85609.64,,,,,Good,Fair,Fair,Good,Good,0
2026-06-29,legacy_hr_system,employees.csv,816,816,Josefina,Vera,D001,Finance,Permanent,129079.06,,,,,Poor,Good,Good,Fair,Poor,0
2026-06-29,legacy_hr_system,employees.csv,817,817,Abril,Guzman,D005,Operations,Permanent,97371.72,,,,,Good,Excellent,Fair,Good,Poor,0
2026-06-29,legacy_hr_system,employees.csv,818,818,Candelaria,Fernandez,D003,IT,Contractor,,2948.69,4828.76,30-99887766-1,Delta Consulting,Good,Excellent,Excellent,Excellent,Excellent,0
2026-06-29,legacy_hr_system,employees.csv,819,819,Thiago,Castro,D001,Finance,Permanent,129640.72,,,,,Fair,Fair,Good,Good,Fair,0
2026-06-29,legacy_hr_system,employees.csv,820,820,Juan Cruz,Herrera,D004,Sales,Permanent,132657.62,,,,,Excellent,Good,Excellent,Fair,Good,0
2026-06-29,legacy_hr_system,employees.csv,821,821,Thiago Benjamin,Martinez,D004,Sales,Contractor,,4290.97,4953.53,30-99887766-1,Delta Consulting,Good,Good,Poor,Fair,Excellent,0
2026-06-29,legacy_hr_system,employees.csv,822,822,Catalina,Garcia,D005,Operations,Permanent,112675.3,,,,,Good,Good,Excellent,Good,Excellent,0
2026-06-29,legacy_hr_system,employees.csv,823,823,Olivia,Cabrera,D004,Sales,Contractor,,3771.27,5689.47,30-99887766-1,Delta Consulting,Good,Fair,Good,Good,Poor,0
2026-06-29,legacy_hr_system,employees.csv,824,824,Valentina,Guzman,D003,IT,Permanent,83171.77,,,,,Excellent,Excellent,Fair,Good,Excellent,0
2026-06-29,legacy_hr_system,employees.csv,825,825,Mateo,Romero,D004,Sales,Contractor,,3477.92,5201.17,30-87654321-0,Beta Consulting,Good,Good,Fair,Excellent,Good,0
2026-06-29,legacy_hr_system,employees.csv,826,826,Dante,Sanchez,D004,Sales,Permanent,111073.09,,,,,Excellent,Poor,Fair,Good,Good,0
2026-06-29,legacy_hr_system,employees.csv,827,827,Paulina,Aguirre,D004,Sales,Permanent,161271.2,,,,,Good,Good,Fair,Excellent,Excellent,0
2026-06-29,legacy_hr_system,employees.csv,828,828,Agustina,Aguirre,D004,Sales,Contractor,,2879.96,4625.58,30-99887766-1,Delta Consulting,Fair,Good,Good,Good,Good,0
2026-06-29,legacy_hr_system,employees.csv,829,829,Julieta,Gonzalez,D005,Operations,Unknown,,2861.54,4515.58,30-99887766-1,Delta Consulting,Good,Excellent,Excellent,Good,Good,0
2026-06-29,legacy_hr_system,employees.csv,830,830,Rosario,Gimenez,D004,Sales,Contractor,,2122.98,3059.95,30-12345678-9,Alpha Consulting,Good,Poor,Good,Good,Excellent,0
2026-06-29,legacy_hr_system,employees.csv,831,831,Nahiara,Diaz,D002,Human Resources,Permanent,167835.15,,,,,Good,Good,Good,Good,Poor,1
2026-06-29,legacy_hr_system,employees.csv,832,832,Benicio,Rodriguez,D004,Sales,Permanent,94591.16,,,,,Good,Fair,Poor,Fair,Good,0
2026-06-29,legacy_hr_system,employees.csv,833,833,Morena,Cruz,D004,Sales,Contractor,,2206.89,2346.61,30-87654321-0,Beta Consulting,Good,Good,Fair,Good,Excellent,0
2026-06-29,legacy_hr_system,employees.csv,834,834,Ambar,Herrera,D005,Operations,Permanent,100831.15,,,,,Fair,Poor,Good,Good,Good,1
2026-06-29,legacy_hr_system,employees.csv,835,835,Mateo Benjamin,Farias,D003,IT,Contractor,,1941.53,6142.02,30-11223344-5,Gamma Consulting,Good,Excellent,Fair,Good,Fair,0
2026-06-29,legacy_hr_system,employees.csv,836,836,Lorenzo,Cruz,D001,Finance,Contractor,,3807.85,3811.85,30-12345678-9,Alpha Consulting,Good,Good,Poor,Fair,Fair,0
2026-06-29,legacy_hr_system,employees.csv,837,837,Ian Benjamin,Coronel,D005,Operations,Permanent,187573.07,,,,,Excellent,Good,Good,Good,Fair,1
2026-06-29,legacy_hr_system,employees.csv,838,838,Guadalupe,Ruiz,D004,Sales,Contractor,,3785.41,4175.17,30-12345678-9,Alpha Consulting,Poor,Fair,Good,Fair,Excellent,0
2026-06-29,legacy_hr_system,employees.csv,839,839,Franco,Diaz,D005,Operations,Permanent,45017.83,,,,,Good,Fair,Poor,Excellent,Good,0
2026-06-29,legacy_hr_system,employees.csv,840,840,Nicolas,Rodriguez,D005,Operations,Permanent,188728.28,,,,,Fair,Excellent,Good,Fair,Excellent,0
2026-06-29,legacy_hr_system,employees.csv,841,841,Juan Bautista,Coronel,D004,Sales,Unknown,,1888.34,2854.6,30-12345678-9,Alpha Consulting,Good,Fair,Good,Good,Excellent,0
2026-06-29,legacy_hr_system,employees.csv,842,842,Victoria,Olivera,D004,Sales,Permanent,150677.11,,,,,Good,Excellent,Fair,Good,Good,0
2026-06-29,legacy_hr_system,employees.csv,843,843,Thiago Ezequiel,Gomez,D004,Sales,Contractor,,4951.8,5884.27,30-99887766-1,Delta Consulting,Poor,Good,Good,Poor,Good,0
2026-06-29,legacy_hr_system,employees.csv,844,844,Candelaria,Ruiz,D005,Operations,Contractor,,3451.13,5094.75,30-12345678-9,Alpha Consulting,Good,Good,Fair,Good,Good,0
2026-06-29,legacy_hr_system,employees.csv,845,845,Geronimo,Romero,D002,Human Resources,Contractor,,3682.73,5258.93,30-12345678-9,Alpha Consulting,Poor,Poor,Fair,Fair,Poor,0
2026-06-29,legacy_hr_system,employees.csv,846,846,Luisana,Navarro,D005,Operations,Contractor,,3224.95,4604.2,30-11223344-5,Gamma Consulting,Poor,Excellent,Good,Good,Poor,0
2026-06-29,legacy_hr_system,employees.csv,847,847,Sofia,Gimenez,D004,Sales,Contractor,,2949.93,3746.04,30-99887766-1,Delta Consulting,Good,Fair,Fair,Good,Excellent,0
2026-06-29,legacy_hr_system,employees.csv,848,848,Guillermina,Gonzalez,D001,Finance,Permanent,111579.75,,,,,Good,Fair,Fair,Good,Good,0
2026-06-29,legacy_hr_system,employees.csv,849,849,Valentino,Romero,D005,Operations,Permanent,69211.3,,,,,Good,Fair,Excellent,Excellent,Fair,0
2026-06-29,legacy_hr_system,employees.csv,850,850,Agustin,Medina,D002,Human Resources,Contractor,,2921.33,3511.41,30-11223344-5,Gamma Consulting,Fair,Poor,Excellent,Excellent,Good,0
2026-06-29,legacy_hr_system,employees.csv,851,851,Sofía,Gutierrez,D003,IT,Permanent,86892.32,,,,,Fair,Poor,Good,Good,Excellent,0
2026-06-29,legacy_hr_system,employees.csv,852,852,Ignacio,Cabrera,D002,Human Resources,Contractor,,3143.92,5892.0,30-87654321-0,Beta Consulting,Good,Good,Fair,Fair,Good,0
2026-06-29,legacy_hr_system,employees.csv,853,853,Mateo,Olivera,D005,Operations,Contractor,,3734.65,2929.5,30-12345678-9,Alpha Consulting,Good,Good,Fair,Good,Excellent,0
2026-06-29,legacy_hr_system,employees.csv,854,854,Tiziano Benjamin,Garcia,D004,Sales,Permanent,90311.16,,,,,Excellent,Fair,Good,Good,Good,0
2026-06-29,legacy_hr_system,employees.csv,855,855,Alma,Rivero,D005,Operations,Permanent,148223.14,,,,,Fair,Fair,Good,Good,Poor,0
2026-06-29,legacy_hr_system,employees.csv,856,856,Julia,Vega,D004,Sales,Unknown,,2214.01,4275.37,30-99887766-1,Delta Consulting,Fair,Excellent,Excellent,Fair,Excellent,0
2026-06-29,legacy_hr_system,employees.csv,857,857,Julieta,Maldonado,D005,Operations,Permanent,136501.56,,,,,Good,Good,Fair,Poor,Good,1
2026-06-29,legacy_hr_system,employees.csv,858,858,Guadalupe,Peralta,D005,Operations,Contractor,,2225.32,4605.38,30-12345678-9,Alpha Consulting,Excellent,Good,Excellent,Excellent,Good,1
2026-06-29,legacy_hr_system,employees.csv,859,859,Giovanni,Nuñez,D003,IT,Permanent,79979.24,,,,,Excellent,Excellent,Fair,Good,Poor,0
2026-06-29,legacy_hr_system,employees.csv,860,860,Violeta,Muñoz,D003,IT,Permanent,101958.97,,,,,Fair,Good,Excellent,Good,Fair,0
2026-06-29,legacy_hr_system,employees.csv,861,861,Luciano,Gonzalez,D005,Operations,Permanent,129593.46,,,,,Good,Good,Good,Fair,Fair,0
2026-06-29,legacy_hr_system,employees.csv,862,862,Agustin,Martin,D002,Human Resources,Permanent,72210.19,,,,,Good,Good,Good,Fair,Good,0
2026-06-29,legacy_hr_system,employees.csv,863,863,Sofia Belen,Ramos,D005,Operations,Permanent,133214.24,,,,,Good,Good,Good,Poor,Fair,0
2026-06-29,legacy_hr_system,employees.csv,864,864,Dante,Muñoz,D001,Finance,Contractor,,2984.29,5052.49,30-12345678-9,Alpha Consulting,Good,Fair,Fair,Good,Excellent,0
2026-06-29,legacy_hr_system,employees.csv,865,865,Maria Victoria,Lopez,D002,Human Resources,Contractor,,3179.13,5864.14,30-12345678-9,Alpha Consulting,Poor,Good,Fair,Good,Excellent,0
2026-06-29,legacy_hr_system,employees.csv,866,866,Agustín,Rios,D005,Operations,Permanent,123756.74,,,,,Excellent,Fair,Good,Fair,Fair,0
2026-06-29,legacy_hr_system,employees.csv,867,867,Maite,Fernandez,D005,Operations,Contractor,,2656.48,4622.3,30-99887766-1,Delta Consulting,Good,Good,Poor,Good,Excellent,0
2026-06-29,legacy_hr_system,employees.csv,868,868,Thiago Ezequiel,Gonzalez,D005,Operations,Permanent,136298.94,,,,,Good,Excellent,Excellent,Excellent,Excellent,0
2026-06-29,legacy_hr_system,employees.csv,869,869,Santino Agustin,Gomez,D001,Finance,Permanent,121465.8,,,,,Poor,Good,Excellent,Poor,Excellent,0
2026-06-29,legacy_hr_system,employees.csv,870,870,Benjamin,Sanchez,D003,IT,Permanent,121217.75,,,,,Good,Good,Good,Good,Fair,0
2026-06-29,legacy_hr_system,employees.csv,871,871,Felipe,Ledesma,D002,Human Resources,Permanent,98940.25,,,,,Good,Good,Good,Good,Poor,0
2026-06-29,legacy_hr_system,employees.csv,872,872,Renata,Ramos,D003,IT,Permanent,100112.97,,,,,Good,Good,Good,Good,Fair,0
2026-06-29,legacy_hr_system,employees.csv,873,873,Mateo Valentin,Hernandez,D005,Operations,Contractor,,1877.92,6249.58,30-87654321-0,Beta Consulting,Fair,Good,Excellent,Good,Good,0
2026-06-29,legacy_hr_system,employees.csv,874,874,Abril,Rodriguez,D005,Operations,Permanent,82684.1,,,,,Poor,Good,Poor,Fair,Good,0
2026-06-29,legacy_hr_system,employees.csv,875,875,Valentino,Diaz,D005,Operations,Permanent,,,,,,Excellent,Good,Fair,Good,Poor,0
2026-06-29,legacy_hr_system,employees.csv,876,876,Juan Cruz,Dominguez,D004,Sales,Permanent,98447.78,,,,,Good,Good,Poor,Fair,Good,1
2026-06-29,legacy_hr_system,employees.csv,877,877,Bruno,Sanchez,D003,IT,Permanent,146847.73,,,,,Fair,Good,Good,Good,Excellent,0
2026-06-29,legacy_hr_system,employees.csv,878,878,Joaquin,Bustos,D005,Operations,Contractor,,2764.04,5747.74,30-99887766-1,Delta Consulting,Good,Good,Fair,Fair,Poor,0
2026-06-29,legacy_hr_system,employees.csv,879,879,Alma,Sosa,D004,Sales,Permanent,99795.28,,,,,Good,Good,Good,Poor,Good,1
2026-06-29,legacy_hr_system,employees.csv,880,880,Thiago Nahuel,Muñoz,D002,Human Resources,Contractor,,3223.2,3664.65,30-12345678-9,Alpha Consulting,Good,Excellent,Excellent,Excellent,Good,0
2026-06-29,legacy_hr_system,employees.csv,881,881,Mia Valentina,Ledesma,D004,Sales,Contractor,,4716.12,3312.4,30-12345678-9,Alpha Consulting,Fair,Good,Excellent,Excellent,Fair,0
2026-06-29,legacy_hr_system,employees.csv,882,882,Tomas,Lopez,D001,Finance,Permanent,129294.62,,,,,Fair,Fair,Good,Excellent,Fair,0
2026-06-29,legacy_hr_system,employees.csv,883,883,Emma,Castro,D001,Finance,Permanent,139013.31,,,,,Good,Excellent,Excellent,Fair,Fair,0
2026-06-29,legacy_hr_system,employees.csv,884,884,Francisco,Valdez,D003,IT,Permanent,132413.97,,,,,Fair,Good,Fair,Good,Poor,1
2026-06-29,legacy_hr_system,employees.csv,885,885,Juana,Garcia,D001,Finance,Permanent,572206.85,,,,,Poor,Fair,Good,Excellent,Fair,0
2026-06-29,legacy_hr_system,employees.csv,886,886,Sofia,Vega,D003,IT,Permanent,116105.38,,,,,Good,Good,Good,Good,Good,0
2026-06-29,legacy_hr_system,employees.csv,887,887,Josefina,Sosa,D001,Finance,Permanent,121314.34,,,,,Fair,Excellent,Poor,Fair,Fair,0
2026-06-29,legacy_hr_system,employees.csv,888,888,Lucas Benjamin,Arias,D003,IT,Permanent,115589.94,,,,,Good,Poor,Good,Good,Good,0
2026-06-29,legacy_hr_system,employees.csv,889,889,Victoria,Gomez,D004,Sales,Permanent,148916.37,,,,,Good,Good,Good,Fair,Good,1
2026-06-29,legacy_hr_system,employees.csv,890,890,Amparo,Alvarez,D004,Sales,Unknown,186315.69,,,,,Good,Good,Good,Fair,Fair,0
2026-06-29,legacy_hr_system,employees.csv,891,891,Giovanni,Maldonado,D003,IT,Contractor,,2554.01,3130.2,30-99887766-1,Delta Consulting,Good,Good,Good,Fair,Fair,1
2026-06-29,legacy_hr_system,employees.csv,892,892,Ivan,Cordoba,D002,Human Resources,Contractor,,2929.37,7079.71,30-99887766-1,Delta Consulting,Poor,Poor,Excellent,Good,Excellent,0
2026-06-29,legacy_hr_system,employees.csv,893,893,Juana,Garcia,D001,Finance,Permanent,95889.76,,,,,Fair,Good,Good,Good,Good,0
2026-06-29,legacy_hr_system,employees.csv,894,894,Thiago Agustin,Sosa,D002,Human Resources,Contractor,,4311.29,6177.7,30-12345678-9,Alpha Consulting,Fair,Good,Good,Excellent,Good,0
2026-06-29,legacy_hr_system,employees.csv,895,895,Simon,Perez,D001,Finance,Contractor,,2557.13,5068.98,30-12345678-9,Alpha Consulting,Excellent,Excellent,Excellent,Good,Fair,0
2026-06-29,legacy_hr_system,employees.csv,896,896,Jazmin,Diaz,D002,Human Resources,Permanent,168851.9,,,,,Fair,Excellent,Good,Good,Excellent,0
2026-06-29,legacy_hr_system,employees.csv,897,897,Mateo Benjamin,Maidana,D001,Finance,Unknown,108626.17,,,,,Good,Excellent,Fair,Good,Good,0
2026-06-29,legacy_hr_system,employees.csv,898,898,Genaro,Fernandez,D001,Finance,Permanent,113892.59,,,,,Good,Good,Good,Excellent,Good,0
2026-06-29,legacy_hr_system,employees.csv,899,899,Mora,Nuñez,D001,Finance,Permanent,102549.57,,,,,Good,Excellent,Excellent,Good,Excellent,0
2026-06-29,legacy_hr_system,employees.csv,900,900,Emma,Carrizo,D002,Human Resources,Contractor,,2188.19,3850.72,30-87654321-0,Beta Consulting,Good,Good,Good,Fair,Good,0
2026-06-29,legacy_hr_system,employees.csv,901,901,Julia,Godoy,D001,Finance,Permanent,83281.79,,,,,Good,Good,Poor,Fair,Good,0
2026-06-29,legacy_hr_system,employees.csv,902,902,Isabella,Ramirez,D002,Human Resources,Permanent,121022.5,,,,,Good,Good,Good,Excellent,Good,0
2026-06-29,legacy_hr_system,employees.csv,903,903,Lucio,Gomez,D001,Finance,Permanent,96900.8,,,,,Fair,Good,Excellent,Good,Poor,0
2026-06-29,legacy_hr_system,employees.csv,904,904,Milo,Gonzalez,D002,Human Resources,Contractor,,3187.03,2944.1,30-11223344-5,Gamma Consulting,Excellent,Good,Good,Good,Good,1
2026-06-29,legacy_hr_system,employees.csv,905,905,Nicolas,Soria,D005,Operations,Contractor,,3264.7,5333.53,30-11223344-5,Gamma Consulting,Good,Excellent,Good,Fair,Excellent,0
2026-06-29,legacy_hr_system,employees.csv,906,906,Lola,Maidana,D001,Finance,Contractor,,1405.01,4874.06,30-87654321-0,Beta Consulting,Good,Good,Good,Fair,Fair,0
2026-06-29,legacy_hr_system,employees.csv,907,907,Enzo,Herrera,D004,Sales,Permanent,156830.07,,,,,Excellent,Poor,Good,Excellent,Excellent,0
2026-06-29,legacy_hr_system,employees.csv,908,908,Sofia,Soto,D003,IT,Permanent,83710.77,,,,,Good,Poor,Good,Poor,Excellent,0
2026-06-29,legacy_hr_system,employees.csv,909,909,Juan Cruz,Moreno,D002,Human Resources,Contractor,,4338.06,4919.02,30-87654321-0,Beta Consulting,Good,Good,Excellent,Excellent,Fair,1
2026-06-29,legacy_hr_system,employees.csv,910,910,Luz Maria,Gomez,D001,Finance,Contractor,,2435.99,4444.23,30-87654321-0,Beta Consulting,Good,Fair,Excellent,Poor,Good,0
2026-06-29,legacy_hr_system,employees.csv,911,911,Dante,Rojas,D003,IT,Contractor,,3446.66,4576.01,30-99887766-1,Delta Consulting,Fair,Excellent,Excellent,Poor,Fair,0
2026-06-29,legacy_hr_system,employees.csv,912,912,Lisandro,Maidana,D004,Sales,Contractor,,3431.0,3579.33,30-11223344-5,Gamma Consulting,Good,Poor,Good,Excellent,Good,0
2026-06-29,legacy_hr_system,employees.csv,913,913,Ian Ezequiel,Lopez,D005,Operations,Permanent,125080.82,,,,,Excellent,Good,Good,Good,Excellent,0
2026-06-29,legacy_hr_system,employees.csv,914,914,Lautaro Nicolas,Lopez,D005,Operations,Contractor,,1869.03,4388.77,30-87654321-0,Beta Consulting,Fair,Fair,Fair,Good,Excellent,0
2026-06-29,legacy_hr_system,employees.csv,915,915,Alma Jazmin,Franco,D005,Operations,Permanent,92882.77,,,,,Good,Excellent,Fair,Good,Good,1
2026-06-29,legacy_hr_system,employees.csv,916,916,Camila,Aguirre,D004,Sales,Permanent,489670.5,,,,,Good,Poor,Good,Excellent,Good,0
2026-06-29,legacy_hr_system,employees.csv,917,917,Santiago Nicolas,Soto,D002,Human Resources,Permanent,157082.8,,,,,Good,Fair,Good,Poor,Good,0
2026-06-29,legacy_hr_system,employees.csv,918,918,Gabriel,Lucero,D002,Human Resources,Contractor,,3873.05,5109.14,30-11223344-5,Gamma Consulting,Good,Good,Good,Good,Good,0
2026-06-29,legacy_hr_system,employees.csv,919,919,Benjamin,Ortiz,D004,Sales,Permanent,87230.62,,,,,Good,Good,Good,Excellent,Good,0
2026-06-29,legacy_hr_system,employees.csv,920,920,Santino,Velazquez,D001,Finance,Permanent,110507.75,,,,,Excellent,Fair,Good,Good,Fair,1
2026-06-29,legacy_hr_system,employees.csv,921,921,Emilia,Olivera,D001,Finance,Permanent,156392.93,,,,,Good,Good,Good,Good,Good,0
2026-06-29,legacy_hr_system,employees.csv,922,922,Juan Pablo,Aguirre,D003,IT,Permanent,124251.51,,,,,Good,Excellent,Fair,Fair,Good,0
2026-06-29,legacy_hr_system,employees.csv,923,923,Luisana,Roldan,D003,IT,Permanent,189579.89,,,,,Good,Poor,Poor,Fair,Fair,0
2026-06-29,legacy_hr_system,employees.csv,924,924,Valentin,Lopez,D005,Operations,Contractor,,3314.65,4692.05,30-87654321-0,Beta Consulting,Fair,Good,Fair,Good,Good,0
2026-06-29,legacy_hr_system,employees.csv,925,925,Santino,Lopez,D005,Operations,Contractor,,2752.71,4633.54,30-99887766-1,Delta Consulting,Good,Excellent,Fair,Good,Poor,0
2026-06-29,legacy_hr_system,employees.csv,926,926,Malena,Perez,D004,Sales,Permanent,115425.9,,,,,Good,Good,Good,Excellent,Poor,0
2026-06-29,legacy_hr_system,employees.csv,927,927,Santiago,Ponce,D003,IT,Permanent,141243.26,,,,,Good,Good,Good,Fair,Good,0
2026-06-29,legacy_hr_system,employees.csv,928,928,Sol,Ortiz,D001,Finance,Permanent,148701.07,,,,,Excellent,Excellent,Poor,Poor,Good,0
2026-06-29,legacy_hr_system,employees.csv,929,929,Matilda,Lopez,D005,Operations,Permanent,96420.32,,,,,Good,Good,Poor,Excellent,Good,0
2026-06-29,legacy_hr_system,employees.csv,930,930,Jazmín,Escobar,D003,IT,Permanent,80063.01,,,,,Good,Fair,Excellent,Excellent,Good,0
2026-06-29,legacy_hr_system,employees.csv,931,931,Ezequiel,Gutierrez,D005,Operations,Permanent,64913.84,,,,,Excellent,Excellent,Poor,Good,Good,0
2026-06-29,legacy_hr_system,employees.csv,932,932,Catalina,Carrizo,D001,Finance,Permanent,135239.74,,,,,Good,Excellent,Good,Poor,Good,1
2026-06-29,legacy_hr_system,employees.csv,933,933,Santiago,Fernandez,D002,Human Resources,Permanent,86899.0,,,,,Good,Excellent,Poor,Fair,Excellent,0
2026-06-29,legacy_hr_system,employees.csv,934,934,Juan Cruz,Martinez,D004,Sales,Contractor,,1277.69,4888.58,30-99887766-1,Delta Consulting,Excellent,Good,Good,Good,Fair,0
2026-06-29,legacy_hr_system,employees.csv,935,935,Thiago Benjamin,Martinez,D002,Human Resources,Permanent,194789.99,,,,,Excellent,Excellent,Good,Fair,Good,1
2026-06-29,legacy_hr_system,employees.csv,936,936,Zoe,Moyano,D004,Sales,Permanent,119817.87,,,,,Good,Fair,Good,Fair,Good,0
2026-06-29,legacy_hr_system,employees.csv,937,937,Julieta,Muñoz,D003,IT,Permanent,145154.72,,,,,Fair,Fair,Good,Excellent,Good,0
2026-06-29,legacy_hr_system,employees.csv,938,938,Benjamin,Ferreyra,D004,Sales,Contractor,,3065.46,4401.11,30-87654321-0,Beta Consulting,Good,Excellent,Good,Excellent,Fair,0
2026-06-29,legacy_hr_system,employees.csv,939,939,Helena,Rodriguez,D005,Operations,Permanent,147572.29,,,,,Poor,Good,Fair,Good,Good,1
2026-06-29,legacy_hr_system,employees.csv,940,940,Juan Ignacio,Sanchez,D005,Operations,Permanent,111291.76,,,,,Good,Fair,Good,Fair,Good,0
2026-06-29,legacy_hr_system,employees.csv,941,941,Lola,Gimenez,D002,Human Resources,Permanent,128021.77,,,,,Good,Excellent,Good,Fair,Good,0
2026-06-29,legacy_hr_system,employees.csv,942,942,Kiara,Quiroga,D002,Human Resources,Permanent,129650.93,,,,,Excellent,Excellent,Poor,Good,Fair,0
2026-06-29,legacy_hr_system,employees.csv,943,943,Josefina,Gomez,D001,Finance,Permanent,99957.29,,,,,Good,Fair,Good,Good,Good,0
2026-06-29,legacy_hr_system,employees.csv,944,944,Santino Gabriel,Garcia,D001,Finance,Contractor,,3793.63,4325.04,30-87654321-0,Beta Consulting,Good,Good,Good,Excellent,Fair,0
2026-06-29,legacy_hr_system,employees.csv,945,945,Mora,Diaz,D002,Human Resources,Permanent,97327.65,,,,,Excellent,Fair,Fair,Good,Good,0
2026-06-29,legacy_hr_system,employees.csv,946,946,Valentino,Fernandez,D005,Operations,Contractor,,3429.21,3601.53,30-12345678-9,Alpha Consulting,Good,Good,Excellent,Excellent,Fair,0
2026-06-29,legacy_hr_system,employees.csv,947,947,Thiago Valentin,Juarez,D002,Human Resources,Permanent,120845.43,,,,,Good,Excellent,Good,Poor,Good,0
2026-06-29,legacy_hr_system,employees.csv,948,948,Ciro,Molina,D001,Finance,Unknown,119726.43,,,,,Fair,Fair,Fair,Excellent,Excellent,0
2026-06-29,legacy_hr_system,employees.csv,949,949,Agustin,Rojas,D001,Finance,Contractor,,3868.72,4974.7,30-11223344-5,Gamma Consulting,Good,Excellent,Good,Good,Poor,0
2026-06-29,legacy_hr_system,employees.csv,950,950,Vicente,Diaz,D002,Human Resources,Permanent,119249.19,,,,,Good,Excellent,Good,Excellent,Good,0
2026-06-29,legacy_hr_system,employees.csv,951,951,Emma,Navarro,D003,IT,Contractor,,3654.21,5890.21,30-11223344-5,Gamma Consulting,Excellent,Fair,Good,Fair,Good,1
2026-06-29,legacy_hr_system,employees.csv,952,952,Francisca,Rodriguez,D005,Operations,Contractor,,3446.25,4510.35,30-87654321-0,Beta Consulting,Good,Excellent,Good,Good,Good,1
2026-06-29,legacy_hr_system,employees.csv,953,953,Tomàs,Quiroga,D002,Human Resources,Permanent,80644.91,,,,,Good,Fair,Good,Fair,Good,0
2026-06-29,legacy_hr_system,employees.csv,954,954,Bautista,Ortiz,D005,Operations,Contractor,,2147.91,4194.78,30-99887766-1,Delta Consulting,Good,Good,Good,Good,Poor,0
2026-06-29,legacy_hr_system,employees.csv,955,955,Isabella,Molina,D005,Operations,Contractor,,2512.39,4313.03,30-12345678-9,Alpha Consulting,Good,Fair,Fair,Good,Excellent,0
2026-06-29,legacy_hr_system,employees.csv,956,956,Juan Bautista,Silva,D003,IT,Permanent,121699.5,,,,,Good,Good,Good,Fair,Poor,0
2026-06-29,legacy_hr_system,employees.csv,957,957,Felipe,Romero,D003,IT,Permanent,135890.78,,,,,Good,Fair,Excellent,Fair,Good,0
2026-06-29,legacy_hr_system,employees.csv,958,958,Maximo,Gomez,D001,Finance,Permanent,117885.04,,,,,Fair,Good,Good,Excellent,Poor,1
2026-06-29,legacy_hr_system,employees.csv,959,959,Sofia,Nuñez,D002,Human Resources,Contractor,,3389.2,4564.47,30-99887766-1,Delta Consulting,Good,Excellent,Good,Excellent,Good,1
2026-06-29,legacy_hr_system,employees.csv,960,960,Catalina,Gutierrez,D001,Finance,Contractor,,1419.63,3560.66,30-87654321-0,Beta Consulting,Poor,Excellent,Excellent,Good,Fair,0
2026-06-29,legacy_hr_system,employees.csv,961,961,Alma Valentina,Acosta,D005,Operations,Permanent,115677.37,,,,,Fair,Good,Fair,Good,Excellent,0
2026-06-29,legacy_hr_system,employees.csv,962,962,Agustina,Medina,D003,IT,Permanent,83709.16,,,,,Poor,Good,Fair,Good,Poor,0
2026-06-29,legacy_hr_system,employees.csv,963,963,Isabella,Medina,D004,Sales,Permanent,137997.86,,,,,Good,Good,Fair,Fair,Fair,0
2026-06-29,legacy_hr_system,employees.csv,964,964,Micaela,Muñoz,D001,Finance,Contractor,,4224.6,5718.76,30-99887766-1,Delta Consulting,Fair,Fair,Poor,Good,Excellent,0
2026-06-29,legacy_hr_system,employees.csv,965,965,Camila,Maldonado,D003,IT,Permanent,113596.71,,,,,Good,Good,Good,Good,Good,0
2026-06-29,legacy_hr_system,employees.csv,966,966,Thiago Valentin,Silva,D002,Human Resources,Permanent,164721.78,,,,,Excellent,Excellent,Good,Fair,Good,1
2026-06-29,legacy_hr_system,employees.csv,967,967,Martina,Romero,D004,Sales,Contractor,,3118.93,4162.91,30-11223344-5,Gamma Consulting,Good,Good,Poor,Excellent,Fair,1
2026-06-29,legacy_hr_system,employees.csv,968,968,Bautista,Toledo,D001,Finance,Permanent,101597.92,,,,,Good,Excellent,Good,Good,Poor,0
2026-06-29,legacy_hr_system,employees.csv,969,969,Lucas Benjamin,Rodriguez,D005,Operations,Contractor,,2758.02,4111.82,30-11223344-5,Gamma Consulting,Good,Good,Poor,Fair,Good,0
2026-06-29,legacy_hr_system,employees.csv,970,970,Lucas Benjamin,Gonzalez,D003,IT,Contractor,,3136.33,4660.57,30-12345678-9,Alpha Consulting,Good,Good,Good,Good,Good,0
2026-06-29,legacy_hr_system,employees.csv,971,971,Renata,Vazquez,D005,Operations,Permanent,120091.38,,,,,Good,Excellent,Excellent,Excellent,Fair,0
2026-06-29,legacy_hr_system,employees.csv,972,972,Bautista Benjamin,Bravo,D005,Operations,Contractor,,3349.55,5690.65,30-12345678-9,Alpha Consulting,Good,Excellent,Good,Fair,Good,0
2026-06-29,legacy_hr_system,employees.csv,973,973,Mia Valentina,Flores,D005,Operations,Contractor,,3759.64,3015.1,30-99887766-1,Delta Consulting,Good,Fair,Fair,Poor,Fair,0
2026-06-29,legacy_hr_system,employees.csv,974,974,Samuel,Alvarez,D005,Operations,Contractor,,956.86,,30-11223344-5,Gamma Consulting,Fair,Good,Good,Fair,Good,0
2026-06-29,legacy_hr_system,employees.csv,975,975,Tiziana,Barrios,D002,Human Resources,Contractor,,1906.5,4275.23,30-12345678-9,Alpha Consulting,Excellent,Fair,Good,Good,Good,0
2026-06-29,legacy_hr_system,employees.csv,976,976,Thiago,Castillo,D002,Human Resources,Permanent,84896.61,,,,,Fair,Excellent,Excellent,Poor,Good,0
2026-06-29,legacy_hr_system,employees.csv,977,977,Antonella,Rojas,D002,Human Resources,Permanent,65940.59,,,,,Fair,Fair,Excellent,Poor,Fair,0
2026-06-29,legacy_hr_system,employees.csv,978,978,Jeremias,Sosa,D005,Operations,Permanent,136243.88,,,,,Good,Excellent,Excellent,Excellent,Excellent,0
2026-06-29,legacy_hr_system,employees.csv,979,979,Joaquin,Rojas,D002,Human Resources,Permanent,142774.65,,,,,Good,Excellent,Excellent,Fair,Excellent,0
2026-06-29,legacy_hr_system,employees.csv,980,980,Julia,Ojeda,D001,Finance,Permanent,102704.69,,,,,Good,Excellent,Good,Poor,Fair,1
2026-06-29,legacy_hr_system,employees.csv,981,981,Delfina,Gonzalez,D004,Sales,Contractor,,927.17,3953.76,30-99887766-1,Delta Consulting,Good,Good,Good,Good,Good,0
2026-06-29,legacy_hr_system,employees.csv,982,982,Benjamin,Garcia,D004,Sales,Permanent,131754.12,,,,,Excellent,Good,Good,Excellent,Good,0
2026-06-29,legacy_hr_system,employees.csv,983,983,Felicitas,Molina,D002,Human Resources,Permanent,75632.65,,,,,Excellent,Good,Poor,Fair,Good,0
2026-06-29,legacy_hr_system,employees.csv,984,984,Julia,Paz,D004,Sales,Permanent,125500.8,,,,,Good,Excellent,Good,Poor,Good,0
2026-06-29,legacy_hr_system,employees.csv,985,985,Valentina,Sosa,D001,Finance,Contractor,,2987.75,5079.29,30-11223344-5,Gamma Consulting,Good,Good,Good,Fair,Fair,0
2026-06-29,legacy_hr_system,employees.csv,986,986,Victoria,Maidana,D004,Sales,Contractor,,3095.66,3526.93,30-12345678-9,Alpha Consulting,Fair,Good,Excellent,Excellent,Good,0
2026-06-29,legacy_hr_system,employees.csv,987,987,Lisandro,Gomez,D005,Operations,Permanent,155897.15,,,,,Good,Excellent,Fair,Poor,Poor,0
2026-06-29,legacy_hr_system,employees.csv,988,988,Alma Valentina,Flores,D004,Sales,Contractor,,2873.18,4472.7,30-99887766-1,Delta Consulting,Good,Good,Good,Fair,Good,0
2026-06-29,legacy_hr_system,employees.csv,989,989,Bautista Benjamin,Cruz,D004,Sales,Contractor,,2253.39,4056.72,30-12345678-9,Alpha Consulting,Excellent,Poor,Poor,Fair,Good,0
2026-06-29,legacy_hr_system,employees.csv,990,990,Benjamin,Diaz,D004,Sales,Contractor,,2292.16,4327.05,30-12345678-9,Alpha Consulting,Good,Poor,Good,Good,Fair,0
2026-06-29,legacy_hr_system,employees.csv,991,991,Santino,Gonzalez,D002,Human Resources,Contractor,,4369.37,3128.1,30-12345678-9,Alpha Consulting,Good,Good,Fair,Fair,Good,0
2026-06-29,legacy_hr_system,employees.csv,992,992,Matias,Quiroga,D005,Operations,Contractor,,1709.15,5971.17,30-99887766-1,Delta Consulting,Fair,Good,Excellent,Excellent,Excellent,0
2026-06-29,legacy_hr_system,employees.csv,993,993,Isabella,Villalba,D002,Human Resources,Contractor,,2832.54,3830.93,30-12345678-9,Alpha Consulting,Good,Excellent,Good,Good,Fair,0
2026-06-29,legacy_hr_system,employees.csv,994,994,Lola,Martinez,D005,Operations,Permanent,151197.14,,,,,Fair,Poor,Good,Good,Good,0
2026-06-29,legacy_hr_system,employees.csv,995,995,Delfina,Guzman,D005,Operations,Contractor,,2515.51,6326.01,30-87654321-0,Beta Consulting,Excellent,Excellent,Fair,Good,Fair,0
2026-06-29,legacy_hr_system,employees.csv,996,996,Isabella,Gimenez,D002,Human Resources,Permanent,140337.78,,,,,Good,Good,Excellent,Good,Fair,0
2026-06-29,legacy_hr_system,employees.csv,997,997,Emilia,Maldonado,D005,Operations,Permanent,105362.66,,,,,Good,Good,Good,Fair,Good,0
2026-06-29,legacy_hr_system,employees.csv,998,998,Maria Paz,Sanchez,D002,Human Resources,Permanent,184719.25,,,,,Fair,Good,Poor,Good,Fair,0
2026-06-29,legacy_hr_system,employees.csv,999,999,Matias,Carrizo,D002,Human Resources,Contractor,,2515.43,5242.1,30-12345678-9,Alpha Consulting,Poor,Fair,Fair,Fair,Good,0
2026-06-29,legacy_hr_system,employees.csv,1000,1000,Juan Cruz,Sanchez,D002,Human Resources,Contractor,,3239.43,5801.74,30-99887766-1,Delta Consulting,Good,Good,Poor,Fair,Good,0
2026-06-29,legacy_hr_system,employees.csv,1001,1001,Felipe,Dominguez,D003,IT,Permanent,166845.34,,,,,Poor,Fair,Good,Excellent,Good,0
2026-06-29,legacy_hr_system,employees.csv,1002,1002,Delfina,Garcia,D001,Finance,Contractor,,3025.6,3746.58,30-11223344-5,Gamma Consulting,Good,Excellent,Excellent,Good,Good,0
2026-06-29,legacy_hr_system,employees.csv,1003,1003,Isabella,Duarte,D002,Human Resources,Contractor,,3367.98,3822.28,30-87654321-0,Beta Consulting,Fair,Excellent,Fair,Good,Good,1
2026-06-29,legacy_hr_system,employees.csv,1004,1004,Emiliano,Bustos,D002,Human Resources,Permanent,180401.62,,,,,Poor,Good,Excellent,Excellent,Good,0
2026-06-29,legacy_hr_system,employees.csv,1005,1005,Lucía,Flores,D001,Finance,Permanent,124096.06,,,,,Good,Good,Good,Excellent,Fair,0
2026-06-29,legacy_hr_system,employees.csv,1006,1006,Guillermina,Valdez,D001,Finance,Permanent,109040.35,,,,,Good,Good,Poor,Good,Good,0
2026-06-29,legacy_hr_system,employees.csv,1007,1007,Nahiara Jazmin,Carrizo,D001,Finance,Contractor,,3147.74,3152.87,30-99887766-1,Delta Consulting,Good,Good,Good,Excellent,Excellent,0
2026-06-29,legacy_hr_system,employees.csv,1008,1008,Martín,Sanchez,D005,Operations,Permanent,90851.58,,,,,Good,Poor,Good,Good,Excellent,0
2026-06-29,legacy_hr_system,employees.csv,1009,1009,Ciro,Fernandez,D004,Sales,Permanent,156012.42,,,,,Good,Good,Good,Excellent,Excellent,1
2026-06-29,legacy_hr_system,employees.csv,1010,1010,Thiago,Navarro,D005,Operations,Permanent,100293.17,,,,,Fair,Excellent,Good,Good,Fair,0
2026-06-29,legacy_hr_system,employees.csv,1011,1011,Agustin,Roldan,D005,Operations,Contractor,,2162.47,5036.65,30-12345678-9,Alpha Consulting,Fair,Good,Good,Excellent,Fair,0
2026-06-29,legacy_hr_system,employees.csv,1012,1012,Julieta,Vega,D001,Finance,Permanent,155571.12,,,,,Fair,Excellent,Excellent,Good,Excellent,0
2026-06-29,legacy_hr_system,employees.csv,1013,1013,Luciana,Avila,D001,Finance,Permanent,141568.6,,,,,Excellent,Good,Poor,Excellent,Poor,0
2026-06-29,legacy_hr_system,employees.csv,1014,1014,Lucas,Martin,D002,Human Resources,Permanent,149881.43,,,,,Poor,Good,Fair,Good,Good,0
2026-06-29,legacy_hr_system,employees.csv,1015,1015,Lautaro Benjamin,Fernandez,D003,IT,Permanent,97296.15,,,,,Poor,Good,Good,Good,Excellent,0
2026-06-29,legacy_hr_system,employees.csv,1016,1016,Emma,Diaz,D002,Human Resources,Permanent,77345.68,,,,,Excellent,Fair,Good,Excellent,Good,0
2026-06-29,legacy_hr_system,employees.csv,1017,1017,Mia Valentina,Ayala,D003,IT,Permanent,165040.01,,,,,Good,Excellent,Good,Good,Poor,0
2026-06-29,legacy_hr_system,employees.csv,1018,1018,Thiago Leonel,Gomez,D001,Finance,Contractor,,2741.86,4249.17,30-99887766-1,Delta Consulting,Poor,Excellent,Good,Good,Good,0
2026-06-29,legacy_hr_system,employees.csv,1019,1019,Lisandro,Lopez,D002,Human Resources,Contractor,,4062.56,5056.23,30-87654321-0,Beta Consulting,Good,Excellent,Poor,Good,Excellent,0
2026-06-29,legacy_hr_system,employees.csv,1020,1020,Thiago Benjamin,Peralta,D001,Finance,Permanent,133676.63,,,,,Good,Good,Good,Good,Excellent,1
2026-06-29,legacy_hr_system,employees.csv,1021,1021,Juan Martin,Hernandez,D003,IT,Permanent,184950.07,,,,,Fair,Good,Excellent,Poor,Good,1
2026-06-29,legacy_hr_system,employees.csv,1022,1022,Santiago,Coronel,D001,Finance,Permanent,100694.45,,,,,Fair,Good,Fair,Good,Good,0
2026-06-29,legacy_hr_system,employees.csv,1023,1023,Lisandro,Castro,D003,IT,Permanent,147835.2,,,,,Good,Fair,Excellent,Poor,Good,0
2026-06-29,legacy_hr_system,employees.csv,1024,1024,Jazmin,Aguero,D005,Operations,Permanent,121710.39,,,,,Fair,Good,Good,Good,Good,0
2026-06-29,legacy_hr_system,employees.csv,1025,1025,Ignacio,Campos,D002,Human Resources,Permanent,128057.77,,,,,Good,Good,Poor,Good,Good,0
2026-06-29,legacy_hr_system,employees.csv,1026,1026,Benjamin,Maidana,D005,Operations,Permanent,165854.05,,,,,Good,Good,Good,Good,Good,1
2026-06-29,legacy_hr_system,employees.csv,1027,1027,Luisina,Gomez,D005,Operations,Contractor,,3406.27,5038.3,30-87654321-0,Beta Consulting,Good,Fair,Poor,Good,Good,0
2026-06-29,legacy_hr_system,employees.csv,1028,1028,Angel Gabriel,Suarez,D001,Finance,Permanent,152175.22,,,,,Good,Excellent,Good,Excellent,Good,1
2026-06-29,legacy_hr_system,employees.csv,1029,1029,Emma,Juarez,D001,Finance,Contractor,,2708.04,3660.79,30-99887766-1,Delta Consulting,Good,Poor,Excellent,Good,Good,0
2026-06-29,legacy_hr_system,employees.csv,1030,1030,Sofia,Avila,D005,Operations,Contractor,,2164.15,2533.64,30-99887766-1,Delta Consulting,Excellent,Excellent,Fair,Excellent,Good,0
2026-06-29,legacy_hr_system,employees.csv,1031,1031,Nicolas,Ramos,D003,IT,Permanent,181686.21,,,,,Fair,Poor,Fair,Fair,Good,0
2026-06-29,legacy_hr_system,employees.csv,1032,1032,Olivia,Rojas,D005,Operations,Permanent,86903.75,,,,,Excellent,Poor,Fair,Poor,Excellent,0
2026-06-29,legacy_hr_system,employees.csv,1033,1033,Benicio,Perez,D002,Human Resources,Permanent,113362.39,,,,,Poor,Good,Good,Good,Excellent,1
2026-06-29,legacy_hr_system,employees.csv,1034,1034,Agustina,Aguirre,D002,Human Resources,Contractor,,2778.55,4807.41,30-12345678-9,Alpha Consulting,Good,Good,Good,Excellent,Good,0
2026-06-29,legacy_hr_system,employees.csv,1035,1035,Santino,Chavez,D003,IT,Contractor,,3652.59,5360.47,30-12345678-9,Alpha Consulting,Poor,Fair,Fair,Excellent,Excellent,0
2026-06-29,legacy_hr_system,employees.csv,1036,1036,Valentin,Mansilla,D003,IT,Permanent,102507.68,,,,,Excellent,Fair,Excellent,Good,Excellent,0
2026-06-29,legacy_hr_system,employees.csv,1037,1037,Uma ,Torres,D001,Finance,Permanent,114986.35,,,,,Fair,Good,Poor,Excellent,Fair,0
2026-06-29,legacy_hr_system,employees.csv,1038,1038,Renata,Ortiz,D004,Sales,Permanent,128477.4,,,,,Good,Good,Excellent,Fair,Excellent,0
2026-06-29,legacy_hr_system,employees.csv,1039,1039,Delfina,Fernandez,D004,Sales,Permanent,112539.27,,,,,Good,Good,Good,Fair,Excellent,0
2026-06-29,legacy_hr_system,employees.csv,1040,1040,Thiago Benjamin,Maidana,D001,Finance,Permanent,168220.37,,,,,Good,Good,Excellent,Good,Poor,1
2026-06-29,legacy_hr_system,employees.csv,1041,1041,Clara,Ramirez,D003,IT,Permanent,134729.25,,,,,Good,Good,Good,Excellent,Fair,0
2026-06-29,legacy_hr_system,employees.csv,1042,1042,Felipe,Romero,D004,Sales,Permanent,142046.33,,,,,Poor,Fair,Good,Excellent,Excellent,0
2026-06-29,legacy_hr_system,employees.csv,1043,1043,Olivia,Miranda,D002,Human Resources,Permanent,699432.2,,,,,Excellent,Good,Excellent,Fair,Good,0
2026-06-29,legacy_hr_system,employees.csv,1044,1044,Guillermina,Ferreyra,D001,Finance,Permanent,155204.22,,,,,Good,Good,Fair,Good,Excellent,0
2026-06-29,legacy_hr_system,employees.csv,1045,1045,Ramiro,Perez,D002,Human Resources,Permanent,125430.65,,,,,Excellent,Good,Fair,Good,Good,0
2026-06-29,legacy_hr_system,employees.csv,1046,1046,Gael,Martin,D001,Finance,Contractor,,1962.53,4899.69,30-87654321-0,Beta Consulting,Excellent,Fair,Good,Excellent,Excellent,0
2026-06-29,legacy_hr_system,employees.csv,1047,1047,Santino Benjamin,Aguirre,D003,IT,Contractor,,2478.91,3971.38,30-87654321-0,Beta Consulting,Good,Good,Excellent,Excellent,Good,0
2026-06-29,legacy_hr_system,employees.csv,1048,1048,Mateo,Arias,D002,Human Resources,Permanent,137590.92,,,,,Good,Excellent,Good,Excellent,Excellent,0
2026-06-29,legacy_hr_system,employees.csv,1049,1049,Mateo,Muñoz,D003,IT,Contractor,,3990.63,4521.27,30-87654321-0,Beta Consulting,Good,Excellent,Excellent,Excellent,Fair,0
2026-06-29,legacy_hr_system,employees.csv,1050,1050,Pilar,Avila,D004,Sales,Permanent,129264.99,,,,,Good,Good,Good,Good,Good,0
2026-06-29,legacy_hr_system,employees.csv,1051,1051,Juan Pablo,Moreno,D001,Finance,Contractor,,4361.77,4740.75,30-87654321-0,Beta Consulting,Good,Fair,Good,Fair,Good,0
2026-06-29,legacy_hr_system,employees.csv,1052,1052,Isabella,Gonzalez,D003,IT,Permanent,198050.49,,,,,Good,Fair,Excellent,Fair,Excellent,0
2026-06-29,legacy_hr_system,employees.csv,1053,1053,Thiago Leonel,Leiva,D002,Human Resources,Permanent,,,,,,Good,Excellent,Poor,Good,Good,0
2026-06-29,legacy_hr_system,employees.csv,1054,1054,Valentina ,Coronel,D002,Human Resources,Permanent,67177.12,,,,,Excellent,Excellent,Good,Fair,Fair,0
2026-06-29,legacy_hr_system,employees.csv,1055,1055,Renata,Mansilla,D005,Operations,Contractor,,3602.67,4881.16,30-11223344-5,Gamma Consulting,Good,Fair,Poor,Excellent,Good,1
2026-06-29,legacy_hr_system,employees.csv,1056,1056,Francisco,Vega,D005,Operations,Contractor,,4031.8,5173.18,30-87654321-0,Beta Consulting,Good,Good,Excellent,Excellent,Good,0
2026-06-29,legacy_hr_system,employees.csv,1057,1057,Benjamin,Gimenez,D002,Human Resources,Contractor,,2889.24,3275.7,30-99887766-1,Delta Consulting,Good,Good,Good,Excellent,Good,0
2026-06-29,legacy_hr_system,employees.csv,1058,1058,Thiago,Rios,D005,Operations,Contractor,,2832.78,3649.48,30-99887766-1,Delta Consulting,Good,Good,Excellent,Good,Good,0
2026-06-29,legacy_hr_system,employees.csv,1059,1059,Vicente,Rios,D005,Operations,Permanent,102584.3,,,,,Fair,Good,Good,Good,Fair,0
2026-06-29,legacy_hr_system,employees.csv,1060,1060,Pilar,Suarez,D002,Human Resources,Permanent,137657.35,,,,,Good,Good,Good,Poor,Good,0
2026-06-29,legacy_hr_system,employees.csv,1061,1061,Benjamin,Molina,D001,Finance,Contractor,,4335.92,4894.67,30-87654321-0,Beta Consulting,Poor,Good,Excellent,Good,Good,1
2026-06-29,legacy_hr_system,employees.csv,1062,1062,Benjamin,Pereyra,D003,IT,Permanent,84123.51,,,,,Fair,Good,Fair,Good,Good,0
2026-06-29,legacy_hr_system,employees.csv,1063,1063,Victoria,Bravo,D001,Finance,Contractor,,3355.68,5696.63,30-12345678-9,Alpha Consulting,Fair,Good,Poor,Excellent,Poor,0
2026-06-29,legacy_hr_system,employees.csv,1064,1064,Benjamin,Correa,D005,Operations,Permanent,101706.51,,,,,Fair,Good,Good,Fair,Good,0
2026-06-29,legacy_hr_system,employees.csv,1065,1065,Amparo,Cordoba,D004,Sales,Permanent,115979.48,,,,,Good,Good,Fair,Fair,Excellent,0
2026-06-29,legacy_hr_system,employees.csv,1066,1066,Nahuel,Gomez,D004,Sales,Permanent,120440.65,,,,,Poor,Excellent,Excellent,Excellent,Fair,0
2026-06-29,legacy_hr_system,employees.csv,1067,1067,Catalina,Fernandez,D004,Sales,Contractor,,2372.08,5148.28,30-87654321-0,Beta Consulting,Good,Excellent,Excellent,Excellent,Good,0
2026-06-29,legacy_hr_system,employees.csv,1068,1068,Santiago,Pereyra,D001,Finance,Permanent,116371.56,,,,,Good,Good,Good,Good,Fair,0
2026-06-29,legacy_hr_system,employees.csv,1069,1069,Augusto,Perez,D001,Finance,Contractor,,3335.63,3612.51,30-99887766-1,Delta Consulting,Good,Excellent,Excellent,Fair,Poor,0
2026-06-29,legacy_hr_system,employees.csv,1070,1070,Camila,Torres,D001,Finance,Permanent,106876.25,,,,,Poor,Good,Fair,Excellent,Fair,0
2026-06-29,legacy_hr_system,employees.csv,1071,1071,Lola,Ortiz,D003,IT,Contractor,,3577.91,4127.17,30-12345678-9,Alpha Consulting,Good,Good,Good,Good,Excellent,0
2026-06-29,legacy_hr_system,employees.csv,1072,1072,Juan Sebastian,Martinez,D002,Human Resources,Permanent,171808.92,,,,,Good,Good,Good,Excellent,Excellent,0
2026-06-29,legacy_hr_system,employees.csv,1073,1073,Ramiro,Farias,D001,Finance,Permanent,108010.91,,,,,Fair,Excellent,Poor,Excellent,Good,0
2026-06-29,legacy_hr_system,employees.csv,1074,1074,Ambar,Mendez,D003,IT,Permanent,126740.54,,,,,Fair,Good,Fair,Fair,Excellent,0
2026-06-29,legacy_hr_system,employees.csv,1075,1075,Alejo,Gomez,D001,Finance,Permanent,147977.72,,,,,Poor,Good,Excellent,Good,Good,1
2026-06-29,legacy_hr_system,employees.csv,1076,1076,Olivia,Castro,D001,Finance,Contractor,,1865.31,2739.19,30-87654321-0,Beta Consulting,Excellent,Good,Good,Good,Excellent,0
2026-06-29,legacy_hr_system,employees.csv,1077,1077,Isabella,Gonzalez,D003,IT,Contractor,,1779.47,5762.58,30-11223344-5,Gamma Consulting,Good,Excellent,Poor,Good,Poor,0
2026-06-29,legacy_hr_system,employees.csv,1078,1078,Joaquin,Gimenez,D001,Finance,Contractor,,2558.51,7058.2,30-87654321-0,Beta Consulting,Fair,Excellent,Excellent,Good,Fair,1
2026-06-29,legacy_hr_system,employees.csv,1079,1079,Lorenzo,Caceres,D001,Finance,Permanent,103072.57,,,,,Good,Fair,Excellent,Good,Excellent,0
2026-06-29,legacy_hr_system,employees.csv,1080,1080,Tiziano,Mendez,D003,IT,Permanent,125536.54,,,,,Good,Good,Good,Fair,Good,0
2026-06-29,legacy_hr_system,employees.csv,1081,1081,Catalina,Pereyra,D002,Human Resources,Permanent,166263.3,,,,,Good,Good,Good,Good,Good,0
2026-06-29,legacy_hr_system,employees.csv,1082,1082,Martina,Diaz,D004,Sales,Permanent,180182.79,,,,,Fair,Fair,Good,Excellent,Good,0
2026-06-29,legacy_hr_system,employees.csv,1083,1083,Joaquina,Paez,D001,Finance,Permanent,181845.11,,,,,Good,Excellent,Excellent,Poor,Good,0
2026-06-29,legacy_hr_system,employees.csv,1084,1084,Agustin,Gonzalez,D002,Human Resources,Permanent,156250.99,,,,,Excellent,Fair,Poor,Poor,Good,0
2026-06-29,legacy_hr_system,employees.csv,1085,1085,Bautista,Blanco,D001,Finance,Contractor,,3819.25,5092.53,30-12345678-9,Alpha Consulting,Poor,Fair,Good,Excellent,Poor,0
2026-06-29,legacy_hr_system,employees.csv,1086,1086,Tiziano Valentin,Ortiz,D001,Finance,Contractor,,3622.69,3948.81,30-12345678-9,Alpha Consulting,Good,Good,Excellent,Excellent,Excellent,0
2026-06-29,legacy_hr_system,employees.csv,1087,1087,Martina,Soria,D001,Finance,Permanent,95454.03,,,,,Fair,Excellent,Excellent,Fair,Fair,0
2026-06-29,legacy_hr_system,employees.csv,1088,1088,Josefina,Soto,D003,IT,Permanent,119898.77,,,,,Fair,Good,Good,Excellent,Excellent,0
2026-06-29,legacy_hr_system,employees.csv,1089,1089,Maria Victoria,Cardozo,D001,Finance,Contractor,,2863.85,4046.77,30-87654321-0,Beta Consulting,Good,Excellent,Fair,Good,Fair,0
2026-06-29,legacy_hr_system,employees.csv,1090,1090,Luz Milagros,Ruiz,D003,IT,Contractor,,3557.11,5455.31,30-11223344-5,Gamma Consulting,Fair,Good,Excellent,Poor,Good,1
2026-06-29,legacy_hr_system,employees.csv,1091,1091,Bautista,Lopez,D002,Human Resources,Contractor,,3070.73,5977.53,30-99887766-1,Delta Consulting,Good,Good,Excellent,Fair,Good,0
2026-06-29,legacy_hr_system,employees.csv,1092,1092,Emma,Miranda,D004,Sales,Permanent,85749.33,,,,,Good,Good,Good,Excellent,Good,0
2026-06-29,legacy_hr_system,employees.csv,1093,1093,Francesca,Escobar,D003,IT,Permanent,114190.22,,,,,Excellent,Good,Fair,Excellent,Good,0
2026-06-29,legacy_hr_system,employees.csv,1094,1094,Ignacio,Navarro,D001,Finance,Permanent,98495.33,,,,,Excellent,Poor,Excellent,Good,Poor,0
2026-06-29,legacy_hr_system,employees.csv,1095,1095,Valentino,Olivera,D001,Finance,Contractor,,1506.77,4417.32,30-12345678-9,Alpha Consulting,Good,Fair,Excellent,Good,Poor,0
2026-06-29,legacy_hr_system,employees.csv,1096,1096,Lisandro,Gimenez,D003,IT,Contractor,,2902.6,6013.45,30-99887766-1,Delta Consulting,Good,Good,Good,Good,Excellent,0
2026-06-29,legacy_hr_system,employees.csv,1097,1097,Martin,Rodriguez,D003,IT,Permanent,138924.35,,,,,Fair,Excellent,Fair,Excellent,Good,0
2026-06-29,legacy_hr_system,employees.csv,1098,1098,Lorenzo,Mansilla,D005,Operations,Contractor,,2180.65,6354.09,30-12345678-9,Alpha Consulting,Good,Excellent,Good,Fair,Excellent,0
2026-06-29,legacy_hr_system,employees.csv,1099,1099,Alma,Vazquez,D002,Human Resources,Contractor,,3976.83,5082.1,30-87654321-0,Beta Consulting,Fair,Excellent,Poor,Good,Fair,0
2026-06-29,legacy_hr_system,employees.csv,1100,1100,Ivan,Ruiz,D003,IT,Permanent,113205.48,,,,,Excellent,Good,Good,Poor,Excellent,0
2026-06-29,legacy_hr_system,employees.csv,1101,1101,Thiago Nahuel,Gonzalez,D004,Sales,Permanent,91216.82,,,,,Poor,Good,Poor,Good,Poor,0
2026-06-29,legacy_hr_system,employees.csv,1102,1102,Victoria,Toledo,D001,Finance,Permanent,108833.8,,,,,Fair,Good,Poor,Fair,Excellent,0
2026-06-29,legacy_hr_system,employees.csv,1103,1103,Morena,Sosa,D003,IT,Permanent,152662.46,,,,,Good,Excellent,Good,Good,Excellent,0
2026-06-29,legacy_hr_system,employees.csv,1104,1104,Nahiara Jazmin,Benitez,D004,Sales,Permanent,176537.59,,,,,Good,Good,Fair,Good,Excellent,0
2026-06-29,legacy_hr_system,employees.csv,1105,1105,Agostina,Dominguez,D005,Operations,Permanent,166297.31,,,,,Good,Good,Good,Good,Good,0
2026-06-29,legacy_hr_system,employees.csv,1106,1106,Catalina,Rios,D005,Operations,Contractor,,2608.92,3380.38,30-11223344-5,Gamma Consulting,Good,Good,Good,Good,Fair,0
2026-06-29,legacy_hr_system,employees.csv,1107,1107,Lourdes,Vera,D005,Operations,Contractor,,3112.71,2731.56,30-12345678-9,Alpha Consulting,Fair,Good,Fair,Excellent,Fair,0
2026-06-29,legacy_hr_system,employees.csv,1108,1108,Catalina,Fernandez,D002,Human Resources,Permanent,129695.03,,,,,Fair,Good,Fair,Good,Good,0
2026-06-29,legacy_hr_system,employees.csv,1109,1109,Luz Milagros,Godoy,D005,Operations,Contractor,,2881.92,4033.96,30-99887766-1,Delta Consulting,Excellent,Excellent,Excellent,Poor,Good,0
2026-06-29,legacy_hr_system,employees.csv,1110,1110,Thiago Nicolas,Sanchez,D004,Sales,Permanent,72158.91,,,,,Good,Poor,Good,Fair,Good,0
2026-06-29,legacy_hr_system,employees.csv,1111,1111,Santino,Gonzalez,D001,Finance,Permanent,135408.0,,,,,Poor,Excellent,Good,Good,Poor,0
2026-06-29,legacy_hr_system,employees.csv,1112,1112,Julieta,Sosa,D001,Finance,Contractor,,2573.84,3330.08,30-11223344-5,Gamma Consulting,Fair,Poor,Good,Good,Excellent,0
2026-06-29,legacy_hr_system,employees.csv,1113,1113,Victoria,Fernandez,D004,Sales,Permanent,33832.13,,,,,Good,Excellent,Excellent,Good,Good,0
2026-06-29,legacy_hr_system,employees.csv,1114,1114,Santiago,Acosta,D004,Sales,Permanent,119174.55,,,,,Good,Good,Fair,Excellent,Poor,0
2026-06-29,legacy_hr_system,employees.csv,1115,1115,Lautaro Benjamin,Ramirez,D003,IT,Permanent,173167.55,,,,,Good,Good,Good,Good,Excellent,0
2026-06-29,legacy_hr_system,employees.csv,1116,1116,Benjamin,Sosa,D003,IT,Contractor,,4329.01,4042.9,30-99887766-1,Delta Consulting,Fair,Good,Fair,Excellent,Fair,0
2026-06-29,legacy_hr_system,employees.csv,1117,1117,Catalina,Luna,D002,Human Resources,Permanent,101933.64,,,,,Poor,Poor,Fair,Fair,Good,0
2026-06-29,legacy_hr_system,employees.csv,1118,1118,Juan Cruz,Alvarez,D004,Sales,Contractor,,3375.02,3501.61,30-99887766-1,Delta Consulting,Fair,Excellent,Poor,Good,Good,0
2026-06-29,legacy_hr_system,employees.csv,1119,1119,Juana,Alvarez,D004,Sales,Contractor,,3241.43,5266.08,30-87654321-0,Beta Consulting,Good,Good,Good,Excellent,Fair,0
2026-06-29,legacy_hr_system,employees.csv,1120,1120,Catalina,Mendoza,D005,Operations,Contractor,,3981.55,4399.85,30-99887766-1,Delta Consulting,Good,Good,Excellent,Good,Poor,0
2026-06-29,legacy_hr_system,employees.csv,1121,1121,Mia Morena,Bravo,D003,IT,Permanent,113889.79,,,,,Fair,Good,Fair,Good,Good,0
2026-06-29,legacy_hr_system,employees.csv,1122,1122,Franco,Lopez,D004,Sales,Permanent,93660.52,,,,,Fair,Good,Poor,Good,Poor,0
2026-06-29,legacy_hr_system,employees.csv,1123,1123,Olivia,Fernandez,D003,IT,Permanent,95193.59,,,,,Good,Good,Good,Fair,Good,0
2026-06-29,legacy_hr_system,employees.csv,1124,1124,Julieta,Aguirre,D003,IT,Contractor,,2818.82,4867.37,30-12345678-9,Alpha Consulting,Poor,Fair,Excellent,Good,Good,0
2026-06-29,legacy_hr_system,employees.csv,1125,1125,Isabella,Benitez,D004,Sales,Contractor,,3730.87,3696.82,30-12345678-9,Alpha Consulting,Good,Good,Fair,Good,Fair,0
2026-06-29,legacy_hr_system,employees.csv,1126,1126,Ciro,Suarez,D004,Sales,Permanent,164780.66,,,,,Excellent,Fair,Poor,Good,Fair,0
2026-06-29,legacy_hr_system,employees.csv,1127,1127,Bautista,Martinez,D004,Sales,Permanent,111866.29,,,,,Good,Good,Good,Fair,Good,1
2026-06-29,legacy_hr_system,employees.csv,1128,1128,Emma,Morales,D004,Sales,Contractor,,2982.91,3752.79,30-12345678-9,Alpha Consulting,Poor,Good,Excellent,Excellent,Good,0
2026-06-29,legacy_hr_system,employees.csv,1129,1129,Mia,Diaz,D005,Operations,Permanent,47272.79,,,,,Excellent,Good,Good,Good,Good,0
2026-06-29,legacy_hr_system,employees.csv,1130,1130,Santino,Sanchez,D004,Sales,Contractor,,3707.24,5236.84,30-99887766-1,Delta Consulting,Excellent,Good,Poor,Excellent,Poor,0
2026-06-29,legacy_hr_system,employees.csv,1131,1131,Santino Agustin,Romero,D004,Sales,Permanent,111560.17,,,,,Fair,Excellent,Excellent,Good,Good,0
2026-06-29,legacy_hr_system,employees.csv,1132,1132,Ana Paula,Cordoba,D003,IT,Contractor,,3053.59,5015.94,30-87654321-0,Beta Consulting,Poor,Good,Excellent,Good,Good,0
2026-06-29,legacy_hr_system,employees.csv,1133,1133,Ignacio,Romero,D001,Finance,Contractor,,1749.96,3970.95,30-12345678-9,Alpha Consulting,Good,Excellent,Fair,Poor,Good,0
2026-06-29,legacy_hr_system,employees.csv,1134,1134,Augusto,Mendez,D002,Human Resources,Permanent,143827.94,,,,,Fair,Good,Good,Good,Fair,0
2026-06-29,legacy_hr_system,employees.csv,1135,1135,Martin,Fernandez,D003,IT,Contractor,,1996.57,4793.56,30-11223344-5,Gamma Consulting,Excellent,Excellent,Excellent,Poor,Fair,0
2026-06-29,legacy_hr_system,employees.csv,1136,1136,Juan Cruz,Duarte,D005,Operations,Permanent,79302.55,,,,,Excellent,Good,Excellent,Excellent,Fair,1
2026-06-29,legacy_hr_system,employees.csv,1137,1137,Sofia,Sanchez,D002,Human Resources,Permanent,133992.9,,,,,Good,Excellent,Excellent,Poor,Excellent,0
2026-06-29,legacy_hr_system,employees.csv,1138,1138,Ciro Benjamin,Martin,D004,Sales,Contractor,,2971.49,2884.87,30-99887766-1,Delta Consulting,Fair,Excellent,Excellent,Excellent,Good,0
2026-06-29,legacy_hr_system,employees.csv,1139,1139,Juana,Ledesma,D001,Finance,Permanent,154942.18,,,,,Good,Good,Poor,Good,Excellent,0
2026-06-29,legacy_hr_system,employees.csv,1140,1140,Morena,Silva,D003,IT,Contractor,,2412.33,3689.75,30-87654321-0,Beta Consulting,Good,Good,Good,Fair,Good,0
2026-06-29,legacy_hr_system,employees.csv,1141,1141,Emma,Torres,D002,Human Resources,Permanent,126017.08,,,,,Excellent,Excellent,Good,Excellent,Good,0
2026-06-29,legacy_hr_system,employees.csv,1142,1142,Augusto,Ruiz,D001,Finance,Permanent,154459.12,,,,,Good,Good,Fair,Good,Good,0
2026-06-29,legacy_hr_system,employees.csv,1143,1143,Juan Ignacio,Ortiz,D002,Human Resources,Permanent,89525.35,,,,,Excellent,Fair,Fair,Poor,Excellent,0
2026-06-29,legacy_hr_system,employees.csv,1144,1144,Mia,Molina,D005,Operations,Permanent,121850.4,,,,,Fair,Poor,Good,Fair,Good,0
2026-06-29,legacy_hr_system,employees.csv,1145,1145,Thiago Ezequiel,Molina,D003,IT,Contractor,,3343.05,5193.11,30-99887766-1,Delta Consulting,Good,Good,Good,Good,Excellent,0
2026-06-29,legacy_hr_system,employees.csv,1146,1146,Benjamin Alejandro,Medina,D001,Finance,Contractor,,3141.15,4132.97,30-11223344-5,Gamma Consulting,Good,Good,Fair,Good,Poor,0
2026-06-29,legacy_hr_system,employees.csv,1147,1147,Paloma,Benitez,D001,Finance,Permanent,95172.29,,,,,Fair,Good,Excellent,Good,Good,0
2026-06-29,legacy_hr_system,employees.csv,1148,1148,Juana,Ledesma,D002,Human Resources,Contractor,,3068.92,,30-12345678-9,Alpha Consulting,Excellent,Good,Fair,Good,Good,0
2026-06-29,legacy_hr_system,employees.csv,1149,1149,Sara,Arias,D002,Human Resources,Permanent,32359.49,,,,,Good,Good,Good,Excellent,Good,0
2026-06-29,legacy_hr_system,employees.csv,1150,1150,Renata,Aguirre,D001,Finance,Permanent,133096.79,,,,,Good,Good,Good,Fair,Excellent,0
2026-06-29,legacy_hr_system,employees.csv,1151,1151,Juan Manuel,Martinez,D004,Sales,Permanent,,,,,,Poor,Good,Excellent,Excellent,Good,0
2026-06-29,legacy_hr_system,employees.csv,1152,1152,Milagros,Vera,D005,Operations,Permanent,49112.03,,,,,Excellent,Fair,Good,Excellent,Good,0
2026-06-29,legacy_hr_system,employees.csv,1153,1153,Francesco,Rodriguez,D004,Sales,Permanent,89708.08,,,,,Good,Good,Good,Excellent,Good,1
2026-06-29,legacy_hr_system,employees.csv,1154,1154,Dylan Ezequiel,Suarez,D004,Sales,Contractor,,3495.32,6557.5,30-11223344-5,Gamma Consulting,Good,Good,Excellent,Fair,Good,0
2026-06-29,legacy_hr_system,employees.csv,1155,1155,Camila,Gimenez,D003,IT,Contractor,,3016.63,3772.0,30-99887766-1,Delta Consulting,Good,Good,Poor,Fair,Poor,0
2026-06-29,legacy_hr_system,employees.csv,1156,1156,Alma Jazmin,Ledesma,D002,Human Resources,Permanent,114513.11,,,,,Excellent,Excellent,Good,Good,Good,0
2026-06-29,legacy_hr_system,employees.csv,1157,1157,Juan Pablo,Arias,D002,Human Resources,Contractor,,4099.9,3854.04,30-11223344-5,Gamma Consulting,Fair,Good,Excellent,Good,Excellent,1
2026-06-29,legacy_hr_system,employees.csv,1158,1158,Benicio,Escobar,D001,Finance,Permanent,96024.24,,,,,Poor,Excellent,Good,Good,Fair,0
2026-06-29,legacy_hr_system,employees.csv,1159,1159,Mateo Benjamin,Godoy,D002,Human Resources,Contractor,,2613.81,3546.67,30-99887766-1,Delta Consulting,Excellent,Good,Excellent,Good,Fair,1
2026-06-29,legacy_hr_system,employees.csv,1160,1160,Catalina,Vazquez,D004,Sales,Contractor,,3098.14,6124.68,30-87654321-0,Beta Consulting,Good,Good,Poor,Good,Fair,0
2026-06-29,legacy_hr_system,employees.csv,1161,1161,Milagros,Sosa,D003,IT,Contractor,,3258.46,4247.65,30-12345678-9,Alpha Consulting,Good,Fair,Good,Good,Fair,0
2026-06-29,legacy_hr_system,employees.csv,1162,1162,Lara,Gonzalez,D001,Finance,Contractor,,2766.55,2936.81,30-12345678-9,Alpha Consulting,Good,Good,Good,Good,Good,0
2026-06-29,legacy_hr_system,employees.csv,1163,1163,Dylan Benjamin,Peralta,D005,Operations,Contractor,,3706.49,4422.16,30-11223344-5,Gamma Consulting,Fair,Good,Good,Excellent,Good,1
2026-06-29,legacy_hr_system,employees.csv,1164,1164,Camila,Navarro,D002,Human Resources,Contractor,,2855.62,7693.11,30-99887766-1,Delta Consulting,Poor,Fair,Good,Fair,Excellent,0
2026-06-29,legacy_hr_system,employees.csv,1165,1165,Lucía ,Flores,D002,Human Resources,Contractor,,3239.0,3748.21,30-12345678-9,Alpha Consulting,Excellent,Fair,Fair,Good,Fair,0
2026-06-29,legacy_hr_system,employees.csv,1166,1166,Benjamin,Perez,D001,Finance,Permanent,107209.27,,,,,Good,Good,Excellent,Good,Good,0
2026-06-29,legacy_hr_system,employees.csv,1167,1167,Bianca,Gutierrez,D004,Sales,Permanent,154453.37,,,,,Good,Excellent,Good,Excellent,Good,0
2026-06-29,legacy_hr_system,employees.csv,1168,1168,Clara,Silva,D004,Sales,Permanent,123398.11,,,,,Excellent,Excellent,Good,Good,Good,0
2026-06-29,legacy_hr_system,employees.csv,1169,1169,Tomàs,Ruiz,D001,Finance,Contractor,,1849.38,5419.23,30-12345678-9,Alpha Consulting,Good,Excellent,Excellent,Good,Excellent,0
2026-06-29,legacy_hr_system,employees.csv,1170,1170,Thiago Nahuel,Nuñez,D002,Human Resources,Contractor,,2465.48,6373.3,30-99887766-1,Delta Consulting,Good,Excellent,Fair,Fair,Good,0
2026-06-29,legacy_hr_system,employees.csv,1171,1171,Guillermina,Romero,D002,Human Resources,Permanent,152401.44,,,,,Good,Good,Fair,Excellent,Good,0
2026-06-29,legacy_hr_system,employees.csv,1172,1172,Benjamin,Gomez,D004,Sales,Contractor,,2642.14,5781.02,30-87654321-0,Beta Consulting,Excellent,Good,Excellent,Good,Good,1
2026-06-29,legacy_hr_system,employees.csv,1173,1173,Ciro,Soto,D004,Sales,Permanent,122035.67,,,,,Excellent,Poor,Fair,Excellent,Fair,0
2026-06-29,legacy_hr_system,employees.csv,1174,1174,Juan Ignacio,Acuña,D003,IT,Contractor,,3682.22,4984.73,30-12345678-9,Alpha Consulting,Good,Good,Excellent,Fair,Good,1
2026-06-29,legacy_hr_system,employees.csv,1175,1175,Valentino,Sanchez,D002,Human Resources,Permanent,94609.3,,,,,Excellent,Excellent,Excellent,Good,Fair,0
2026-06-29,legacy_hr_system,employees.csv,1176,1176,Facundo,Diaz,D003,IT,Contractor,,2485.16,5529.96,30-11223344-5,Gamma Consulting,Good,Good,Good,Fair,Good,0
2026-06-29,legacy_hr_system,employees.csv,1177,1177,Jazmin,Herrera,D005,Operations,Contractor,,2732.18,4096.35,30-99887766-1,Delta Consulting,Excellent,Good,Fair,Excellent,Poor,0
2026-06-29,legacy_hr_system,employees.csv,1178,1178,Simon,Quiroga,D002,Human Resources,Permanent,91346.32,,,,,Excellent,Good,Good,Good,Good,0
2026-06-29,legacy_hr_system,employees.csv,1179,1179,Juan Cruz,Garcia,D004,Sales,Contractor,,3338.88,6562.52,30-11223344-5,Gamma Consulting,Fair,Good,Fair,Good,Poor,0
2026-06-29,legacy_hr_system,employees.csv,1180,1180,Alma Valentina,Gomez,D003,IT,Contractor,,2145.97,4524.22,30-11223344-5,Gamma Consulting,Fair,Good,Good,Poor,Good,0
2026-06-29,legacy_hr_system,employees.csv,1181,1181,Juan Francisco,Moreno,D005,Operations,Contractor,,4129.78,4420.36,30-12345678-9,Alpha Consulting,Good,Good,Poor,Fair,Good,1
2026-06-29,legacy_hr_system,employees.csv,1182,1182,Agostina,Lopez,D004,Sales,Contractor,,3361.9,3437.61,30-87654321-0,Beta Consulting,Good,Excellent,Poor,Good,Good,0
2026-06-29,legacy_hr_system,employees.csv,1183,1183,Dylan Benjamin,Martinez,D003,IT,Permanent,132849.21,,,,,Good,Good,Good,Fair,Excellent,0
2026-06-29,legacy_hr_system,employees.csv,1184,1184,Joaquin,Fernandez,D001,Finance,Permanent,114385.67,,,,,Good,Excellent,Good,Good,Good,0
2026-06-29,legacy_hr_system,employees.csv,1185,1185,Lucas,Campos,D005,Operations,Permanent,149571.9,,,,,Excellent,Good,Poor,Excellent,Good,0
2026-06-29,legacy_hr_system,employees.csv,1186,1186,Francisco,Ruiz,D002,Human Resources,Permanent,155621.58,,,,,Poor,Good,Good,Good,Good,1
2026-06-29,legacy_hr_system,employees.csv,1187,1187,Santiago,Godoy,D003,IT,Contractor,,5071.65,5079.63,30-11223344-5,Gamma Consulting,Excellent,Good,Fair,Fair,Excellent,0
2026-06-29,legacy_hr_system,employees.csv,1188,1188,Lorenzo,Gonzalez,D003,IT,Permanent,129773.89,,,,,Good,Good,Excellent,Good,Good,0
2026-06-29,legacy_hr_system,employees.csv,1189,1189,Mora,Diaz,D004,Sales,Contractor,,3155.51,4146.83,30-99887766-1,Delta Consulting,Excellent,Good,Good,Good,Good,0
2026-06-29,legacy_hr_system,employees.csv,1190,1190,Mia,Alvarez,D003,IT,Permanent,130154.52,,,,,Good,Good,Excellent,Good,Poor,0
2026-06-29,legacy_hr_system,employees.csv,1191,1191,Federico,Diaz,D002,Human Resources,Contractor,,2763.68,4668.46,30-11223344-5,Gamma Consulting,Fair,Good,Good,Good,Fair,1
2026-06-29,legacy_hr_system,employees.csv,1192,1192,Gonzalo,Correa,D001,Finance,Contractor,,4054.08,3493.46,30-99887766-1,Delta Consulting,Excellent,Good,Good,Fair,Good,0
2026-06-29,legacy_hr_system,employees.csv,1193,1193,Isabella,Gomez,D001,Finance,Permanent,154196.36,,,,,Fair,Good,Good,Excellent,Good,0
2026-06-29,legacy_hr_system,employees.csv,1194,1194,Luna,Lopez,D003,IT,Contractor,,4053.69,4381.93,30-12345678-9,Alpha Consulting,Fair,Good,Fair,Excellent,Good,0
2026-06-29,legacy_hr_system,employees.csv,1195,1195,Juan Cruz,Medina,D004,Sales,Permanent,56344.35,,,,,Fair,Good,Excellent,Good,Fair,1
2026-06-29,legacy_hr_system,employees.csv,1196,1196,Thiago Benjamin,Guzman,D004,Sales,Contractor,,2513.74,5796.99,30-87654321-0,Beta Consulting,Excellent,Excellent,Good,Excellent,Excellent,0
2026-06-29,legacy_hr_system,employees.csv,1197,1197,Bruno,Godoy,D004,Sales,Permanent,119313.96,,,,,Good,Good,Poor,Good,Good,0
2026-06-29,legacy_hr_system,employees.csv,1198,1198,Matias,Cabrera,D002,Human Resources,Contractor,,2200.56,3995.23,30-11223344-5,Gamma Consulting,Fair,Good,Fair,Good,Good,0
2026-06-29,legacy_hr_system,employees.csv,1199,1199,Maria Victoria,Sosa,D002,Human Resources,Permanent,145218.6,,,,,Fair,Good,Good,Good,Good,0
2026-06-29,legacy_hr_system,employees.csv,1200,1200,Juan Gabriel,Rios,D003,IT,Contractor,,3437.39,4261.07,30-99887766-1,Delta Consulting,Good,Good,Good,Fair,Good,0
2026-06-29,legacy_hr_system,employees.csv,1201,1201,Zoe Valentina,Vega,D002,Human Resources,Permanent,108995.27,,,,,Good,Good,Excellent,Good,Good,1
2026-06-29,legacy_hr_system,employees.csv,1202,1202,Juana,Cabrera,D005,Operations,Permanent,108247.26,,,,,Poor,Good,Excellent,Fair,Good,0
2026-06-29,legacy_hr_system,employees.csv,1203,1203,Catalina,Fernandez,D002,Human Resources,Permanent,92327.69,,,,,Fair,Good,Good,Fair,Good,0
2026-06-29,legacy_hr_system,employees.csv,1204,1204,Juan Ignacio,Sanchez,D002,Human Resources,Permanent,168461.27,,,,,Fair,Good,Fair,Fair,Good,0
2026-06-29,legacy_hr_system,employees.csv,1205,1205,Joaquin,Ledesma,D003,IT,Contractor,,2742.14,5717.16,30-12345678-9,Alpha Consulting,Poor,Good,Good,Good,Good,0
2026-06-29,legacy_hr_system,employees.csv,1206,1206,Bianca,Ramirez,D005,Operations,Contractor,,4217.05,5498.31,30-11223344-5,Gamma Consulting,Excellent,Good,Poor,Good,Good,0
2026-06-29,legacy_hr_system,employees.csv,1207,1207,Valentino,Alvarez,D001,Finance,Permanent,107051.39,,,,,Fair,Good,Good,Good,Good,0
2026-06-29,legacy_hr_system,employees.csv,1208,1208,Santiago,Godoy,D002,Human Resources,Contractor,,3322.98,4475.8,30-87654321-0,Beta Consulting,Excellent,Fair,Fair,Good,Poor,1
2026-06-29,legacy_hr_system,employees.csv,1209,1209,Juliana,Moreno,D001,Finance,Contractor,,2277.04,4824.36,30-12345678-9,Alpha Consulting,Excellent,Fair,Good,Good,Good,0
2026-06-29,legacy_hr_system,employees.csv,1210,1210,Angel Gabriel,Castro,D002,Human Resources,Permanent,84628.81,,,,,Good,Good,Poor,Good,Excellent,0
2026-06-29,legacy_hr_system,employees.csv,1211,1211,Morena,Fernandez,D004,Sales,Contractor,,3950.14,4035.38,30-87654321-0,Beta Consulting,Good,Excellent,Fair,Fair,Excellent,0
2026-06-29,legacy_hr_system,employees.csv,1212,1212,Josefina,Acosta,D001,Finance,Permanent,126034.79,,,,,Fair,Fair,Good,Good,Good,0
2026-06-29,legacy_hr_system,employees.csv,1213,1213,Isabella,Sosa,D002,Human Resources,Contractor,,3226.63,4241.1,30-99887766-1,Delta Consulting,Excellent,Good,Fair,Good,Good,1
2026-06-29,legacy_hr_system,employees.csv,1214,1214,Benjamin,Fernandez,D002,Human Resources,Contractor,,3469.36,4025.1,30-99887766-1,Delta Consulting,Good,Good,Excellent,Excellent,Fair,0
2026-06-29,legacy_hr_system,employees.csv,1215,1215,Augusto,Soto,D001,Finance,Permanent,146138.92,,,,,Excellent,Good,Excellent,Fair,Good,0
2026-06-29,legacy_hr_system,employees.csv,1216,1216,Juan Bautista,Aguirre,D004,Sales,Contractor,,1923.22,4626.38,30-12345678-9,Alpha Consulting,Fair,Excellent,Good,Good,Good,0
2026-06-29,legacy_hr_system,employees.csv,1217,1217,Ramiro,Ramirez,D005,Operations,Permanent,178167.87,,,,,Good,Excellent,Good,Excellent,Good,1
2026-06-29,legacy_hr_system,employees.csv,1218,1218,Giuliana,Aguirre,D003,IT,Contractor,,2199.73,3822.26,30-12345678-9,Alpha Consulting,Good,Good,Good,Fair,Excellent,0
2026-06-29,legacy_hr_system,employees.csv,1219,1219,Catalina,Gonzalez,D003,IT,Contractor,,3411.13,4679.58,30-12345678-9,Alpha Consulting,Good,Excellent,Poor,Poor,Fair,0
2026-06-29,legacy_hr_system,employees.csv,1220,1220,Alejo,Garcia,D001,Finance,Permanent,130518.9,,,,,Excellent,Good,Fair,Poor,Fair,0
2026-06-29,legacy_hr_system,employees.csv,1221,1221,Victoria,Rojas,D002,Human Resources,Permanent,134675.61,,,,,Excellent,Excellent,Good,Good,Good,0
2026-06-29,legacy_hr_system,employees.csv,1222,1222,Mateo,Medina,D002,Human Resources,Permanent,139041.64,,,,,Excellent,Fair,Fair,Good,Fair,0
2026-06-29,legacy_hr_system,employees.csv,1223,1223,Maria Emilia,Vazquez,D001,Finance,Permanent,153291.0,,,,,Excellent,Fair,Good,Good,Good,0
2026-06-29,legacy_hr_system,employees.csv,1224,1224,Nicolas,Gomez,D004,Sales,Permanent,132294.56,,,,,Good,Poor,Good,Good,Poor,0
2026-06-29,legacy_hr_system,employees.csv,1225,1225,Juan Ignacio,Ramos,D001,Finance,Permanent,112762.27,,,,,Good,Fair,Fair,Fair,Good,1
2026-06-29,legacy_hr_system,employees.csv,1226,1226,Gael,Torres,D001,Finance,Contractor,,3538.06,6399.88,30-87654321-0,Beta Consulting,Fair,Excellent,Excellent,Excellent,Excellent,0
2026-06-29,legacy_hr_system,employees.csv,1227,1227,Gael,Gonzalez,D002,Human Resources,Contractor,,2893.89,3525.47,30-87654321-0,Beta Consulting,Good,Good,Excellent,Excellent,Good,0
2026-06-29,legacy_hr_system,employees.csv,1228,1228,Lucio,Molina,D004,Sales,Contractor,,3885.66,4379.62,30-11223344-5,Gamma Consulting,Fair,Fair,Good,Good,Good,0
2026-06-29,legacy_hr_system,employees.csv,1229,1229,Juan Sebastian,Gomez,D002,Human Resources,Permanent,54819.91,,,,,Good,Good,Good,Excellent,Poor,0
2026-06-29,legacy_hr_system,employees.csv,1230,1230,Ludmila,Cardozo,D005,Operations,Permanent,145422.65,,,,,Excellent,Poor,Fair,Good,Good,0
2026-06-29,legacy_hr_system,employees.csv,1231,1231,Juana,Franco,D001,Finance,Permanent,103940.15,,,,,Fair,Excellent,Poor,Good,Good,0
2026-06-29,legacy_hr_system,employees.csv,1232,1232,Tomàs,Sosa,D001,Finance,Permanent,117284.0,,,,,Fair,Good,Good,Good,Poor,0
2026-06-29,legacy_hr_system,employees.csv,1233,1233,Augusto,Benitez,D005,Operations,Permanent,129959.41,,,,,Excellent,Good,Good,Good,Good,0
2026-06-29,legacy_hr_system,employees.csv,1234,1234,Priscila,Ramos,D005,Operations,Permanent,125714.99,,,,,Good,Good,Good,Excellent,Good,1
2026-06-29,legacy_hr_system,employees.csv,1235,1235,Emma,Correa,D003,IT,Contractor,,3567.56,4064.51,30-87654321-0,Beta Consulting,Fair,Good,Fair,Good,Good,0
2026-06-29,legacy_hr_system,employees.csv,1236,1236,Salvador,Sosa,D001,Finance,Contractor,,3410.48,4240.45,30-99887766-1,Delta Consulting,Poor,Poor,Good,Poor,Good,0
2026-06-29,legacy_hr_system,employees.csv,1237,1237,Paloma,Godoy,D005,Operations,Contractor,,3591.05,5115.37,30-11223344-5,Gamma Consulting,Excellent,Good,Fair,Poor,Excellent,0
2026-06-29,legacy_hr_system,employees.csv,1238,1238,Mateo,Fernandez,D003,IT,Permanent,91936.84,,,,,Good,Good,Good,Good,Good,0
2026-06-29,legacy_hr_system,employees.csv,1239,1239,Sofia,Diaz,D003,IT,Contractor,,3868.79,3964.04,30-12345678-9,Alpha Consulting,Excellent,Good,Good,Good,Excellent,0
2026-06-29,legacy_hr_system,employees.csv,1240,1240,Isabella,Sosa,D004,Sales,Permanent,144241.73,,,,,Excellent,Good,Good,Good,Good,0
2026-06-29,legacy_hr_system,employees.csv,1241,1241,Emilia,Rojas,D001,Finance,Permanent,131018.62,,,,,Good,Good,Excellent,Excellent,Fair,0
2026-06-29,legacy_hr_system,employees.csv,1242,1242,Juan Cruz,Vega,D004,Sales,Permanent,175145.51,,,,,Good,Excellent,Good,Excellent,Excellent,0
2026-06-29,legacy_hr_system,employees.csv,1243,1243,Emilia,Perez,D005,Operations,Contractor,,2821.23,4150.68,30-11223344-5,Gamma Consulting,Excellent,Fair,Excellent,Fair,Good,0
2026-06-29,legacy_hr_system,employees.csv,1244,1244,Alma Mia,Velazquez,D003,IT,Permanent,119417.41,,,,,Excellent,Good,Excellent,Good,Excellent,0
2026-06-29,legacy_hr_system,employees.csv,1245,1245,Agostina,Gomez,D002,Human Resources,Permanent,110904.61,,,,,Good,Fair,Good,Good,Fair,0
2026-06-29,legacy_hr_system,employees.csv,1246,1246,Luisina,Caceres,D003,IT,Contractor,,3639.95,2883.69,30-11223344-5,Gamma Consulting,Good,Good,Good,Good,Poor,0
2026-06-29,legacy_hr_system,employees.csv,1247,1247,Bastian,Toledo,D002,Human Resources,Permanent,88389.53,,,,,Good,Excellent,Good,Excellent,Good,0
2026-06-29,legacy_hr_system,employees.csv,1248,1248,Mateo Ezequiel,Fernandez,D005,Operations,Contractor,,2145.76,5450.31,30-11223344-5,Gamma Consulting,Poor,Good,Good,Good,Excellent,0
2026-06-29,legacy_hr_system,employees.csv,1249,1249,Mateo Ezequiel,Martinez,D001,Finance,Contractor,,4368.49,4395.55,30-87654321-0,Beta Consulting,Good,Poor,Good,Fair,Good,0
2026-06-29,legacy_hr_system,employees.csv,1250,1250,Luz Milagros,Rivero,D005,Operations,Contractor,,2864.94,4570.05,30-99887766-1,Delta Consulting,Good,Good,Good,Excellent,Good,1
2026-06-29,legacy_hr_system,employees.csv,1251,1251,Paulina,Peralta,D003,IT,Permanent,154856.35,,,,,Fair,Good,Good,Fair,Excellent,0
2026-06-29,legacy_hr_system,employees.csv,1252,1252,Morena,Silva,D004,Sales,Permanent,92179.41,,,,,Good,Good,Poor,Good,Good,0
2026-06-29,legacy_hr_system,employees.csv,1253,1253,Thiago Benjamin,Ramirez,D004,Sales,Permanent,127151.07,,,,,Fair,Poor,Poor,Good,Poor,0
2026-06-29,legacy_hr_system,employees.csv,1254,1254,Facundo,Godoy,D002,Human Resources,Contractor,,3780.16,5001.09,30-11223344-5,Gamma Consulting,Good,Excellent,Good,Good,Excellent,0
2026-06-29,legacy_hr_system,employees.csv,1255,1255,Emiliano,Gomez,D002,Human Resources,Contractor,,3151.67,5501.05,30-99887766-1,Delta Consulting,Excellent,Excellent,Good,Good,Poor,0
2026-06-29,legacy_hr_system,employees.csv,1256,1256,Agustina,Garcia,D002,Human Resources,Contractor,,837.41,5177.88,30-99887766-1,Delta Consulting,Excellent,Excellent,Excellent,Good,Good,0
2026-06-29,legacy_hr_system,employees.csv,1257,1257,Santiago Nicolas,Torres,D004,Sales,Permanent,100377.73,,,,,Good,Good,Fair,Excellent,Fair,1
2026-06-29,legacy_hr_system,employees.csv,1258,1258,Maria Guadalupe,Romero,D005,Operations,Contractor,,6141.96,5011.2,30-12345678-9,Alpha Consulting,Poor,Excellent,Fair,Good,Good,0
2026-06-29,legacy_hr_system,employees.csv,1259,1259,Benjamin,Ramos,D004,Sales,Contractor,,4098.93,4362.55,30-99887766-1,Delta Consulting,Good,Good,Excellent,Excellent,Fair,1
2026-06-29,legacy_hr_system,employees.csv,1260,1260,Maria Paz,Ojeda,D005,Operations,Permanent,148586.24,,,,,Fair,Good,Good,Good,Good,0
2026-06-29,legacy_hr_system,employees.csv,1261,1261,Malena,Dominguez,D005,Operations,Contractor,,4289.82,5814.91,30-11223344-5,Gamma Consulting,Poor,Excellent,Good,Good,Good,1
2026-06-29,legacy_hr_system,employees.csv,1262,1262,Benicio,Rodriguez,D005,Operations,Permanent,169198.94,,,,,Poor,Good,Good,Fair,Poor,0
2026-06-29,legacy_hr_system,employees.csv,1263,1263,Mateo Benjamin,Diaz,D002,Human Resources,Permanent,142263.82,,,,,Good,Fair,Good,Good,Excellent,0
2026-06-29,legacy_hr_system,employees.csv,1264,1264,Pedro,Diaz,D004,Sales,Permanent,122263.01,,,,,Fair,Good,Poor,Poor,Fair,1
2026-06-29,legacy_hr_system,employees.csv,1265,1265,Thiago Benjamin,Rivero,D003,IT,Permanent,71941.03,,,,,Good,Fair,Fair,Excellent,Poor,1
2026-06-29,legacy_hr_system,employees.csv,1266,1266,Alma,Silva,D005,Operations,Permanent,112618.13,,,,,Excellent,Good,Fair,Good,Good,1
2026-06-29,legacy_hr_system,employees.csv,1267,1267,Tiziano,Suarez,D004,Sales,Contractor,,2325.4,6670.94,30-87654321-0,Beta Consulting,Fair,Good,Excellent,Fair,Fair,0
2026-06-29,legacy_hr_system,employees.csv,1268,1268,Alma,Castillo,D004,Sales,Permanent,114723.43,,,,,Excellent,Excellent,Good,Good,Poor,0
2026-06-29,legacy_hr_system,employees.csv,1269,1269,Isabella,Gomez,D002,Human Resources,Contractor,,12394.24,5051.49,30-11223344-5,Gamma Consulting,Excellent,Good,Good,Fair,Good,0
2026-06-29,legacy_hr_system,employees.csv,1270,1270,Martín,Medina,D003,IT,Contractor,,3034.88,6195.05,30-12345678-9,Alpha Consulting,Good,Poor,Fair,Good,Fair,0
2026-06-29,legacy_hr_system,employees.csv,1271,1271,Juan Ignacio,Mendez,D001,Finance,Contractor,,2501.88,4694.61,30-12345678-9,Alpha Consulting,Good,Good,Fair,Good,Excellent,0
2026-06-29,legacy_hr_system,employees.csv,1272,1272,Simon,Gonzalez,D004,Sales,Contractor,,2406.02,3179.98,30-99887766-1,Delta Consulting,Good,Excellent,Fair,Poor,Fair,0
2026-06-29,legacy_hr_system,employees.csv,1273,1273,Gino,Diaz,D001,Finance,Permanent,101646.93,,,,,Good,Good,Fair,Excellent,Good,0
2026-06-29,legacy_hr_system,employees.csv,1274,1274,Luciano,Fernandez,D005,Operations,Permanent,118888.9,,,,,Good,Good,Poor,Fair,Fair,1
2026-06-29,legacy_hr_system,employees.csv,1275,1275,Lara,Fernandez,D004,Sales,Permanent,107120.93,,,,,Good,Good,Good,Good,Good,1
2026-06-29,legacy_hr_system,employees.csv,1276,1276,Paula,Perez,D003,IT,Permanent,99227.37,,,,,Good,Good,Good,Excellent,Poor,0
2026-06-29,legacy_hr_system,employees.csv,1277,1277,Ambar,Martinez,D003,IT,Contractor,,1874.95,4416.89,30-87654321-0,Beta Consulting,Fair,Good,Fair,Good,Good,0
2026-06-29,legacy_hr_system,employees.csv,1278,1278,Thiago,Barrios,D003,IT,Permanent,74858.39,,,,,Good,Fair,Good,Good,Good,0
2026-06-29,legacy_hr_system,employees.csv,1279,1279,Mateo,Ruiz,D004,Sales,Permanent,142801.68,,,,,Good,Good,Poor,Good,Fair,0
2026-06-29,legacy_hr_system,employees.csv,1280,1280,Julieta,Quiroga,D001,Finance,Permanent,122473.19,,,,,Good,Good,Excellent,Good,Good,1
2026-06-29,legacy_hr_system,employees.csv,1281,1281,Francisco,Ferreyra,D005,Operations,Contractor,,1833.96,4190.79,30-87654321-0,Beta Consulting,Good,Excellent,Fair,Fair,Excellent,0
2026-06-29,legacy_hr_system,employees.csv,1282,1282,Federico,Gonzalez,D003,IT,Contractor,,2398.27,4819.17,30-12345678-9,Alpha Consulting,Good,Good,Good,Excellent,Excellent,0
2026-06-29,legacy_hr_system,employees.csv,1283,1283,Agustin,Fernandez,D002,Human Resources,Permanent,160213.51,,,,,Excellent,Good,Good,Good,Good,0
2026-06-29,legacy_hr_system,employees.csv,1284,1284,Francisco,Peralta,D001,Finance,Contractor,,1499.86,4615.03,30-12345678-9,Alpha Consulting,Good,Fair,Excellent,Good,Excellent,0
2026-06-29,legacy_hr_system,employees.csv,1285,1285,Benjamin,Ledesma,D002,Human Resources,Permanent,115196.02,,,,,Fair,Fair,Good,Good,Fair,1
2026-06-29,legacy_hr_system,employees.csv,1286,1286,Augusto,Olivera,D001,Finance,Permanent,140140.2,,,,,Good,Fair,Fair,Excellent,Fair,0
2026-06-29,legacy_hr_system,employees.csv,1287,1287,Ciro,Fernandez,D002,Human Resources,Permanent,,,,,,Good,Good,Fair,Fair,Fair,0
2026-06-29,legacy_hr_system,employees.csv,1288,1288,Bautista,Alvarez,D001,Finance,Permanent,97440.92,,,,,Good,Excellent,Poor,Good,Good,0
2026-06-29,legacy_hr_system,employees.csv,1289,1289,Sebastian,Gomez,D002,Human Resources,Contractor,,2744.76,3703.97,30-11223344-5,Gamma Consulting,Good,Poor,Good,Good,Excellent,0
2026-06-29,legacy_hr_system,employees.csv,1290,1290,Josefina,Lucero,D004,Sales,Contractor,,3860.81,4521.31,30-12345678-9,Alpha Consulting,Good,Good,Excellent,Fair,Good,0
2026-06-29,legacy_hr_system,employees.csv,1291,1291,Valentino,Ramos,D001,Finance,Contractor,,4520.95,4439.34,30-11223344-5,Gamma Consulting,Excellent,Good,Excellent,Good,Good,1
2026-06-29,legacy_hr_system,employees.csv,1292,1292,Zoe,Fernandez,D005,Operations,Permanent,98747.8,,,,,Excellent,Good,Good,Fair,Good,0
2026-06-29,legacy_hr_system,employees.csv,1293,1293,Samuel,Fernandez,D004,Sales,Permanent,74588.57,,,,,Good,Good,Excellent,Good,Good,0
2026-06-29,legacy_hr_system,employees.csv,1294,1294,Julia,Gonzalez,D001,Finance,Permanent,65905.81,,,,,Good,Good,Good,Good,Poor,0
2026-06-29,legacy_hr_system,employees.csv,1295,1295,Lara,Benitez,D004,Sales,Contractor,,1732.69,4767.13,30-12345678-9,Alpha Consulting,Poor,Good,Excellent,Excellent,Excellent,0
2026-06-29,legacy_hr_system,employees.csv,1296,1296,Joaquín,Morales,D001,Finance,Permanent,135261.75,,,,,Good,Poor,Excellent,Good,Excellent,0
2026-06-29,legacy_hr_system,employees.csv,1297,1297,Felipe,Ramirez,D004,Sales,Permanent,72564.28,,,,,Fair,Good,Excellent,Excellent,Poor,0
2026-06-29,legacy_hr_system,employees.csv,1298,1298,Ramiro,Mendez,D003,IT,Permanent,,,,,,Good,Good,Good,Excellent,Good,0
2026-06-29,legacy_hr_system,employees.csv,1299,1299,Catalina,Gomez,D005,Operations,Contractor,,2613.55,4646.79,30-11223344-5,Gamma Consulting,Good,Good,Good,Poor,Poor,0
2026-06-29,legacy_hr_system,employees.csv,1300,1300,Gonzalo,Nuñez,D002,Human Resources,Permanent,168366.62,,,,,Fair,Good,Good,Excellent,Good,1
2026-06-29,legacy_hr_system,employees.csv,1301,1301,Olivia,Soto,D001,Finance,Permanent,146905.18,,,,,Excellent,Good,Good,Good,Excellent,0
2026-06-29,legacy_hr_system,employees.csv,1302,1302,Josefina,Fernandez,D002,Human Resources,Permanent,111944.08,,,,,Good,Fair,Good,Excellent,Excellent,0
2026-06-29,legacy_hr_system,employees.csv,1303,1303,Victoria,Rodriguez,D004,Sales,Permanent,93264.23,,,,,Good,Good,Good,Good,Good,0
2026-06-29,legacy_hr_system,employees.csv,1304,1304,Nicolas,Juarez,D001,Finance,Permanent,55445.54,,,,,Excellent,Good,Excellent,Good,Excellent,0
2026-06-29,legacy_hr_system,employees.csv,1305,1305,Sofía,Vargas,D004,Sales,Permanent,98425.4,,,,,Fair,Good,Good,Fair,Fair,0
2026-06-29,legacy_hr_system,employees.csv,1306,1306,Helena,Farias,D004,Sales,Permanent,113666.09,,,,,Excellent,Good,Good,Poor,Good,0
2026-06-29,legacy_hr_system,employees.csv,1307,1307,Milagros,Sanchez,D004,Sales,Contractor,,2210.26,4368.74,30-11223344-5,Gamma Consulting,Excellent,Poor,Excellent,Fair,Good,0
2026-06-29,legacy_hr_system,employees.csv,1308,1308,Maximo,Gimenez,D003,IT,Permanent,122305.56,,,,,Excellent,Good,Good,Good,Good,0
2026-06-29,legacy_hr_system,employees.csv,1309,1309,Lautaro Ezequiel,Garcia,D005,Operations,Permanent,113254.32,,,,,Excellent,Good,Good,Excellent,Good,0
2026-06-29,legacy_hr_system,employees.csv,1310,1310,Isabella,Mendoza,D002,Human Resources,Contractor,,2480.0,4668.65,30-99887766-1,Delta Consulting,Good,Fair,Good,Good,Good,0
2026-06-29,legacy_hr_system,employees.csv,1311,1311,Ivan,Aguirre,D001,Finance,Contractor,,3353.55,3409.6,30-99887766-1,Delta Consulting,Fair,Good,Good,Good,Fair,1
2026-06-29,legacy_hr_system,employees.csv,1312,1312,Santino,Gimenez,D002,Human Resources,Permanent,162327.97,,,,,Excellent,Fair,Excellent,Good,Good,0
2026-06-29,legacy_hr_system,employees.csv,1313,1313,Mia,Pereyra,D003,IT,Permanent,117042.36,,,,,Poor,Poor,Good,Excellent,Good,0
2026-06-29,legacy_hr_system,employees.csv,1314,1314,Maria Belen,Velazquez,D004,Sales,Permanent,120565.49,,,,,Poor,Fair,Good,Excellent,Good,0
2026-06-29,legacy_hr_system,employees.csv,1315,1315,Lucas Benjamin,Fernandez,D004,Sales,Contractor,,3566.57,4733.22,30-99887766-1,Delta Consulting,Good,Good,Fair,Fair,Fair,0
2026-06-29,legacy_hr_system,employees.csv,1316,1316,Candela,Ortiz,D001,Finance,Contractor,,3762.51,4787.12,30-87654321-0,Beta Consulting,Fair,Excellent,Fair,Excellent,Fair,0
2026-06-29,legacy_hr_system,employees.csv,1317,1317,Guadalupe,Castillo,D004,Sales,Contractor,,2510.05,4861.5,30-12345678-9,Alpha Consulting,Good,Fair,Good,Fair,Good,0
2026-06-29,legacy_hr_system,employees.csv,1318,1318,Paulina,Moyano,D003,IT,Contractor,,2085.02,4608.56,30-11223344-5,Gamma Consulting,Fair,Excellent,Poor,Fair,Good,0
2026-06-29,legacy_hr_system,employees.csv,1319,1319,Milo,Gonzalez,D004,Sales,Permanent,119003.1,,,,,Good,Excellent,Excellent,Fair,Excellent,0
2026-06-29,legacy_hr_system,employees.csv,1320,1320,Bautista,Perez,D002,Human Resources,Permanent,113756.49,,,,,Good,Excellent,Good,Excellent,Fair,0
2026-06-29,legacy_hr_system,employees.csv,1321,1321,Martina,Rodriguez,D001,Finance,Permanent,116143.87,,,,,Good,Excellent,Good,Fair,Excellent,1
2026-06-29,legacy_hr_system,employees.csv,1322,1322,Francesco,Gimenez,D001,Finance,Permanent,63544.53,,,,,Excellent,Fair,Excellent,Good,Poor,0
2026-06-29,legacy_hr_system,employees.csv,1323,1323,Lucía,Gimenez,D001,Finance,Permanent,103538.25,,,,,Good,Excellent,Fair,Good,Fair,0
2026-06-29,legacy_hr_system,employees.csv,1324,1324,Renata,Quiroga,D002,Human Resources,Contractor,,3074.28,4659.86,30-87654321-0,Beta Consulting,Good,Good,Good,Good,Good,0
2026-06-29,legacy_hr_system,employees.csv,1325,1325,Catalina,Rojas,D002,Human Resources,Permanent,89169.75,,,,,Excellent,Poor,Good,Good,Excellent,0
2026-06-29,legacy_hr_system,employees.csv,1326,1326,Mora,Garcia,D003,IT,Permanent,157971.24,,,,,Good,Good,Good,Fair,Excellent,0
2026-06-29,legacy_hr_system,employees.csv,1327,1327,Josefina,Gutierrez,D004,Sales,Permanent,94014.75,,,,,Good,Poor,Good,Good,Good,0
2026-06-29,legacy_hr_system,employees.csv,1328,1328,Sofia,Cordoba,D003,IT,Contractor,,3775.57,4927.19,30-11223344-5,Gamma Consulting,Excellent,Fair,Good,Good,Excellent,0
2026-06-29,legacy_hr_system,employees.csv,1329,1329,Mateo Benjamin,Alvarez,D002,Human Resources,Permanent,100613.18,,,,,Good,Good,Good,Good,Poor,0
2026-06-29,legacy_hr_system,employees.csv,1330,1330,Juan Manuel,Miranda,D001,Finance,Contractor,,4420.25,3306.36,30-12345678-9,Alpha Consulting,Excellent,Good,Good,Poor,Excellent,0
2026-06-29,legacy_hr_system,employees.csv,1331,1331,Thiago Ezequiel,Rodriguez,D002,Human Resources,Permanent,147574.63,,,,,Excellent,Excellent,Fair,Good,Good,0
2026-06-29,legacy_hr_system,employees.csv,1332,1332,Genaro,Ojeda,D004,Sales,Permanent,150017.47,,,,,Good,Fair,Good,Good,Good,0
2026-06-29,legacy_hr_system,employees.csv,1333,1333,Thiago Leonel,Rodriguez,D002,Human Resources,Contractor,,2463.5,5892.47,30-12345678-9,Alpha Consulting,Good,Fair,Poor,Good,Excellent,0
2026-06-29,legacy_hr_system,employees.csv,1334,1334,Catalina,Benitez,D003,IT,Contractor,,2799.96,4788.69,30-87654321-0,Beta Consulting,Poor,Good,Excellent,Good,Fair,0
2026-06-29,legacy_hr_system,employees.csv,1335,1335,Facundo,Cabrera,D001,Finance,Permanent,127809.66,,,,,Fair,Fair,Good,Excellent,Excellent,0
2026-06-29,legacy_hr_system,employees.csv,1336,1336,Josefina,Villalba,D002,Human Resources,Permanent,115970.74,,,,,Excellent,Good,Good,Excellent,Good,0
2026-06-29,legacy_hr_system,employees.csv,1337,1337,Thiago Nicolas,Gomez,D003,IT,Permanent,144324.25,,,,,Excellent,Excellent,Good,Good,Good,0
2026-06-29,legacy_hr_system,employees.csv,1338,1338,Lucia,Quiroga,D004,Sales,Contractor,,3634.79,2751.47,30-87654321-0,Beta Consulting,Fair,Excellent,Excellent,Fair,Excellent,0
2026-06-29,legacy_hr_system,employees.csv,1339,1339,Mateo,Moyano,D003,IT,Contractor,,4043.47,2837.51,30-99887766-1,Delta Consulting,Good,Good,Good,Good,Poor,0
2026-06-29,legacy_hr_system,employees.csv,1340,1340,Maximo,Vargas,D005,Operations,Permanent,150976.39,,,,,Good,Good,Good,Excellent,Good,0
2026-06-29,legacy_hr_system,employees.csv,1341,1341,Joaquín,Lopez,D001,Finance,Contractor,,3901.36,3409.03,30-87654321-0,Beta Consulting,Good,Excellent,Good,Excellent,Good,0
2026-06-29,legacy_hr_system,employees.csv,1342,1342,Juan Ignacio,Vargas,D002,Human Resources,Permanent,107675.57,,,,,Good,Fair,Excellent,Poor,Good,0
2026-06-29,legacy_hr_system,employees.csv,1343,1343,Thiago Benjamin,Cruz,D005,Operations,Contractor,,2115.44,4285.08,30-99887766-1,Delta Consulting,Fair,Good,Fair,Good,Good,0
2026-06-29,legacy_hr_system,employees.csv,1344,1344,Thiago Nahuel,Gonzalez,D002,Human Resources,Permanent,110758.97,,,,,Good,Good,Good,Good,Poor,0
2026-06-29,legacy_hr_system,employees.csv,1345,1345,Micaela,Perez,D001,Finance,Permanent,143389.82,,,,,Good,Good,Good,Fair,Good,0
2026-06-29,legacy_hr_system,employees.csv,1346,1346,Bautista,Vera,D004,Sales,Contractor,,4048.25,5895.68,30-11223344-5,Gamma Consulting,Excellent,Excellent,Good,Fair,Fair,0
2026-06-29,legacy_hr_system,employees.csv,1347,1347,Dante,Rodriguez,D001,Finance,Permanent,103134.96,,,,,Poor,Good,Excellent,Fair,Fair,0
2026-06-29,legacy_hr_system,employees.csv,1348,1348,Facundo,Sosa,D001,Finance,Permanent,113723.34,,,,,Excellent,Fair,Good,Excellent,Good,0
2026-06-29,legacy_hr_system,employees.csv,1349,1349,Guillermina,Ortiz,D004,Sales,Permanent,,,,,,Good,Fair,Good,Excellent,Good,0
2026-06-29,legacy_hr_system,employees.csv,1350,1350,Guadalupe,Perez,D003,IT,Permanent,95823.9,,,,,Excellent,Excellent,Fair,Good,Good,0
2026-06-29,legacy_hr_system,employees.csv,1351,1351,Santino,Silva,D005,Operations,Permanent,148945.55,,,,,Fair,Good,Good,Good,Poor,0
2026-06-29,legacy_hr_system,employees.csv,1352,1352,Lisandro,Martinez,D002,Human Resources,Contractor,,4292.47,3265.65,30-99887766-1,Delta Consulting,Excellent,Good,Excellent,Good,Fair,0
2026-06-29,legacy_hr_system,employees.csv,1353,1353,Bianca,Gonzalez,D001,Finance,Permanent,102226.07,,,,,Poor,Excellent,Poor,Fair,Good,0
2026-06-29,legacy_hr_system,employees.csv,1354,1354,Morena Jazmin,Martinez,D003,IT,Contractor,,2978.88,4780.16,30-12345678-9,Alpha Consulting,Fair,Good,Excellent,Excellent,Good,0
2026-06-29,legacy_hr_system,employees.csv,1355,1355,Agustin,Alvarez,D005,Operations,Permanent,95711.89,,,,,Fair,Good,Excellent,Good,Good,1
2026-06-29,legacy_hr_system,employees.csv,1356,1356,Felipe,Soria,D003,IT,Contractor,,3339.25,4026.16,30-87654321-0,Beta Consulting,Good,Good,Good,Poor,Good,0
2026-06-29,legacy_hr_system,employees.csv,1357,1357,Jazmín,Castro,D004,Sales,Permanent,119566.43,,,,,Fair,Good,Good,Good,Fair,0
2026-06-29,legacy_hr_system,employees.csv,1358,1358,Uma ,Villalba,D001,Finance,Unknown,136388.53,,,,,Excellent,Good,Excellent,Good,Fair,0
2026-06-29,legacy_hr_system,employees.csv,1359,1359,Ciro,Sanchez,D005,Operations,Permanent,120192.67,,,,,Good,Good,Good,Good,Good,0
2026-06-29,legacy_hr_system,employees.csv,1360,1360,Ciro,Muñoz,D004,Sales,Permanent,106908.42,,,,,Fair,Good,Good,Excellent,Good,0
2026-06-29,legacy_hr_system,employees.csv,1361,1361,Victoria,Rodriguez,D005,Operations,Contractor,,2912.31,4411.64,30-99887766-1,Delta Consulting,Good,Good,Good,Poor,Good,0
2026-06-29,legacy_hr_system,employees.csv,1362,1362,Thiago,Gimenez,D003,IT,Permanent,108899.67,,,,,Good,Excellent,Good,Good,Good,0
2026-06-29,legacy_hr_system,employees.csv,1363,1363,Alvaro,Lopez,D001,Finance,Contractor,,2792.96,6098.65,30-11223344-5,Gamma Consulting,Good,Good,Good,Poor,Excellent,0
2026-06-29,legacy_hr_system,employees.csv,1364,1364,Luciana,Chavez,D001,Finance,Permanent,136827.58,,,,,Good,Poor,Good,Excellent,Excellent,0
2026-06-29,legacy_hr_system,employees.csv,1365,1365,Benjamin Alejandro,Rodriguez,D004,Sales,Permanent,111135.59,,,,,Good,Good,Poor,Good,Fair,0
2026-06-29,legacy_hr_system,employees.csv,1366,1366,Valentin,Garcia,D003,IT,Permanent,140908.63,,,,,Good,Good,Good,Fair,Good,1
2026-06-29,legacy_hr_system,employees.csv,1367,1367,Juan Gabriel,Romero,D002,Human Resources,Contractor,,2732.94,5673.12,30-87654321-0,Beta Consulting,Good,Excellent,Fair,Fair,Good,0
2026-06-29,legacy_hr_system,employees.csv,1368,1368,Nicolas,Gonzalez,D001,Finance,Permanent,131089.27,,,,,Good,Poor,Good,Good,Good,0
2026-06-29,legacy_hr_system,employees.csv,1369,1369,Sofia,Ortiz,D005,Operations,Permanent,116780.94,,,,,Excellent,Good,Good,Excellent,Good,0
2026-06-29,legacy_hr_system,employees.csv,1370,1370,Julieta,Rios,D004,Sales,Contractor,,3358.17,2929.12,30-11223344-5,Gamma Consulting,Excellent,Good,Fair,Good,Good,0
2026-06-29,legacy_hr_system,employees.csv,1371,1371,Malena,Luna,D002,Human Resources,Permanent,86196.98,,,,,Fair,Good,Good,Fair,Excellent,0
2026-06-29,legacy_hr_system,employees.csv,1372,1372,Morena,Ramos,D001,Finance,Contractor,,2044.86,4642.94,30-87654321-0,Beta Consulting,Good,Good,Good,Good,Good,0
2026-06-29,legacy_hr_system,employees.csv,1373,1373,Santiago,Mendoza,D004,Sales,Permanent,171975.45,,,,,Excellent,Good,Good,Poor,Excellent,0
2026-06-29,legacy_hr_system,employees.csv,1374,1374,Alejo,Martinez,D001,Finance,Permanent,186939.0,,,,,Excellent,Good,Fair,Poor,Fair,0
2026-06-29,legacy_hr_system,employees.csv,1375,1375,Benjamin,Ramirez,D004,Sales,Contractor,,3510.44,5000.84,30-12345678-9,Alpha Consulting,Fair,Good,Poor,Fair,Good,1
2026-06-29,legacy_hr_system,employees.csv,1376,1376,Francisco,Sosa,D001,Finance,Permanent,65968.27,,,,,Good,Fair,Fair,Good,Fair,0
2026-06-29,legacy_hr_system,employees.csv,1377,1377,Giuliana,Lucero,D004,Sales,Permanent,103719.79,,,,,Excellent,Excellent,Good,Fair,Fair,0
2026-06-29,legacy_hr_system,employees.csv,1378,1378,Maria Guadalupe,Gonzalez,D002,Human Resources,Permanent,96366.49,,,,,Good,Excellent,Good,Good,Good,0
2026-06-29,legacy_hr_system,employees.csv,1379,1379,Milagros,Farias,D001,Finance,Permanent,101374.57,,,,,Fair,Fair,Fair,Good,Good,0
2026-06-29,legacy_hr_system,employees.csv,1380,1380,Ian Benjamin,Gomez,D004,Sales,Contractor,,2865.48,4027.91,30-11223344-5,Gamma Consulting,Good,Fair,Excellent,Good,Good,0
2026-06-29,legacy_hr_system,employees.csv,1381,1381,Julia,Martinez,D003,IT,Contractor,,1416.56,5247.91,30-11223344-5,Gamma Consulting,Poor,Excellent,Good,Good,Good,0
2026-06-29,legacy_hr_system,employees.csv,1382,1382,Morena,Rodriguez,D002,Human Resources,Permanent,87817.71,,,,,Good,Good,Good,Excellent,Good,0
2026-06-29,legacy_hr_system,employees.csv,1383,1383,Máximo,Vera,D005,Operations,Permanent,127177.41,,,,,Good,Good,Fair,Good,Good,1
2026-06-29,legacy_hr_system,employees.csv,1384,1384,Catalina,Ayala,D003,IT,Contractor,,4659.27,3580.62,30-11223344-5,Gamma Consulting,Good,Good,Poor,Good,Fair,0
2026-06-29,legacy_hr_system,employees.csv,1385,1385,Alfonsina,Gutierrez,D004,Sales,Contractor,,975.77,4214.0,30-12345678-9,Alpha Consulting,Good,Excellent,Good,Good,Excellent,0
2026-06-29,legacy_hr_system,employees.csv,1386,1386,Constanza,Torres,D001,Finance,Contractor,,3880.77,6458.35,30-11223344-5,Gamma Consulting,Good,Good,Good,Excellent,Fair,0
2026-06-29,legacy_hr_system,employees.csv,1387,1387,Martin,Rodriguez,D005,Operations,Contractor,,2016.36,4996.7,30-87654321-0,Beta Consulting,Good,Excellent,Good,Poor,Good,0
2026-06-29,legacy_hr_system,employees.csv,1388,1388,Catalina,Fernandez,D005,Operations,Contractor,,2627.75,4394.05,30-12345678-9,Alpha Consulting,Poor,Excellent,Good,Good,Good,0
2026-06-29,legacy_hr_system,employees.csv,1389,1389,Tobias,Rodriguez,D002,Human Resources,Permanent,199330.3,,,,,Fair,Excellent,Poor,Good,Good,0
2026-06-29,legacy_hr_system,employees.csv,1390,1390,Tiziano,Benitez,D001,Finance,Contractor,,1797.62,4753.74,30-87654321-0,Beta Consulting,Good,Excellent,Good,Good,Good,0
2026-06-29,legacy_hr_system,employees.csv,1391,1391,Ciro Benjamin,Martinez,D005,Operations,Contractor,,3374.15,5585.79,30-12345678-9,Alpha Consulting,Good,Good,Excellent,Excellent,Excellent,0
2026-06-29,legacy_hr_system,employees.csv,1392,1392,Thiago Benjamin,Sanchez,D005,Operations,Permanent,122939.49,,,,,Good,Good,Excellent,Good,Poor,0
2026-06-29,legacy_hr_system,employees.csv,1393,1393,Juan,Quiroga,D004,Sales,Contractor,,3246.44,4108.35,30-87654321-0,Beta Consulting,Good,Good,Fair,Poor,Good,0
2026-06-29,legacy_hr_system,employees.csv,1394,1394,Abril,Sanchez,D003,IT,Permanent,128073.81,,,,,Excellent,Good,Good,Poor,Good,0
2026-06-29,legacy_hr_system,employees.csv,1395,1395,Victoria,Rodriguez,D002,Human Resources,Permanent,109704.23,,,,,Good,Good,Good,Excellent,Fair,0
2026-06-29,legacy_hr_system,employees.csv,1396,1396,Sofia,Vargas,D001,Finance,Permanent,138647.16,,,,,Poor,Good,Excellent,Excellent,Good,0
2026-06-29,legacy_hr_system,employees.csv,1397,1397,Maria Victoria,Fernandez,D004,Sales,Permanent,108911.69,,,,,Good,Fair,Excellent,Excellent,Good,0
2026-06-29,legacy_hr_system,employees.csv,1398,1398,Mateo,Medina,D003,IT,Permanent,131313.01,,,,,Good,Excellent,Good,Good,Good,0
2026-06-29,legacy_hr_system,employees.csv,1399,1399,Lola,Rojas,D002,Human Resources,Permanent,119122.12,,,,,Good,Excellent,Excellent,Good,Good,0
2026-06-29,legacy_hr_system,employees.csv,1400,1400,Ciro Benjamin,Diaz,D004,Sales,Contractor,,3900.84,4448.61,30-99887766-1,Delta Consulting,Fair,Good,Poor,Good,Fair,0
2026-06-29,legacy_hr_system,employees.csv,1401,1401,Julieta,Perez,D002,Human Resources,Permanent,66809.03,,,,,Fair,Fair,Good,Good,Good,0
2026-06-29,legacy_hr_system,employees.csv,1402,1402,Juan Ignacio,Fernandez,D001,Finance,Contractor,,4009.54,3594.27,30-99887766-1,Delta Consulting,Excellent,Good,Good,Excellent,Good,0
2026-06-29,legacy_hr_system,employees.csv,1403,1403,Ramiro,Rivero,D002,Human Resources,Permanent,100387.01,,,,,Fair,Good,Good,Good,Fair,0
2026-06-29,legacy_hr_system,employees.csv,1404,1404,Genaro,Gonzalez,D005,Operations,Contractor,,2523.47,5874.44,30-87654321-0,Beta Consulting,Good,Good,Good,Excellent,Excellent,0
2026-06-29,legacy_hr_system,employees.csv,1405,1405,Miguel Angel,Romero,D005,Operations,Permanent,55929.77,,,,,Poor,Excellent,Good,Good,Poor,0
2026-06-29,legacy_hr_system,employees.csv,1406,1406,Catalina,Martinez,D003,IT,Contractor,,5510.2,5556.06,30-99887766-1,Delta Consulting,Excellent,Excellent,Good,Good,Good,0
2026-06-29,legacy_hr_system,employees.csv,1407,1407,Benicio,Gutierrez,D004,Sales,Permanent,126697.17,,,,,Fair,Good,Fair,Good,Excellent,0
2026-06-29,legacy_hr_system,employees.csv,1408,1408,Agostina,Perez,D003,IT,Permanent,118353.18,,,,,Good,Good,Good,Good,Good,0
2026-06-29,legacy_hr_system,employees.csv,1409,1409,Dylan Ezequiel,Gonzalez,D003,IT,Contractor,,3228.44,5021.12,30-87654321-0,Beta Consulting,Fair,Excellent,Fair,Fair,Good,0
2026-06-29,legacy_hr_system,employees.csv,1410,1410,Lola,Acosta,D004,Sales,Contractor,,3516.17,5055.6,30-87654321-0,Beta Consulting,Excellent,Good,Good,Good,Good,0
2026-06-29,legacy_hr_system,employees.csv,1411,1411,Lautaro Ezequiel,Martinez,D003,IT,Contractor,,3071.66,4302.66,30-12345678-9,Alpha Consulting,Excellent,Good,Good,Fair,Fair,0
2026-06-29,legacy_hr_system,employees.csv,1412,1412,Malena,Cordoba,D001,Finance,Contractor,,2878.98,4305.09,30-11223344-5,Gamma Consulting,Excellent,Good,Excellent,Good,Fair,0
2026-06-29,legacy_hr_system,employees.csv,1413,1413,Valentino,Gonzalez,D004,Sales,Permanent,154013.1,,,,,Good,Excellent,Excellent,Excellent,Good,0
2026-06-29,legacy_hr_system,employees.csv,1414,1414,Ludmila,Chavez,D002,Human Resources,Contractor,,3474.85,1559.61,30-12345678-9,Alpha Consulting,Good,Good,Good,Excellent,Excellent,0
2026-06-29,legacy_hr_system,employees.csv,1415,1415,Valentino,Paz,D003,IT,Permanent,139677.02,,,,,Fair,Poor,Excellent,Good,Excellent,0
2026-06-29,legacy_hr_system,employees.csv,1416,1416,Thiago,Morales,D004,Sales,Permanent,125842.09,,,,,Good,Fair,Good,Excellent,Good,0
2026-06-29,legacy_hr_system,employees.csv,1417,1417,Mia Valentina,Nuñez,D004,Sales,Permanent,119438.74,,,,,Good,Good,Good,Good,Good,0
2026-06-29,legacy_hr_system,employees.csv,1418,1418,Valentina,Correa,D004,Sales,Contractor,,2689.19,5624.11,30-87654321-0,Beta Consulting,Fair,Good,Good,Fair,Fair,0
2026-06-29,legacy_hr_system,employees.csv,1419,1419,Benjamin,Rodriguez,D002,Human Resources,Permanent,148425.79,,,,,Excellent,Excellent,Good,Fair,Fair,0
2026-06-29,legacy_hr_system,employees.csv,1420,1420,Alvaro,Acosta,D001,Finance,Permanent,96813.67,,,,,Good,Good,Good,Good,Good,0
2026-06-29,legacy_hr_system,employees.csv,1421,1421,Valentino,Barrios,D002,Human Resources,Contractor,,3325.64,3528.34,30-12345678-9,Alpha Consulting,Excellent,Fair,Good,Fair,Good,0
2026-06-29,legacy_hr_system,employees.csv,1422,1422,Milena,Romero,D002,Human Resources,Permanent,78611.46,,,,,Good,Good,Good,Good,Fair,0
2026-06-29,legacy_hr_system,employees.csv,1423,1423,Martina,Medina,D002,Human Resources,Permanent,101198.48,,,,,Good,Good,Excellent,Good,Poor,0
2026-06-29,legacy_hr_system,employees.csv,1424,1424,Mateo,Silva,D003,IT,Contractor,,3689.91,5453.13,30-11223344-5,Gamma Consulting,Good,Good,Excellent,Good,Good,0
2026-06-29,legacy_hr_system,employees.csv,1425,1425,Gael,Ruiz,D004,Sales,Permanent,135392.56,,,,,Good,Good,Poor,Excellent,Good,0
2026-06-29,legacy_hr_system,employees.csv,1426,1426,Martina,Castillo,D001,Finance,Permanent,141752.87,,,,,Fair,Good,Poor,Excellent,Good,0
2026-06-29,legacy_hr_system,employees.csv,1427,1427,Joaquin,Diaz,D004,Sales,Permanent,135485.35,,,,,Poor,Fair,Fair,Excellent,Fair,0
2026-06-29,legacy_hr_system,employees.csv,1428,1428,Santiago,Garcia,D001,Finance,Permanent,100755.55,,,,,Excellent,Good,Fair,Excellent,Fair,0
2026-06-29,legacy_hr_system,employees.csv,1429,1429,Lautaro Nicolas,Gonzalez,D003,IT,Permanent,132957.68,,,,,Good,Excellent,Excellent,Poor,Poor,0
2026-06-29,legacy_hr_system,employees.csv,1430,1430,Ana Paula,Martinez,D002,Human Resources,Permanent,144012.29,,,,,Poor,Fair,Excellent,Good,Good,0
2026-06-29,legacy_hr_system,employees.csv,1431,1431,Juana,Ramirez,D003,IT,Contractor,,3603.43,5688.91,30-12345678-9,Alpha Consulting,Fair,Good,Fair,Excellent,Fair,1
2026-06-29,legacy_hr_system,employees.csv,1432,1432,Nicolas,Rodriguez,D001,Finance,Permanent,141249.12,,,,,Fair,Fair,Excellent,Excellent,Good,0
2026-06-29,legacy_hr_system,employees.csv,1433,1433,Victoria,Fernandez,D004,Sales,Contractor,,3281.16,5570.15,30-12345678-9,Alpha Consulting,Poor,Good,Good,Fair,Good,1
2026-06-29,legacy_hr_system,employees.csv,1434,1434,Sofia,Cruz,D001,Finance,Permanent,119204.36,,,,,Good,Poor,Excellent,Good,Good,0
2026-06-29,legacy_hr_system,employees.csv,1435,1435,Bruno,Morales,D001,Finance,Permanent,93543.76,,,,,Fair,Fair,Excellent,Good,Excellent,1
2026-06-29,legacy_hr_system,employees.csv,1436,1436,Benjamin Ezequiel,Arias,D002,Human Resources,Contractor,,2869.55,3755.1,30-12345678-9,Alpha Consulting,Fair,Good,Good,Good,Good,0
2026-06-29,legacy_hr_system,employees.csv,1437,1437,Juan Sebastian,Vargas,D003,IT,Permanent,99744.65,,,,,Poor,Good,Good,Good,Fair,0
2026-06-29,legacy_hr_system,employees.csv,1438,1438,Benicio,Molina,D002,Human Resources,Permanent,115664.44,,,,,Good,Excellent,Fair,Fair,Fair,0
2026-06-29,legacy_hr_system,employees.csv,1439,1439,Pilar,Bustos,D001,Finance,Contractor,,2366.06,4192.04,30-87654321-0,Beta Consulting,Excellent,Good,Fair,Good,Good,0
2026-06-29,legacy_hr_system,employees.csv,1440,1440,Juan Bautista,Alvarez,D004,Sales,Permanent,63191.56,,,,,Good,Good,Fair,Good,Good,0
2026-06-29,legacy_hr_system,employees.csv,1441,1441,Joaquin,Sanchez,D005,Operations,Permanent,126398.81,,,,,Good,Fair,Good,Good,Good,1
2026-06-29,legacy_hr_system,employees.csv,1442,1442,Delfina,Escobar,D002,Human Resources,Permanent,120036.16,,,,,Fair,Good,Good,Good,Good,0
2026-06-29,legacy_hr_system,employees.csv,1443,1443,Santiago Benjamin,Rodriguez,D005,Operations,Permanent,95487.34,,,,,Fair,Good,Excellent,Good,Excellent,1
2026-06-29,legacy_hr_system,employees.csv,1444,1444,Dylan Ezequiel,Pereyra,D001,Finance,Permanent,139777.37,,,,,Fair,Excellent,Good,Good,Good,1
2026-06-29,legacy_hr_system,employees.csv,1445,1445,Camilo,Franco,D005,Operations,Permanent,148127.1,,,,,Fair,Fair,Good,Excellent,Good,0
2026-06-29,legacy_hr_system,employees.csv,1446,1446,Martin,Gomez,D002,Human Resources,Contractor,,1713.95,3737.28,30-11223344-5,Gamma Consulting,Good,Fair,Good,Good,Excellent,0
2026-06-29,legacy_hr_system,employees.csv,1447,1447,Ambar,Perez,D005,Operations,Permanent,96925.73,,,,,Poor,Good,Good,Excellent,Excellent,0
2026-06-29,legacy_hr_system,employees.csv,1448,1448,Augusto,Avila,D005,Operations,Permanent,91802.91,,,,,Poor,Fair,Good,Poor,Good,0
2026-06-29,legacy_hr_system,employees.csv,1449,1449,Isabella,Franco,D001,Finance,Contractor,,3663.58,4306.17,30-99887766-1,Delta Consulting,Good,Poor,Poor,Fair,Good,0
2026-06-29,legacy_hr_system,employees.csv,1450,1450,Delfina,Farias,D003,IT,Permanent,112064.55,,,,,Good,Good,Good,Poor,Good,1
2026-06-29,legacy_hr_system,employees.csv,1451,1451,Lourdes,Sosa,D001,Finance,Contractor,,1396.91,5135.42,30-87654321-0,Beta Consulting,Excellent,Fair,Fair,Fair,Poor,0
2026-06-29,legacy_hr_system,employees.csv,1452,1452,Giuliana,Farias,D002,Human Resources,Contractor,,2008.59,4559.93,30-99887766-1,Delta Consulting,Good,Good,Good,Good,Poor,0
2026-06-29,legacy_hr_system,employees.csv,1453,1453,Joaquin,Luna,D004,Sales,Permanent,128321.31,,,,,Fair,Poor,Excellent,Good,Good,0
2026-06-29,legacy_hr_system,employees.csv,1454,1454,Luciana,Quiroga,D001,Finance,Contractor,,4088.53,3191.18,30-11223344-5,Gamma Consulting,Good,Fair,Good,Good,Good,0
2026-06-29,legacy_hr_system,employees.csv,1455,1455,Uma ,Gonzalez,D005,Operations,Contractor,,584.39,4683.85,30-99887766-1,Delta Consulting,Excellent,Fair,Fair,Fair,Fair,1
2026-06-29,legacy_hr_system,employees.csv,1456,1456,Constanza,Duarte,D001,Finance,Permanent,174015.34,,,,,Fair,Excellent,Good,Good,Fair,0
2026-06-29,legacy_hr_system,employees.csv,1457,1457,Lucas,Ortiz,D004,Sales,Contractor,,3991.16,4709.66,30-87654321-0,Beta Consulting,Good,Excellent,Fair,Poor,Fair,0
2026-06-29,legacy_hr_system,employees.csv,1458,1458,Santiago,Olivera,D004,Sales,Contractor,,2606.69,5307.12,30-99887766-1,Delta Consulting,Good,Good,Fair,Good,Fair,0
2026-06-29,legacy_hr_system,employees.csv,1459,1459,Justina,Aguirre,D003,IT,Contractor,,2221.16,4976.36,30-11223344-5,Gamma Consulting,Good,Fair,Poor,Excellent,Excellent,0
2026-06-29,legacy_hr_system,employees.csv,1460,1460,Josefina,Aguirre,D002,Human Resources,Permanent,135164.1,,,,,Good,Good,Good,Poor,Fair,0
2026-06-29,legacy_hr_system,employees.csv,1461,1461,Catalina,Martinez,D005,Operations,Contractor,,3848.17,7259.66,30-99887766-1,Delta Consulting,Good,Fair,Good,Excellent,Excellent,0
2026-06-29,legacy_hr_system,employees.csv,1462,1462,Delfina,Pereyra,D001,Finance,Permanent,131772.48,,,,,Excellent,Fair,Good,Good,Poor,0
2026-06-29,legacy_hr_system,employees.csv,1463,1463,Benjamin,Avila,D004,Sales,Contractor,,2592.83,4474.43,30-12345678-9,Alpha Consulting,Good,Fair,Fair,Good,Good,1
2026-06-29,legacy_hr_system,employees.csv,1464,1464,Sofia,Fernandez,D004,Sales,Contractor,,1584.74,3805.29,30-12345678-9,Alpha Consulting,Good,Excellent,Good,Good,Good,0
2026-06-29,legacy_hr_system,employees.csv,1465,1465,Lucio,Ayala,D001,Finance,Contractor,,2672.57,3975.91,30-11223344-5,Gamma Consulting,Good,Good,Good,Poor,Good,0
2026-06-29,legacy_hr_system,employees.csv,1466,1466,Juan Gabriel,Sanchez,D003,IT,Permanent,124570.65,,,,,Poor,Good,Fair,Good,Fair,0
2026-06-29,legacy_hr_system,employees.csv,1467,1467,Benjamin,Nuñez,D003,IT,Contractor,,2342.06,5621.03,30-11223344-5,Gamma Consulting,Fair,Excellent,Good,Excellent,Good,0
2026-06-29,legacy_hr_system,employees.csv,1468,1468,Bastian,Ramos,D002,Human Resources,Permanent,120006.21,,,,,Good,Poor,Excellent,Good,Good,0
2026-06-29,legacy_hr_system,employees.csv,1469,1469,Thiago Leonel,Guzman,D004,Sales,Permanent,119720.99,,,,,Fair,Good,Good,Good,Good,0
2026-06-29,legacy_hr_system,employees.csv,1470,1470,Thiago Daniel,Torres,D002,Human Resources,Permanent,110163.16,,,,,Excellent,Good,Poor,Fair,Good,0
2026-06-29,legacy_hr_system,employees.csv,1471,1471,Thiago Joaquin,Ruiz,D005,Operations,Permanent,124655.72,,,,,Good,Excellent,Excellent,Fair,Poor,0
2026-06-29,legacy_hr_system,employees.csv,1472,1472,Santino,Sanchez,D003,IT,Permanent,144752.95,,,,,Good,Good,Excellent,Good,Fair,0
2026-06-29,legacy_hr_system,employees.csv,1473,1473,Valentino,Fernandez,D003,IT,Contractor,,2306.3,3841.88,30-12345678-9,Alpha Consulting,Good,Good,Fair,Good,Excellent,1
2026-06-29,legacy_hr_system,employees.csv,1474,1474,Santino Agustin,Arias,D001,Finance,Permanent,110888.22,,,,,Fair,Poor,Good,Good,Good,0
2026-06-29,legacy_hr_system,employees.csv,1475,1475,Thiago Daniel,Ferreyra,D001,Finance,Permanent,79623.87,,,,,Poor,Fair,Good,Good,Good,1
2026-06-29,legacy_hr_system,employees.csv,1476,1476,Joaquin,Martin,D002,Human Resources,Permanent,95422.26,,,,,Fair,Good,Good,Fair,Poor,0
2026-06-29,legacy_hr_system,employees.csv,1477,1477,Juliana,Soria,D003,IT,Contractor,,2619.02,5374.39,30-11223344-5,Gamma Consulting,Good,Good,Poor,Good,Good,0
2026-06-29,legacy_hr_system,employees.csv,1478,1478,Maia,Diaz,D002,Human Resources,Permanent,127876.84,,,,,Fair,Fair,Fair,Good,Excellent,1
2026-06-29,legacy_hr_system,employees.csv,1479,1479,Salvador,Lopez,D005,Operations,Contractor,,3154.87,5350.9,30-11223344-5,Gamma Consulting,Excellent,Fair,Good,Good,Fair,1
2026-06-29,legacy_hr_system,employees.csv,1480,1480,Julieta,Castillo,D002,Human Resources,Unknown,115878.85,,,,,Good,Excellent,Good,Good,Good,1
2026-06-29,legacy_hr_system,employees.csv,1481,1481,Juan Ignacio,Ojeda,D002,Human Resources,Permanent,131713.95,,,,,Good,Good,Fair,Good,Fair,0
2026-06-29,legacy_hr_system,employees.csv,1482,1482,Santino Agustin,Duarte,D003,IT,Permanent,116903.35,,,,,Fair,Good,Poor,Fair,Fair,0
2026-06-29,legacy_hr_system,employees.csv,1483,1483,Francesca,Toledo,D002,Human Resources,Contractor,,3212.29,3917.24,30-87654321-0,Beta Consulting,Good,Good,Good,Good,Good,0
2026-06-29,legacy_hr_system,employees.csv,1484,1484,Lucía ,Gonzalez,D005,Operations,Contractor,,1048.95,4365.72,30-87654321-0,Beta Consulting,Fair,Poor,Good,Fair,Poor,0
2026-06-29,legacy_hr_system,employees.csv,1485,1485,Juan Martin,Ayala,D003,IT,Permanent,162682.44,,,,,Fair,Excellent,Excellent,Good,Excellent,0
2026-06-29,legacy_hr_system,employees.csv,1486,1486,Nahiara,Diaz,D005,Operations,Contractor,,3740.97,5465.4,30-87654321-0,Beta Consulting,Fair,Excellent,Poor,Fair,Good,0
2026-06-29,legacy_hr_system,employees.csv,1487,1487,Tiziano,Maidana,D004,Sales,Permanent,157083.92,,,,,Poor,Good,Good,Good,Excellent,0
2026-06-29,legacy_hr_system,employees.csv,1488,1488,Valentino,Villalba,D001,Finance,Permanent,122659.73,,,,,Excellent,Good,Good,Excellent,Good,0
2026-06-29,legacy_hr_system,employees.csv,1489,1489,Emma,Chavez,D003,IT,Contractor,,3157.85,3882.35,30-12345678-9,Alpha Consulting,Good,Fair,Good,Excellent,Good,1
2026-06-29,legacy_hr_system,employees.csv,1490,1490,Mateo,Cruz,D001,Finance,Contractor,,2747.14,5115.77,30-12345678-9,Alpha Consulting,Excellent,Poor,Good,Excellent,Good,0
2026-06-29,legacy_hr_system,employees.csv,1491,1491,Catalina,Vega,D005,Operations,Permanent,,,,,,Fair,Poor,Excellent,Good,Excellent,0
2026-06-29,legacy_hr_system,employees.csv,1492,1492,Luca,Cruz,D003,IT,Permanent,115816.61,,,,,Good,Excellent,Good,Excellent,Good,0
2026-06-29,legacy_hr_system,employees.csv,1493,1493,Tomàs,Perez,D002,Human Resources,Permanent,106494.32,,,,,Fair,Good,Good,Poor,Fair,0
2026-06-29,legacy_hr_system,employees.csv,1494,1494,Valentina,Rodriguez,D001,Finance,Contractor,,3000.42,5101.21,30-11223344-5,Gamma Consulting,Poor,Excellent,Good,Good,Excellent,0
2026-06-29,legacy_hr_system,employees.csv,1495,1495,Valentina,Gomez,D002,Human Resources,Contractor,,1844.92,2203.82,30-11223344-5,Gamma Consulting,Poor,Poor,Good,Good,Good,0
2026-06-29,legacy_hr_system,employees.csv,1496,1496,Benjamin,Alvarez,D005,Operations,Permanent,103483.89,,,,,Good,Excellent,Poor,Good,Fair,0
2026-06-29,legacy_hr_system,employees.csv,1497,1497,Maria Paz,Martin,D001,Finance,Contractor,,2023.43,3991.86,30-99887766-1,Delta Consulting,Fair,Poor,Fair,Fair,Excellent,0
2026-06-29,legacy_hr_system,employees.csv,1498,1498,Antonio,Aguirre,D003,IT,Contractor,,2881.78,4046.75,30-99887766-1,Delta Consulting,Fair,Good,Good,Excellent,Fair,0
2026-06-29,legacy_hr_system,employees.csv,1499,1499,Olivia,Molina,D004,Sales,Permanent,163574.03,,,,,Good,Good,Good,Good,Good,0
2026-06-29,legacy_hr_system,employees.csv,1500,1500,Santino,Suarez,D004,Sales,Contractor,,3261.4,4800.47,30-11223344-5,Gamma Consulting,Fair,Good,Good,Excellent,Poor,0
2026-06-29,legacy_hr_system,employees.csv,1501,1501,Santino Ezequiel,Ferreyra,D005,Operations,Contractor,,,3361.17,30-87654321-0,Beta Consulting,Good,Fair,Good,Excellent,Good,0
2026-06-29,legacy_hr_system,employees.csv,1502,1502,Luciano,Lopez,D005,Operations,Permanent,151173.35,,,,,Fair,Fair,Fair,Good,Excellent,0
2026-06-29,legacy_hr_system,employees.csv,1503,1503,Bautista,Farias,D001,Finance,Contractor,,2939.39,5170.48,30-12345678-9,Alpha Consulting,Good,Excellent,Good,Good,Fair,0
2026-06-29,legacy_hr_system,employees.csv,1504,1504,Juana,Sanchez,D005,Operations,Contractor,,2142.51,2946.24,30-12345678-9,Alpha Consulting,Excellent,Good,Poor,Excellent,Good,1
2026-06-29,legacy_hr_system,employees.csv,1505,1505,Oriana,Rodriguez,D003,IT,Contractor,,3654.31,4876.41,30-99887766-1,Delta Consulting,Fair,Good,Fair,Excellent,Excellent,0
2026-06-29,legacy_hr_system,employees.csv,1506,1506,Mateo,Torres,D003,IT,Contractor,,2278.36,3630.34,30-99887766-1,Delta Consulting,Good,Fair,Poor,Good,Poor,0
2026-06-29,legacy_hr_system,employees.csv,1507,1507,Maria Paz,Molina,D003,IT,Permanent,153763.04,,,,,Excellent,Fair,Good,Fair,Excellent,0
2026-06-29,legacy_hr_system,employees.csv,1508,1508,Alfonsina,Gomez,D003,IT,Contractor,,2048.47,,30-99887766-1,Delta Consulting,Excellent,Fair,Excellent,Good,Excellent,0
2026-06-29,legacy_hr_system,employees.csv,1509,1509,Mia,Cabrera,D002,Human Resources,Contractor,,2279.5,5138.39,30-99887766-1,Delta Consulting,Excellent,Good,Excellent,Fair,Poor,0
2026-06-29,legacy_hr_system,employees.csv,1510,1510,Jazmin,Gonzalez,D004,Sales,Permanent,110141.45,,,,,Good,Fair,Good,Fair,Good,1
2026-06-29,legacy_hr_system,employees.csv,1511,1511,Thiago Joaquin,Lopez,D002,Human Resources,Contractor,,3482.55,3955.89,30-99887766-1,Delta Consulting,Good,Good,Excellent,Good,Excellent,0
2026-06-29,legacy_hr_system,employees.csv,1512,1512,Mateo Agustin,Fernandez,D004,Sales,Permanent,115116.21,,,,,Fair,Fair,Good,Good,Good,0
2026-06-29,legacy_hr_system,employees.csv,1513,1513,Santino,Diaz,D005,Operations,Contractor,,3032.74,3497.81,30-87654321-0,Beta Consulting,Fair,Fair,Excellent,Excellent,Excellent,0
2026-06-29,legacy_hr_system,employees.csv,1514,1514,Santiago,Quiroga,D003,IT,Contractor,,3592.66,3986.79,30-11223344-5,Gamma Consulting,Good,Poor,Excellent,Good,Poor,0
2026-06-29,legacy_hr_system,employees.csv,1515,1515,Joaquín,Ojeda,D002,Human Resources,Permanent,113142.0,,,,,Excellent,Good,Good,Fair,Excellent,0
2026-06-29,legacy_hr_system,employees.csv,1516,1516,Thiago Benjamin,Garcia,D005,Operations,Permanent,90169.52,,,,,Excellent,Good,Good,Excellent,Excellent,0
2026-06-29,legacy_hr_system,employees.csv,1517,1517,Emma,Rodriguez,D001,Finance,Contractor,,950.13,4308.97,30-87654321-0,Beta Consulting,Fair,Good,Excellent,Poor,Good,0
2026-06-29,legacy_hr_system,employees.csv,1518,1518,Franco,Mansilla,D001,Finance,Permanent,192378.46,,,,,Fair,Fair,Excellent,Good,Good,0
2026-06-29,legacy_hr_system,employees.csv,1519,1519,Felipe,Sosa,D001,Finance,Permanent,143538.13,,,,,Fair,Good,Good,Good,Good,0
2026-06-29,legacy_hr_system,employees.csv,1520,1520,Pedro,Garcia,D002,Human Resources,Contractor,,2984.59,4237.11,30-11223344-5,Gamma Consulting,Good,Poor,Good,Poor,Excellent,0
2026-06-29,legacy_hr_system,employees.csv,1521,1521,Antonella,Juarez,D003,IT,Permanent,120673.98,,,,,Good,Fair,Poor,Good,Good,0
2026-06-29,legacy_hr_system,employees.csv,1522,1522,Sofia,Gonzalez,D001,Finance,Permanent,136413.57,,,,,Good,Excellent,Good,Fair,Fair,1
2026-06-29,legacy_hr_system,employees.csv,1523,1523,Joaquin,Garcia,D002,Human Resources,Contractor,,2055.35,5614.32,30-11223344-5,Gamma Consulting,Good,Good,Fair,Good,Good,1
2026-06-29,legacy_hr_system,employees.csv,1524,1524,Catalina,Farias,D004,Sales,Permanent,141461.44,,,,,Good,Good,Fair,Good,Good,0
2026-06-29,legacy_hr_system,employees.csv,1525,1525,Julieta,Ruiz,D002,Human Resources,Contractor,,3574.55,4938.48,30-11223344-5,Gamma Consulting,Poor,Good,Fair,Good,Good,0
2026-06-29,legacy_hr_system,employees.csv,1526,1526,Pilar,Dominguez,D002,Human Resources,Permanent,120588.5,,,,,Good,Good,Poor,Poor,Fair,0
2026-06-29,legacy_hr_system,employees.csv,1527,1527,Catalina,Molina,D002,Human Resources,Permanent,140185.84,,,,,Good,Excellent,Good,Good,Excellent,0
2026-06-29,legacy_hr_system,employees.csv,1528,1528,Santiago,Cruz,D002,Human Resources,Permanent,137754.42,,,,,Good,Good,Fair,Good,Excellent,0
2026-06-29,legacy_hr_system,employees.csv,1529,1529,Thiago,Acosta,D002,Human Resources,Permanent,109378.78,,,,,Good,Good,Fair,Fair,Good,0
2026-06-29,legacy_hr_system,employees.csv,1530,1530,Thiago Benjamin,Medina,D005,Operations,Permanent,102791.95,,,,,Good,Excellent,Excellent,Excellent,Excellent,1
2026-06-29,legacy_hr_system,employees.csv,1531,1531,Francisco,Perez,D001,Finance,Permanent,123055.69,,,,,Excellent,Poor,Good,Fair,Poor,0
2026-06-29,legacy_hr_system,employees.csv,1532,1532,Isabella,Cardozo,D001,Finance,Permanent,166470.6,,,,,Poor,Good,Fair,Good,Fair,0
2026-06-29,legacy_hr_system,employees.csv,1533,1533,Valentina ,Rodriguez,D001,Finance,Contractor,,2008.71,3032.47,30-87654321-0,Beta Consulting,Poor,Excellent,Good,Good,Good,0
2026-06-29,legacy_hr_system,employees.csv,1534,1534,Alma,Rojas,D005,Operations,Contractor,,3131.81,4550.89,30-11223344-5,Gamma Consulting,Good,Poor,Poor,Good,Excellent,0
2026-06-29,legacy_hr_system,employees.csv,1535,1535,Emanuel,Luna,D001,Finance,Permanent,125200.25,,,,,Good,Good,Excellent,Excellent,Good,0
2026-06-29,legacy_hr_system,employees.csv,1536,1536,Nicolas,Mansilla,D004,Sales,Permanent,127318.6,,,,,Excellent,Fair,Poor,Poor,Good,1
2026-06-29,legacy_hr_system,employees.csv,1537,1537,Sara,Flores,D001,Finance,Contractor,,2821.44,5989.86,30-12345678-9,Alpha Consulting,Excellent,Good,Good,Poor,Excellent,1
2026-06-29,legacy_hr_system,employees.csv,1538,1538,Mateo Benjamin,Aguero,D002,Human Resources,Contractor,,1719.28,3671.5,30-11223344-5,Gamma Consulting,Good,Fair,Fair,Good,Poor,0
2026-06-29,legacy_hr_system,employees.csv,1539,1539,Agustin,Lucero,D005,Operations,Contractor,,2917.4,2856.81,30-99887766-1,Delta Consulting,Poor,Good,Good,Good,Poor,1
2026-06-29,legacy_hr_system,employees.csv,1540,1540,Agustin,Rodriguez,D001,Finance,Permanent,114724.37,,,,,Poor,Excellent,Good,Good,Good,0
2026-06-29,legacy_hr_system,employees.csv,1541,1541,Alvaro,Vera,D001,Finance,Permanent,169844.1,,,,,Poor,Good,Good,Good,Excellent,0
2026-06-29,legacy_hr_system,employees.csv,1542,1542,Juan Bautista,Mendoza,D005,Operations,Permanent,120626.59,,,,,Good,Good,Excellent,Good,Good,0
2026-06-29,legacy_hr_system,employees.csv,1543,1543,Juan,Peralta,D003,IT,Contractor,,3184.56,3239.84,30-11223344-5,Gamma Consulting,Good,Good,Poor,Good,Fair,0
2026-06-29,legacy_hr_system,employees.csv,1544,1544,Ana Paula,Gomez,D003,IT,Contractor,,2506.91,4124.8,30-87654321-0,Beta Consulting,Good,Good,Poor,Poor,Excellent,0
2026-06-29,legacy_hr_system,employees.csv,1545,1545,Matilda,Lopez,D003,IT,Contractor,,2745.83,5781.64,30-12345678-9,Alpha Consulting,Excellent,Excellent,Fair,Good,Excellent,0
2026-06-29,legacy_hr_system,employees.csv,1546,1546,Dylan Benjamin,Valdez,D005,Operations,Contractor,,3446.15,3388.54,30-12345678-9,Alpha Consulting,Fair,Excellent,Excellent,Fair,Fair,0
2026-06-29,legacy_hr_system,employees.csv,1547,1547,Alma Valentina,Fernandez,D002,Human Resources,Permanent,127395.14,,,,,Poor,Poor,Good,Good,Good,0
2026-06-29,legacy_hr_system,employees.csv,1548,1548,Pedro,Olivera,D001,Finance,Contractor,,3398.58,5640.15,30-87654321-0,Beta Consulting,Poor,Poor,Excellent,Fair,Excellent,0
2026-06-29,legacy_hr_system,employees.csv,1549,1549,Lorenzo,Franco,D002,Human Resources,Permanent,167416.22,,,,,Fair,Good,Good,Excellent,Fair,0
2026-06-29,legacy_hr_system,employees.csv,1550,1550,Lucía,Miranda,D004,Sales,Contractor,,2187.92,3689.14,30-87654321-0,Beta Consulting,Good,Fair,Good,Fair,Good,0
2026-06-29,legacy_hr_system,employees.csv,1551,1551,Valentina,Bustos,D001,Finance,Permanent,82272.66,,,,,Excellent,Excellent,Good,Poor,Good,0
2026-06-29,legacy_hr_system,employees.csv,1552,1552,Uma ,Rodriguez,D001,Finance,Permanent,112979.4,,,,,Fair,Fair,Good,Good,Fair,0
2026-06-29,legacy_hr_system,employees.csv,1553,1553,Francesca,Ruiz,D004,Sales,Permanent,133990.75,,,,,Good,Good,Fair,Fair,Good,0
2026-06-29,legacy_hr_system,employees.csv,1554,1554,Juan Cruz,Perez,D003,IT,Permanent,149620.04,,,,,Excellent,Excellent,Good,Poor,Excellent,0
2026-06-29,legacy_hr_system,employees.csv,1555,1555,Malena,Hernandez,D004,Sales,Permanent,117721.47,,,,,Fair,Fair,Excellent,Fair,Excellent,0
2026-06-29,legacy_hr_system,employees.csv,1556,1556,Maia,Rios,D003,IT,Contractor,,2744.12,4651.76,30-12345678-9,Alpha Consulting,Good,Fair,Good,Good,Fair,0
2026-06-29,legacy_hr_system,employees.csv,1557,1557,Maximo,Flores,D003,IT,Contractor,,2331.89,6589.54,30-11223344-5,Gamma Consulting,Good,Fair,Good,Excellent,Good,0
2026-06-29,legacy_hr_system,employees.csv,1558,1558,Renata,Fernandez,D004,Sales,Permanent,71770.17,,,,,Fair,Poor,Good,Fair,Good,0
2026-06-29,legacy_hr_system,employees.csv,1559,1559,Salvador,Navarro,D004,Sales,Permanent,125542.22,,,,,Excellent,Excellent,Good,Poor,Good,0
2026-06-29,legacy_hr_system,employees.csv,1560,1560,Luisana,Blanco,D001,Finance,Permanent,180708.19,,,,,Fair,Poor,Excellent,Poor,Good,0
2026-06-29,legacy_hr_system,employees.csv,1561,1561,Lucas,Gomez,D004,Sales,Permanent,120204.0,,,,,Good,Excellent,Good,Good,Poor,0
2026-06-29,legacy_hr_system,employees.csv,1562,1562,Emilia,Rojas,D002,Human Resources,Permanent,114298.83,,,,,Good,Good,Good,Fair,Good,0
2026-06-29,legacy_hr_system,employees.csv,1563,1563,Alma,Ramirez,D003,IT,Contractor,,2714.04,4319.61,30-12345678-9,Alpha Consulting,Poor,Fair,Good,Excellent,Good,0
2026-06-29,legacy_hr_system,employees.csv,1564,1564,Olivia,Suarez,D002,Human Resources,Permanent,161185.45,,,,,Excellent,Good,Excellent,Good,Good,0
2026-06-29,legacy_hr_system,employees.csv,1565,1565,Tomas,Gonzalez,D001,Finance,Permanent,53644.14,,,,,Good,Good,Good,Good,Excellent,0
2026-06-29,legacy_hr_system,employees.csv,1566,1566,Victoria,Fernandez,D004,Sales,Permanent,166003.01,,,,,Good,Good,Good,Good,Good,1
2026-06-29,legacy_hr_system,employees.csv,1567,1567,Sofía,Ledesma,D003,IT,Contractor,,1860.83,4233.35,30-99887766-1,Delta Consulting,Fair,Good,Good,Good,Excellent,0
2026-06-29,legacy_hr_system,employees.csv,1568,1568,Martina,Paez,D003,IT,Contractor,,2656.6,5088.55,30-87654321-0,Beta Consulting,Fair,Good,Fair,Good,Good,1
2026-06-29,legacy_hr_system,employees.csv,1569,1569,Ignacio,Martinez,D003,IT,Permanent,72056.27,,,,,Excellent,Fair,Good,Excellent,Good,0
2026-06-29,legacy_hr_system,employees.csv,1570,1570,Thiago Valentin,Ayala,D003,IT,Permanent,133865.18,,,,,Good,Excellent,Fair,Fair,Good,0
2026-06-29,legacy_hr_system,employees.csv,1571,1571,Alfonsina,Gonzalez,D004,Sales,Permanent,180729.29,,,,,Good,Good,Fair,Good,Excellent,0
2026-06-29,legacy_hr_system,employees.csv,1572,1572,Sara,Sanchez,D003,IT,Permanent,79104.78,,,,,Good,Fair,Good,Fair,Excellent,1
2026-06-29,legacy_hr_system,employees.csv,1573,1573,Emilia,Aguirre,D005,Operations,Permanent,125691.19,,,,,Fair,Fair,Excellent,Fair,Good,0
2026-06-29,legacy_hr_system,employees.csv,1574,1574,Genaro,Gomez,D004,Sales,Contractor,,2470.41,4925.89,30-12345678-9,Alpha Consulting,Good,Good,Good,Excellent,Good,0
2026-06-29,legacy_hr_system,employees.csv,1575,1575,Joaquina,Fernandez,D003,IT,Permanent,120574.43,,,,,Poor,Excellent,Good,Good,Good,0
2026-06-29,legacy_hr_system,employees.csv,1576,1576,Martin,Acosta,D001,Finance,Contractor,,2486.81,4987.87,30-99887766-1,Delta Consulting,Good,Fair,Good,Excellent,Excellent,1
2026-06-29,legacy_hr_system,employees.csv,1577,1577,Antonia,Perez,D001,Finance,Permanent,174130.44,,,,,Good,Good,Excellent,Fair,Good,0
2026-06-29,legacy_hr_system,employees.csv,1578,1578,Ciro,Moreno,D004,Sales,Contractor,,2847.28,5219.76,30-99887766-1,Delta Consulting,Excellent,Good,Fair,Good,Good,0
2026-06-29,legacy_hr_system,employees.csv,1579,1579,Santiago,Diaz,D001,Finance,Contractor,,1965.38,3543.56,30-12345678-9,Alpha Consulting,Fair,Fair,Good,Poor,Excellent,0
2026-06-29,legacy_hr_system,employees.csv,1580,1580,Antonia,Villalba,D002,Human Resources,Contractor,,3377.93,5984.12,30-87654321-0,Beta Consulting,Excellent,Good,Good,Excellent,Good,0
2026-06-29,legacy_hr_system,employees.csv,1581,1581,Alejo,Aguero,D004,Sales,Permanent,130668.4,,,,,Good,Good,Good,Excellent,Fair,0
2026-06-29,legacy_hr_system,employees.csv,1582,1582,Tobias,Gutierrez,D004,Sales,Permanent,110608.26,,,,,Fair,Fair,Good,Excellent,Good,0
2026-06-29,legacy_hr_system,employees.csv,1583,1583,Mateo,Sanchez,D002,Human Resources,Permanent,119978.74,,,,,Excellent,Fair,Poor,Poor,Excellent,0
2026-06-29,legacy_hr_system,employees.csv,1584,1584,Bianca,Fernandez,D004,Sales,Contractor,,1999.67,5104.52,30-99887766-1,Delta Consulting,Excellent,Fair,Good,Good,Good,0
2026-06-29,legacy_hr_system,employees.csv,1585,1585,Mia Jazmin,Lucero,D001,Finance,Permanent,146469.99,,,,,Excellent,Good,Good,Good,Excellent,0
2026-06-29,legacy_hr_system,employees.csv,1586,1586,Martina,Lopez,D005,Operations,Contractor,,2638.33,4029.96,30-87654321-0,Beta Consulting,Good,Excellent,Excellent,Good,Good,0
2026-06-29,legacy_hr_system,employees.csv,1587,1587,Zoe Jazmin,Miranda,D003,IT,Permanent,127976.35,,,,,Excellent,Good,Good,Good,Good,0
2026-06-29,legacy_hr_system,employees.csv,1588,1588,Valentina,Medina,D001,Finance,Contractor,,2650.62,4433.87,30-99887766-1,Delta Consulting,Excellent,Good,Good,Good,Good,0
2026-06-29,legacy_hr_system,employees.csv,1589,1589,Bastian,Vega,D001,Finance,Permanent,182991.65,,,,,Excellent,Poor,Good,Fair,Fair,0
2026-06-29,legacy_hr_system,employees.csv,1590,1590,Victoria,Paz,D002,Human Resources,Contractor,,2802.38,4141.66,30-11223344-5,Gamma Consulting,Good,Excellent,Good,Good,Fair,0
2026-06-29,legacy_hr_system,employees.csv,1591,1591,Juan Bautista,Godoy,D005,Operations,Permanent,100573.75,,,,,Excellent,Fair,Fair,Good,Poor,0
2026-06-29,legacy_hr_system,employees.csv,1592,1592,Juan Ignacio,Gonzalez,D003,IT,Permanent,142325.76,,,,,Good,Fair,Poor,Good,Good,0
2026-06-29,legacy_hr_system,employees.csv,1593,1593,Thiago,Luna,D002,Human Resources,Permanent,114563.27,,,,,Excellent,Excellent,Excellent,Excellent,Excellent,0
2026-06-29,legacy_hr_system,employees.csv,1594,1594,Joaquin,Aguero,D001,Finance,Permanent,100518.81,,,,,Good,Good,Excellent,Excellent,Good,0
2026-06-29,legacy_hr_system,employees.csv,1595,1595,Maria Victoria,Sosa,D004,Sales,Contractor,,4057.04,5919.6,30-11223344-5,Gamma Consulting,Excellent,Good,Excellent,Fair,Fair,0
2026-06-29,legacy_hr_system,employees.csv,1596,1596,Mateo,Escobar,D003,IT,Permanent,101987.29,,,,,Poor,Poor,Poor,Excellent,Good,1
2026-06-29,legacy_hr_system,employees.csv,1597,1597,Lautaro Ezequiel,Ledesma,D001,Finance,Contractor,,1506.77,5507.51,30-99887766-1,Delta Consulting,Excellent,Excellent,Fair,Good,Fair,0
2026-06-29,legacy_hr_system,employees.csv,1598,1598,Emilia,Alvarez,D003,IT,Permanent,99461.11,,,,,Fair,Good,Fair,Excellent,Excellent,0
2026-06-29,legacy_hr_system,employees.csv,1599,1599,Mateo,Silva,D001,Finance,Permanent,143718.77,,,,,Good,Good,Excellent,Excellent,Fair,0
2026-06-29,legacy_hr_system,employees.csv,1600,1600,Lucía ,Mendez,D003,IT,Contractor,,1423.92,5392.6,30-99887766-1,Delta Consulting,Good,Good,Good,Poor,Excellent,0
2026-06-29,legacy_hr_system,employees.csv,1601,1601,Lara,Peralta,D001,Finance,Contractor,,2031.06,5230.76,30-12345678-9,Alpha Consulting,Fair,Fair,Good,Poor,Good,0
2026-06-29,legacy_hr_system,employees.csv,1602,1602,Thiago Benjamin,Ramirez,D001,Finance,Permanent,120428.19,,,,,Excellent,Good,Fair,Good,Good,1
2026-06-29,legacy_hr_system,employees.csv,1603,1603,Benjamin,Vargas,D005,Operations,Permanent,91381.82,,,,,Good,Good,Good,Good,Good,1
2026-06-29,legacy_hr_system,employees.csv,1604,1604,Camilo,Gonzalez,D003,IT,Permanent,,,,,,Good,Fair,Good,Good,Poor,0
2026-06-29,legacy_hr_system,employees.csv,1605,1605,Thiago Emanuel,Moreno,D003,IT,Contractor,,3549.05,4605.89,30-11223344-5,Gamma Consulting,Poor,Good,Good,Good,Good,1
2026-06-29,legacy_hr_system,employees.csv,1606,1606,Juan Martin,Gonzalez,D003,IT,Permanent,137532.39,,,,,Fair,Good,Good,Good,Fair,0
2026-06-29,legacy_hr_system,employees.csv,1607,1607,Valentina,Cordoba,D005,Operations,Permanent,179293.22,,,,,Fair,Good,Good,Excellent,Good,0
2026-06-29,legacy_hr_system,employees.csv,1608,1608,Julieta,Martin,D005,Operations,Permanent,73072.75,,,,,Good,Good,Good,Good,Poor,0
2026-06-29,legacy_hr_system,employees.csv,1609,1609,Santino Benjamin,Flores,D003,IT,Permanent,168516.38,,,,,Good,Fair,Good,Poor,Good,0
2026-06-29,legacy_hr_system,employees.csv,1610,1610,Thiago,Sosa,D002,Human Resources,Permanent,123130.68,,,,,Fair,Good,Poor,Good,Good,0
2026-06-29,legacy_hr_system,employees.csv,1611,1611,Valentina,Herrera,D002,Human Resources,Contractor,,2280.97,3169.69,30-12345678-9,Alpha Consulting,Good,Poor,Good,Good,Fair,0
2026-06-29,legacy_hr_system,employees.csv,1612,1612,Agostina,Paz,D002,Human Resources,Permanent,114326.39,,,,,Excellent,Fair,Excellent,Excellent,Excellent,0
2026-06-29,legacy_hr_system,employees.csv,1613,1613,Camila,Gomez,D001,Finance,Permanent,147649.5,,,,,Good,Excellent,Poor,Good,Excellent,0
2026-06-29,legacy_hr_system,employees.csv,1614,1614,Bianca,Dominguez,D003,IT,Permanent,116173.53,,,,,Good,Good,Good,Good,Good,0
2026-06-29,legacy_hr_system,employees.csv,1615,1615,Valentina Jazmin,Torres,D004,Sales,Contractor,,4208.92,3048.82,30-99887766-1,Delta Consulting,Good,Excellent,Fair,Fair,Good,0
2026-06-29,legacy_hr_system,employees.csv,1616,1616,Lara,Cabrera,D001,Finance,Permanent,119637.33,,,,,Good,Fair,Poor,Good,Poor,0
2026-06-29,legacy_hr_system,employees.csv,1617,1617,Juana,Gomez,D004,Sales,Contractor,,1998.09,4863.63,30-12345678-9,Alpha Consulting,Good,Good,Excellent,Fair,Fair,1
2026-06-29,legacy_hr_system,employees.csv,1618,1618,Bautista,Olivera,D004,Sales,Permanent,146606.62,,,,,Good,Good,Good,Good,Good,0
2026-06-29,legacy_hr_system,employees.csv,1619,1619,Santino Benjamin,Guzman,D004,Sales,Permanent,107377.15,,,,,Good,Excellent,Excellent,Fair,Fair,1
2026-06-29,legacy_hr_system,employees.csv,1620,1620,Thiago Benjamin,Vega,D004,Sales,Permanent,41873.58,,,,,Excellent,Good,Good,Fair,Good,0
2026-06-29,legacy_hr_system,employees.csv,1621,1621,Uma,Garcia,D003,IT,Permanent,125968.44,,,,,Good,Good,Poor,Good,Excellent,0
2026-06-29,legacy_hr_system,employees.csv,1622,1622,Felipe,Vazquez,D003,IT,Permanent,133102.16,,,,,Good,Poor,Excellent,Good,Good,0
2026-06-29,legacy_hr_system,employees.csv,1623,1623,Tiziano Valentin,Cordoba,D002,Human Resources,Contractor,,3323.44,5735.78,30-12345678-9,Alpha Consulting,Good,Good,Fair,Good,Good,0
2026-06-29,legacy_hr_system,employees.csv,1624,1624,Benjamin Ezequiel,Juarez,D001,Finance,Permanent,87868.39,,,,,Excellent,Fair,Poor,Good,Good,0
2026-06-29,legacy_hr_system,employees.csv,1625,1625,Antonella,Peralta,D004,Sales,Permanent,140406.48,,,,,Good,Good,Good,Excellent,Good,0
2026-06-29,legacy_hr_system,employees.csv,1626,1626,Joaquín,Ferreyra,D005,Operations,Contractor,,3954.01,2721.41,30-12345678-9,Alpha Consulting,Excellent,Good,Poor,Good,Good,1
2026-06-29,legacy_hr_system,employees.csv,1627,1627,Mateo Joaquin,Perez,D002,Human Resources,Permanent,129589.55,,,,,Excellent,Good,Good,Good,Poor,0
2026-06-29,legacy_hr_system,employees.csv,1628,1628,Ciro,Alvarez,D003,IT,Permanent,104874.61,,,,,Poor,Good,Good,Excellent,Excellent,0
2026-06-29,legacy_hr_system,employees.csv,1629,1629,Martina,Vega,D003,IT,Permanent,117554.32,,,,,Fair,Excellent,Excellent,Fair,Excellent,0
2026-06-29,legacy_hr_system,employees.csv,1630,1630,Franco,Lopez,D005,Operations,Permanent,130430.29,,,,,Good,Fair,Good,Good,Good,0
2026-06-29,legacy_hr_system,employees.csv,1631,1631,Ian Benjamin,Diaz,D004,Sales,Permanent,105383.14,,,,,Good,Excellent,Good,Good,Fair,0
2026-06-29,legacy_hr_system,employees.csv,1632,1632,Mateo Benjamin,Caceres,D002,Human Resources,Contractor,,2459.43,4534.15,30-87654321-0,Beta Consulting,Fair,Excellent,Good,Poor,Good,0
2026-06-29,legacy_hr_system,employees.csv,1633,1633,Mia Morena,Carrizo,D004,Sales,Contractor,,2130.2,3414.17,30-11223344-5,Gamma Consulting,Poor,Fair,Good,Fair,Excellent,0
2026-06-29,legacy_hr_system,employees.csv,1634,1634,Bianca,Farias,D004,Sales,Permanent,140381.2,,,,,Good,Poor,Good,Good,Fair,0
2026-06-29,legacy_hr_system,employees.csv,1635,1635,Maite,Lucero,D002,Human Resources,Permanent,85536.18,,,,,Poor,Good,Good,Fair,Good,0
2026-06-29,legacy_hr_system,employees.csv,1636,1636,Joaquin,Gomez,D005,Operations,Permanent,139989.38,,,,,Fair,Good,Excellent,Excellent,Excellent,1
2026-06-29,legacy_hr_system,employees.csv,1637,1637,Juan Ignacio,Perez,D002,Human Resources,Contractor,,3370.07,2774.19,30-12345678-9,Alpha Consulting,Good,Good,Good,Fair,Poor,0
2026-06-29,legacy_hr_system,employees.csv,1638,1638,Micaela,Coronel,D005,Operations,Contractor,,2457.95,5694.11,30-11223344-5,Gamma Consulting,Fair,Good,Good,Fair,Fair,0
2026-06-29,legacy_hr_system,employees.csv,1639,1639,Joaquin,Peralta,D005,Operations,Contractor,,2215.07,4035.6,30-87654321-0,Beta Consulting,Good,Excellent,Good,Good,Good,0
2026-06-29,legacy_hr_system,employees.csv,1640,1640,Ignacio,Gomez,D003,IT,Contractor,,3369.65,5283.39,30-11223344-5,Gamma Consulting,Fair,Good,Good,Poor,Good,0
2026-06-29,legacy_hr_system,employees.csv,1641,1641,Benicio,Villalba,D002,Human Resources,Permanent,112453.83,,,,,Good,Fair,Good,Good,Good,0
2026-06-29,legacy_hr_system,employees.csv,1642,1642,Julieta,Caceres,D002,Human Resources,Contractor,,2521.99,5922.37,30-87654321-0,Beta Consulting,Fair,Good,Excellent,Good,Fair,0
2026-06-29,legacy_hr_system,employees.csv,1643,1643,Ignacio,Perez,D002,Human Resources,Contractor,,4391.12,5478.86,30-87654321-0,Beta Consulting,Excellent,Fair,Good,Good,Good,0
2026-06-29,legacy_hr_system,employees.csv,1644,1644,Juana,Roldan,D003,IT,Permanent,122559.54,,,,,Good,Good,Good,Good,Good,0
2026-06-29,legacy_hr_system,employees.csv,1645,1645,Valentin,Aguero,D005,Operations,Permanent,95752.03,,,,,Good,Excellent,Excellent,Good,Good,0
2026-06-29,legacy_hr_system,employees.csv,1646,1646,Maria Victoria,Leiva,D001,Finance,Permanent,95086.67,,,,,Poor,Poor,Good,Poor,Good,0
2026-06-29,legacy_hr_system,employees.csv,1647,1647,Bautista,Paez,D005,Operations,Permanent,135675.42,,,,,Good,Poor,Good,Good,Excellent,0
2026-06-29,legacy_hr_system,employees.csv,1648,1648,Guillermina,Aguero,D003,IT,Permanent,132551.95,,,,,Excellent,Good,Fair,Excellent,Fair,0
2026-06-29,legacy_hr_system,employees.csv,1649,1649,Olivia,Garcia,D005,Operations,Permanent,162047.96,,,,,Excellent,Excellent,Fair,Good,Excellent,0
2026-06-29,legacy_hr_system,employees.csv,1650,1650,Isabella,Roldan,D001,Finance,Permanent,139513.5,,,,,Good,Good,Good,Good,Good,0
2026-06-29,legacy_hr_system,employees.csv,1651,1651,Valentino,Diaz,D005,Operations,Contractor,,1797.54,5551.95,30-11223344-5,Gamma Consulting,Fair,Excellent,Good,Good,Good,0
2026-06-29,legacy_hr_system,employees.csv,1652,1652,Renata,Ortiz,D004,Sales,Permanent,90058.18,,,,,Good,Poor,Excellent,Fair,Poor,0
2026-06-29,legacy_hr_system,employees.csv,1653,1653,Mia Morena,Medina,D004,Sales,Permanent,108480.86,,,,,Good,Good,Good,Good,Fair,1
2026-06-29,legacy_hr_system,employees.csv,1654,1654,Josefina,Vera,D003,IT,Permanent,127506.01,,,,,Good,Good,Good,Good,Good,0
2026-06-29,legacy_hr_system,employees.csv,1655,1655,Fausto,Suarez,D001,Finance,Contractor,,4596.53,7609.92,30-99887766-1,Delta Consulting,Fair,Good,Fair,Good,Good,0
2026-06-29,legacy_hr_system,employees.csv,1656,1656,Agustín,Lopez,D005,Operations,Contractor,,3485.38,4316.8,30-87654321-0,Beta Consulting,Fair,Good,Fair,Good,Good,0
2026-06-29,legacy_hr_system,employees.csv,1657,1657,Juan Manuel,Gonzalez,D005,Operations,Permanent,136035.17,,,,,Good,Good,Excellent,Excellent,Fair,0
2026-06-29,legacy_hr_system,employees.csv,1658,1658,Victoria,Coronel,D002,Human Resources,Contractor,,3710.12,4179.33,30-87654321-0,Beta Consulting,Good,Good,Good,Fair,Fair,0
2026-06-29,legacy_hr_system,employees.csv,1659,1659,Mateo,Coronel,D004,Sales,Contractor,,4436.17,4730.07,30-87654321-0,Beta Consulting,Good,Excellent,Fair,Excellent,Good,0
2026-06-29,legacy_hr_system,employees.csv,1660,1660,Morena,Coronel,D001,Finance,Permanent,134932.29,,,,,Fair,Poor,Excellent,Good,Good,0
2026-06-29,legacy_hr_system,employees.csv,1661,1661,Catalina,Cabrera,D003,IT,Permanent,139977.73,,,,,Excellent,Fair,Good,Good,Fair,0
2026-06-29,legacy_hr_system,employees.csv,1662,1662,Juan Manuel,Ruiz,D004,Sales,Permanent,132647.6,,,,,Fair,Excellent,Poor,Excellent,Good,0
2026-06-29,legacy_hr_system,employees.csv,1663,1663,Lucía ,Alvarez,D001,Finance,Permanent,145168.22,,,,,Good,Excellent,Excellent,Good,Fair,0
2026-06-29,legacy_hr_system,employees.csv,1664,1664,Martina,Diaz,D004,Sales,Permanent,101482.4,,,,,Good,Good,Excellent,Excellent,Good,0
2026-06-29,legacy_hr_system,employees.csv,1665,1665,Thiago,Gonzalez,D002,Human Resources,Permanent,103250.95,,,,,Good,Good,Excellent,Excellent,Poor,0
2026-06-29,legacy_hr_system,employees.csv,1666,1666,Juan Cruz,Miranda,D001,Finance,Permanent,,,,,,Excellent,Fair,Excellent,Excellent,Good,0
2026-06-29,legacy_hr_system,employees.csv,1667,1667,Santiago,Peralta,D002,Human Resources,Permanent,133185.04,,,,,Poor,Good,Excellent,Fair,Fair,0
2026-06-29,legacy_hr_system,employees.csv,1668,1668,Lucía,Martinez,D001,Finance,Permanent,143368.1,,,,,Fair,Good,Excellent,Good,Fair,0
2026-06-29,legacy_hr_system,employees.csv,1669,1669,Juliana,Romero,D005,Operations,Contractor,,3366.22,6174.49,30-11223344-5,Gamma Consulting,Good,Good,Fair,Fair,Excellent,0
2026-06-29,legacy_hr_system,employees.csv,1670,1670,Valentino,Alvarez,D001,Finance,Permanent,119832.12,,,,,Good,Excellent,Good,Fair,Good,0
2026-06-29,legacy_hr_system,employees.csv,1671,1671,Salvador,Lopez,D005,Operations,Contractor,,3534.99,3408.3,30-99887766-1,Delta Consulting,Poor,Poor,Good,Good,Fair,0
2026-06-29,legacy_hr_system,employees.csv,1672,1672,Antonia,Garcia,D003,IT,Permanent,108387.01,,,,,Good,Good,Good,Fair,Good,0
2026-06-29,legacy_hr_system,employees.csv,1673,1673,Juana,Ojeda,D003,IT,Contractor,,,5349.1,30-12345678-9,Alpha Consulting,Good,Good,Good,Good,Good,0
2026-06-29,legacy_hr_system,employees.csv,1674,1674,Matias,Romero,D001,Finance,Permanent,111180.99,,,,,Fair,Fair,Good,Good,Fair,0
2026-06-29,legacy_hr_system,employees.csv,1675,1675,Tomas Benjamin,Toledo,D003,IT,Permanent,117852.02,,,,,Excellent,Poor,Poor,Good,Good,0
2026-06-29,legacy_hr_system,employees.csv,1676,1676,Alma,Mendoza,D003,IT,Contractor,,1785.7,4142.97,30-99887766-1,Delta Consulting,Excellent,Poor,Good,Excellent,Good,0
2026-06-29,legacy_hr_system,employees.csv,1677,1677,Benicio,Lopez,D003,IT,Permanent,146711.49,,,,,Good,Good,Good,Good,Good,0
2026-06-29,legacy_hr_system,employees.csv,1678,1678,Santino Agustin,Ayala,D005,Operations,Permanent,137256.15,,,,,Excellent,Poor,Fair,Excellent,Good,0
2026-06-29,legacy_hr_system,employees.csv,1679,1679,Lola,Martinez,D005,Operations,Permanent,135019.97,,,,,Poor,Excellent,Fair,Good,Excellent,0
2026-06-29,legacy_hr_system,employees.csv,1680,1680,Ian Benjamin,Fernandez,D005,Operations,Permanent,121493.21,,,,,Good,Good,Good,Good,Good,0
2026-06-29,legacy_hr_system,employees.csv,1681,1681,Abril,Luna,D005,Operations,Permanent,120211.89,,,,,Fair,Fair,Good,Good,Good,0
2026-06-29,legacy_hr_system,employees.csv,1682,1682,Mateo,Torres,D005,Operations,Permanent,100190.37,,,,,Poor,Excellent,Fair,Good,Fair,0
2026-06-29,legacy_hr_system,employees.csv,1683,1683,Jeremias,Gonzalez,D003,IT,Permanent,140964.85,,,,,Fair,Excellent,Good,Good,Good,0
2026-06-29,legacy_hr_system,employees.csv,1684,1684,Thiago Lionel,Perez,D001,Finance,Contractor,,3336.78,4992.02,30-87654321-0,Beta Consulting,Good,Excellent,Fair,Fair,Good,0
2026-06-29,legacy_hr_system,employees.csv,1685,1685,Mateo Benjamin,Rodriguez,D002,Human Resources,Permanent,104218.95,,,,,Excellent,Fair,Good,Good,Excellent,0
2026-06-29,legacy_hr_system,employees.csv,1686,1686,Jeronimo,Dominguez,D002,Human Resources,Contractor,,1277.33,5597.15,30-99887766-1,Delta Consulting,Excellent,Good,Fair,Good,Fair,0
2026-06-29,legacy_hr_system,employees.csv,1687,1687,Jeremias,Gonzalez,D004,Sales,Contractor,,2616.93,3637.22,30-11223344-5,Gamma Consulting,Good,Good,Poor,Fair,Good,0
2026-06-29,legacy_hr_system,employees.csv,1688,1688,Luciano,Ramirez,D002,Human Resources,Contractor,,3554.78,4107.99,30-11223344-5,Gamma Consulting,Fair,Fair,Good,Fair,Good,0
2026-06-29,legacy_hr_system,employees.csv,1689,1689,Olivia,Molina,D005,Operations,Permanent,151798.09,,,,,Poor,Poor,Excellent,Good,Fair,0
2026-06-29,legacy_hr_system,employees.csv,1690,1690,Agustin,Fernandez,D002,Human Resources,Permanent,138510.18,,,,,Fair,Good,Poor,Good,Excellent,0
2026-06-29,legacy_hr_system,employees.csv,1691,1691,Juliana,Morales,D005,Operations,Permanent,140507.08,,,,,Good,Good,Good,Good,Good,0
2026-06-29,legacy_hr_system,employees.csv,1692,1692,Julieta,Dominguez,D001,Finance,Contractor,,1907.24,5711.94,30-12345678-9,Alpha Consulting,Good,Fair,Excellent,Good,Excellent,1
2026-06-29,legacy_hr_system,employees.csv,1693,1693,Antonella,Perez,D001,Finance,Permanent,127837.52,,,,,Good,Poor,Poor,Good,Good,0
2026-06-29,legacy_hr_system,employees.csv,1694,1694,Sofía,Fernandez,D002,Human Resources,Permanent,108921.69,,,,,Good,Excellent,Excellent,Good,Good,0
2026-06-29,legacy_hr_system,employees.csv,1695,1695,Ludmila,Gomez,D001,Finance,Permanent,124301.65,,,,,Fair,Excellent,Good,Fair,Poor,0
2026-06-29,legacy_hr_system,employees.csv,1696,1696,Lucio,Gomez,D002,Human Resources,Contractor,,1579.01,4908.65,30-12345678-9,Alpha Consulting,Good,Excellent,Good,Fair,Good,1
2026-06-29,legacy_hr_system,employees.csv,1697,1697,Juan Ignacio,Gomez,D003,IT,Contractor,,2176.5,3147.33,30-12345678-9,Alpha Consulting,Excellent,Fair,Good,Excellent,Good,1
2026-06-29,legacy_hr_system,employees.csv,1698,1698,Sofia,Diaz,D005,Operations,Permanent,74329.22,,,,,Poor,Fair,Fair,Fair,Good,0
2026-06-29,legacy_hr_system,employees.csv,1699,1699,Thiago Benjamin,Pereyra,D003,IT,Contractor,,3890.15,3870.74,30-12345678-9,Alpha Consulting,Fair,Good,Excellent,Good,Good,0
2026-06-29,legacy_hr_system,employees.csv,1700,1700,Sofia,Quiroga,D005,Operations,Permanent,166011.83,,,,,Good,Good,Excellent,Fair,Good,0
2026-06-29,legacy_hr_system,employees.csv,1701,1701,Juana,Gonzalez,D004,Sales,Permanent,103925.96,,,,,Good,Good,Fair,Good,Fair,0
2026-06-29,legacy_hr_system,employees.csv,1702,1702,Guillermina,Diaz,D003,IT,Contractor,,1634.11,3383.48,30-87654321-0,Beta Consulting,Good,Excellent,Excellent,Excellent,Good,0
2026-06-29,legacy_hr_system,employees.csv,1703,1703,Paula,Romero,D001,Finance,Contractor,,3988.65,4344.1,30-87654321-0,Beta Consulting,Excellent,Excellent,Fair,Good,Good,0
2026-06-29,legacy_hr_system,employees.csv,1704,1704,Benjamin,Carrizo,D004,Sales,Permanent,103551.38,,,,,Poor,Good,Good,Fair,Good,0
2026-06-29,legacy_hr_system,employees.csv,1705,1705,Mia Morena,Miranda,D004,Sales,Contractor,,3128.01,5001.78,30-11223344-5,Gamma Consulting,Excellent,Excellent,Excellent,Excellent,Fair,0
2026-06-29,legacy_hr_system,employees.csv,1706,1706,Valentina ,Fernandez,D002,Human Resources,Contractor,,3893.92,5948.5,30-99887766-1,Delta Consulting,Good,Good,Fair,Good,Excellent,0
2026-06-29,legacy_hr_system,employees.csv,1707,1707,Catalina,Gutierrez,D004,Sales,Contractor,,2712.19,3173.95,30-87654321-0,Beta Consulting,Excellent,Fair,Poor,Good,Good,1
2026-06-29,legacy_hr_system,employees.csv,1708,1708,Lisandro,Gomez,D002,Human Resources,Permanent,107596.05,,,,,Excellent,Good,Good,Good,Good,0
2026-06-29,legacy_hr_system,employees.csv,1709,1709,Valentina,Martinez,D001,Finance,Contractor,,3208.22,3536.24,30-11223344-5,Gamma Consulting,Fair,Fair,Good,Excellent,Good,0
2026-06-29,legacy_hr_system,employees.csv,1710,1710,Constantino,Garcia,D005,Operations,Permanent,91285.47,,,,,Excellent,Good,Fair,Fair,Good,0
2026-06-29,legacy_hr_system,employees.csv,1711,1711,Valentin,Gomez,D005,Operations,Contractor,,3275.03,4451.35,30-87654321-0,Beta Consulting,Good,Poor,Fair,Good,Fair,0
2026-06-29,legacy_hr_system,employees.csv,1712,1712,Joaquin,Gonzalez,D005,Operations,Contractor,,3026.24,3741.5,30-99887766-1,Delta Consulting,Excellent,Good,Good,Good,Fair,0
2026-06-29,legacy_hr_system,employees.csv,1713,1713,Juana,Figueroa,D004,Sales,Contractor,,2815.68,3575.77,30-87654321-0,Beta Consulting,Poor,Fair,Good,Good,Fair,1
2026-06-29,legacy_hr_system,employees.csv,1714,1714,Josefina,Ponce,D002,Human Resources,Contractor,,3712.16,5535.25,30-11223344-5,Gamma Consulting,Good,Excellent,Good,Good,Fair,0
2026-06-29,legacy_hr_system,employees.csv,1715,1715,Catalina,Navarro,D001,Finance,Permanent,64614.36,,,,,Poor,Fair,Good,Fair,Good,0
2026-06-29,legacy_hr_system,employees.csv,1716,1716,Isabella,Roldan,D005,Operations,Contractor,,2256.39,3003.47,30-11223344-5,Gamma Consulting,Fair,Good,Good,Good,Good,0
2026-06-29,legacy_hr_system,employees.csv,1717,1717,Antonella,Lopez,D001,Finance,Contractor,,2479.98,4416.56,30-99887766-1,Delta Consulting,Good,Good,Good,Good,Good,0
2026-06-29,legacy_hr_system,employees.csv,1718,1718,Benicio,Benitez,D002,Human Resources,Contractor,,1840.28,3578.14,30-12345678-9,Alpha Consulting,Excellent,Poor,Fair,Excellent,Good,0
2026-06-29,legacy_hr_system,employees.csv,1719,1719,Julian,Lucero,D002,Human Resources,Contractor,,2196.83,4707.27,30-87654321-0,Beta Consulting,Fair,Good,Fair,Good,Poor,0
2026-06-29,legacy_hr_system,employees.csv,1720,1720,Catalina,Maldonado,D001,Finance,Permanent,122080.33,,,,,Excellent,Excellent,Poor,Poor,Excellent,0
2026-06-29,legacy_hr_system,employees.csv,1721,1721,Joaquin,Ruiz,D003,IT,Contractor,,2422.61,4676.82,30-12345678-9,Alpha Consulting,Fair,Good,Good,Fair,Good,0
2026-06-29,legacy_hr_system,employees.csv,1722,1722,Luisina,Perez,D004,Sales,Contractor,,2562.66,4228.34,30-11223344-5,Gamma Consulting,Fair,Good,Excellent,Excellent,Fair,0
2026-06-29,legacy_hr_system,employees.csv,1723,1723,Francesca,Roldan,D003,IT,Contractor,,4338.76,5840.46,30-12345678-9,Alpha Consulting,Poor,Excellent,Good,Good,Good,0
2026-06-29,legacy_hr_system,employees.csv,1724,1724,Juan,Moreno,D003,IT,Permanent,81012.56,,,,,Fair,Fair,Good,Fair,Fair,0
2026-06-29,legacy_hr_system,employees.csv,1725,1725,Violeta,Gomez,D002,Human Resources,Permanent,144891.97,,,,,Good,Fair,Fair,Excellent,Poor,0
2026-06-29,legacy_hr_system,employees.csv,1726,1726,Genaro,Rodriguez,D004,Sales,Permanent,144341.9,,,,,Good,Good,Good,Fair,Excellent,0
2026-06-29,legacy_hr_system,employees.csv,1727,1727,Thiago Joaquin,Fernandez,D005,Operations,Unknown,85552.1,,,,,Poor,Poor,Good,Good,Fair,1
2026-06-29,legacy_hr_system,employees.csv,1728,1728,Ciro,Luna,D004,Sales,Permanent,144563.33,,,,,Fair,Good,Good,Excellent,Excellent,0
2026-06-29,legacy_hr_system,employees.csv,1729,1729,Benjamin Ezequiel,Peralta,D005,Operations,Contractor,,4230.35,3377.46,30-11223344-5,Gamma Consulting,Excellent,Fair,Fair,Good,Good,0
2026-06-29,legacy_hr_system,employees.csv,1730,1730,Joaquin,Alvarez,D004,Sales,Permanent,92474.92,,,,,Fair,Excellent,Good,Poor,Excellent,0
2026-06-29,legacy_hr_system,employees.csv,1731,1731,Benicio,Gonzalez,D004,Sales,Contractor,,,4771.5,30-11223344-5,Gamma Consulting,Good,Good,Excellent,Good,Excellent,0
2026-06-29,legacy_hr_system,employees.csv,1732,1732,Ramiro,Mansilla,D003,IT,Permanent,136544.29,,,,,Excellent,Good,Excellent,Excellent,Excellent,0
2026-06-29,legacy_hr_system,employees.csv,1733,1733,Renzo,Fernandez,D005,Operations,Contractor,,3272.47,4890.7,30-11223344-5,Gamma Consulting,Excellent,Poor,Fair,Good,Excellent,0
2026-06-29,legacy_hr_system,employees.csv,1734,1734,Alma Jazmin,Gomez,D005,Operations,Contractor,,1938.82,5547.32,30-87654321-0,Beta Consulting,Excellent,Good,Fair,Fair,Poor,0
2026-06-29,legacy_hr_system,employees.csv,1735,1735,Renata,Gonzalez,D005,Operations,Unknown,,3935.67,4270.61,30-11223344-5,Gamma Consulting,Poor,Good,Excellent,Good,Poor,0
2026-06-29,legacy_hr_system,employees.csv,1736,1736,Thiago Benjamin,Sanchez,D004,Sales,Permanent,118695.69,,,,,Good,Fair,Excellent,Excellent,Poor,0
2026-06-29,legacy_hr_system,employees.csv,1737,1737,Federico,Peralta,D004,Sales,Permanent,74066.77,,,,,Fair,Good,Excellent,Excellent,Poor,1
2026-06-29,legacy_hr_system,employees.csv,1738,1738,Camilo,Silva,D002,Human Resources,Permanent,135427.64,,,,,Excellent,Good,Good,Fair,Good,0
2026-06-29,legacy_hr_system,employees.csv,1739,1739,Tiziano,Bravo,D002,Human Resources,Contractor,,3457.65,4437.81,30-87654321-0,Beta Consulting,Excellent,Poor,Fair,Good,Poor,0
2026-06-29,legacy_hr_system,employees.csv,1740,1740,Valentina ,Romero,D005,Operations,Contractor,,3899.48,4165.92,30-87654321-0,Beta Consulting,Good,Good,Good,Good,Good,0
2026-06-29,legacy_hr_system,employees.csv,1741,1741,Maximo,Quiroga,D003,IT,Permanent,136938.18,,,,,Good,Good,Poor,Good,Good,0
2026-06-29,legacy_hr_system,employees.csv,1742,1742,Catalina,Dominguez,D001,Finance,Contractor,,2184.27,4476.45,30-11223344-5,Gamma Consulting,Good,Good,Poor,Good,Excellent,0
2026-06-29,legacy_hr_system,employees.csv,1743,1743,Valentina,Romero,D002,Human Resources,Permanent,114769.37,,,,,Fair,Good,Poor,Good,Fair,0
2026-06-29,legacy_hr_system,employees.csv,1744,1744,Amparo,Alvarez,D002,Human Resources,Contractor,,3180.25,4130.47,30-12345678-9,Alpha Consulting,Good,Excellent,Good,Poor,Good,0
2026-06-29,legacy_hr_system,employees.csv,1745,1745,Giuliana,Castro,D001,Finance,Contractor,,2894.82,5326.05,30-12345678-9,Alpha Consulting,Good,Good,Good,Excellent,Good,0
2026-06-29,legacy_hr_system,employees.csv,1746,1746,Constantino,Rodriguez,D003,IT,Permanent,106897.07,,,,,Good,Good,Good,Good,Good,0
2026-06-29,legacy_hr_system,employees.csv,1747,1747,Mia Valentina,Fernandez,D002,Human Resources,Permanent,71802.69,,,,,Excellent,Good,Poor,Good,Good,0
2026-06-29,legacy_hr_system,employees.csv,1748,1748,Juan Francisco,Roldan,D001,Finance,Permanent,172487.52,,,,,Good,Excellent,Fair,Fair,Fair,0
2026-06-29,legacy_hr_system,employees.csv,1749,1749,Tiziana,Rodriguez,D002,Human Resources,Permanent,161443.62,,,,,Fair,Excellent,Good,Good,Excellent,0
2026-06-29,legacy_hr_system,employees.csv,1750,1750,Morena,Martinez,D005,Operations,Permanent,81232.12,,,,,Good,Good,Good,Good,Fair,0
2026-06-29,legacy_hr_system,employees.csv,1751,1751,Faustino,Rodriguez,D004,Sales,Permanent,140691.23,,,,,Good,Good,Excellent,Fair,Good,0
2026-06-29,legacy_hr_system,employees.csv,1752,1752,Delfina,Moreno,D005,Operations,Permanent,104910.76,,,,,Poor,Excellent,Fair,Good,Good,0
2026-06-29,legacy_hr_system,employees.csv,1753,1753,Lola,Martinez,D005,Operations,Contractor,,3210.79,4794.22,30-99887766-1,Delta Consulting,Excellent,Good,Fair,Good,Good,0
2026-06-29,legacy_hr_system,employees.csv,1754,1754,Malena,Figueroa,D005,Operations,Contractor,,2812.47,3716.23,30-87654321-0,Beta Consulting,Good,Poor,Excellent,Poor,Good,0
2026-06-29,legacy_hr_system,employees.csv,1755,1755,Tomàs,Mendez,D005,Operations,Permanent,99283.77,,,,,Good,Good,Excellent,Fair,Fair,0
2026-06-29,legacy_hr_system,employees.csv,1756,1756,Tomàs,Gomez,D003,IT,Permanent,92514.24,,,,,Good,Good,Poor,Good,Good,0
2026-06-29,legacy_hr_system,employees.csv,1757,1757,Guillermina,Ferreyra,D005,Operations,Permanent,95045.33,,,,,Good,Excellent,Good,Good,Good,0
2026-06-29,legacy_hr_system,employees.csv,1758,1758,Santino,Ramirez,D002,Human Resources,Permanent,117984.65,,,,,Good,Good,Excellent,Fair,Good,1
2026-06-29,legacy_hr_system,employees.csv,1759,1759,Lautaro Benjamin,Gonzalez,D002,Human Resources,Permanent,98527.2,,,,,Good,Fair,Excellent,Poor,Good,0
2026-06-29,legacy_hr_system,employees.csv,1760,1760,Catalina,Juarez,D002,Human Resources,Contractor,,3545.64,5987.25,30-87654321-0,Beta Consulting,Good,Excellent,Excellent,Good,Excellent,0
2026-06-29,legacy_hr_system,employees.csv,1761,1761,Ana Paula,Sanchez,D005,Operations,Contractor,,2535.96,4739.4,30-87654321-0,Beta Consulting,Excellent,Poor,Good,Excellent,Good,0
2026-06-29,legacy_hr_system,employees.csv,1762,1762,Bianca,Diaz,D002,Human Resources,Permanent,134990.55,,,,,Good,Good,Good,Good,Excellent,0
2026-06-29,legacy_hr_system,employees.csv,1763,1763,Felicitas,Duarte,D002,Human Resources,Contractor,,3377.6,4575.96,30-11223344-5,Gamma Consulting,Excellent,Good,Good,Good,Excellent,0
2026-06-29,legacy_hr_system,employees.csv,1764,1764,Guadalupe,Rodriguez,D003,IT,Contractor,,3594.15,4982.25,30-87654321-0,Beta Consulting,Excellent,Excellent,Good,Excellent,Good,0
2026-06-29,legacy_hr_system,employees.csv,1765,1765,Delfina,Acosta,D002,Human Resources,Permanent,82870.13,,,,,Excellent,Excellent,Fair,Excellent,Good,0
2026-06-29,legacy_hr_system,employees.csv,1766,1766,Lucas,Rios,D004,Sales,Permanent,146074.68,,,,,Excellent,Excellent,Poor,Good,Good,1
2026-06-29,legacy_hr_system,employees.csv,1767,1767,Agustin,Ferreyra,D003,IT,Contractor,,3709.83,3736.71,30-99887766-1,Delta Consulting,Excellent,Excellent,Poor,Good,Excellent,0
2026-06-29,legacy_hr_system,employees.csv,1768,1768,Thiago Agustin,Gomez,D005,Operations,Permanent,121138.14,,,,,Fair,Good,Excellent,Excellent,Excellent,0
2026-06-29,legacy_hr_system,employees.csv,1769,1769,Alejo,Diaz,D004,Sales,Permanent,140499.87,,,,,Fair,Good,Good,Good,Good,1
2026-06-29,legacy_hr_system,employees.csv,1770,1770,Alma,Rivero,D005,Operations,Contractor,,2832.55,5572.98,30-11223344-5,Gamma Consulting,Fair,Excellent,Poor,Good,Good,1
2026-06-29,legacy_hr_system,employees.csv,1771,1771,Ciro Benjamin,Garcia,D004,Sales,Permanent,190916.17,,,,,Fair,Good,Good,Good,Poor,0
2026-06-29,legacy_hr_system,employees.csv,1772,1772,Maximo,Quiroga,D001,Finance,Permanent,96420.42,,,,,Good,Fair,Good,Excellent,Good,0
2026-06-29,legacy_hr_system,employees.csv,1773,1773,Isabella,Lopez,D002,Human Resources,Contractor,,1895.16,4803.82,30-87654321-0,Beta Consulting,Fair,Good,Fair,Good,Good,0
2026-06-29,legacy_hr_system,employees.csv,1774,1774,Valentino,Vera,D002,Human Resources,Permanent,141646.88,,,,,Excellent,Fair,Fair,Good,Excellent,1
2026-06-29,legacy_hr_system,employees.csv,1775,1775,Joaquín,Gomez,D005,Operations,Contractor,,2815.31,5953.26,30-87654321-0,Beta Consulting,Good,Excellent,Good,Excellent,Good,0
2026-06-29,legacy_hr_system,employees.csv,1776,1776,Tomas,Lopez,D002,Human Resources,Permanent,79841.83,,,,,Good,Fair,Excellent,Fair,Good,0
2026-06-29,legacy_hr_system,employees.csv,1777,1777,Alexander,Ruiz,D002,Human Resources,Contractor,,3554.33,3894.14,30-12345678-9,Alpha Consulting,Good,Good,Excellent,Fair,Good,0
2026-06-29,legacy_hr_system,employees.csv,1778,1778,Facundo,Vargas,D003,IT,Permanent,,,,,,Fair,Fair,Fair,Good,Fair,0
2026-06-29,legacy_hr_system,employees.csv,1779,1779,Lucio,Gomez,D001,Finance,Permanent,179775.46,,,,,Fair,Fair,Good,Excellent,Excellent,1
2026-06-29,legacy_hr_system,employees.csv,1780,1780,Renata,Blanco,D001,Finance,Permanent,97000.3,,,,,Fair,Good,Excellent,Good,Poor,0
2026-06-29,legacy_hr_system,employees.csv,1781,1781,Luana,Nuñez,D002,Human Resources,Contractor,,2560.35,5359.59,30-11223344-5,Gamma Consulting,Good,Excellent,Poor,Good,Fair,0
2026-06-29,legacy_hr_system,employees.csv,1782,1782,Thiago Nahuel,Acosta,D001,Finance,Permanent,108386.08,,,,,Excellent,Good,Good,Good,Good,0
2026-06-29,legacy_hr_system,employees.csv,1783,1783,Milagros,Moyano,D002,Human Resources,Permanent,118637.66,,,,,Fair,Good,Fair,Good,Good,0
2026-06-29,legacy_hr_system,employees.csv,1784,1784,Valentino,Aguirre,D004,Sales,Permanent,120761.65,,,,,Good,Excellent,Good,Good,Good,0
2026-06-29,legacy_hr_system,employees.csv,1785,1785,Julia,Rodriguez,D003,IT,Contractor,,1464.26,4486.16,30-11223344-5,Gamma Consulting,Good,Good,Good,Good,Excellent,0
2026-06-29,legacy_hr_system,employees.csv,1786,1786,Santiago Nicolas,Mansilla,D002,Human Resources,Contractor,,2448.22,4006.88,30-11223344-5,Gamma Consulting,Good,Good,Fair,Fair,Good,0
2026-06-29,legacy_hr_system,employees.csv,1787,1787,Jazmin,Gimenez,D001,Finance,Contractor,,4154.91,3243.49,30-12345678-9,Alpha Consulting,Good,Good,Good,Good,Good,0
2026-06-29,legacy_hr_system,employees.csv,1788,1788,Mateo Valentin,Lopez,D001,Finance,Contractor,,3650.56,4221.04,30-87654321-0,Beta Consulting,Excellent,Excellent,Fair,Poor,Fair,0
2026-06-29,legacy_hr_system,employees.csv,1789,1789,Clara,Ojeda,D005,Operations,Permanent,111607.19,,,,,Good,Good,Excellent,Good,Good,0
2026-06-29,legacy_hr_system,employees.csv,1790,1790,Valentino,Alvarez,D002,Human Resources,Permanent,143711.16,,,,,Good,Fair,Good,Excellent,Fair,0
2026-06-29,legacy_hr_system,employees.csv,1791,1791,Juan Martin,Cruz,D001,Finance,Permanent,130201.54,,,,,Good,Good,Excellent,Good,Good,0
2026-06-29,legacy_hr_system,employees.csv,1792,1792,Juan Bautista,Alvarez,D005,Operations,Permanent,137118.39,,,,,Good,Fair,Good,Excellent,Good,0
2026-06-29,legacy_hr_system,employees.csv,1793,1793,Giovanni,Avila,D002,Human Resources,Permanent,149045.54,,,,,Fair,Good,Good,Good,Fair,0
2026-06-29,legacy_hr_system,employees.csv,1794,1794,Paulina,Perez,D001,Finance,Contractor,,2734.95,3887.76,30-11223344-5,Gamma Consulting,Poor,Good,Excellent,Poor,Good,0
2026-06-29,legacy_hr_system,employees.csv,1795,1795,Ciro Benjamin,Valdez,D001,Finance,Permanent,437227.4,,,,,Fair,Fair,Good,Good,Excellent,0
2026-06-29,legacy_hr_system,employees.csv,1796,1796,Facundo,Fernandez,D001,Finance,Contractor,,2339.67,7449.09,30-99887766-1,Delta Consulting,Good,Good,Good,Good,Good,0
2026-06-29,legacy_hr_system,employees.csv,1797,1797,Renata,Quiroga,D005,Operations,Contractor,,3995.74,3148.93,30-12345678-9,Alpha Consulting,Fair,Fair,Good,Good,Good,0
2026-06-29,legacy_hr_system,employees.csv,1798,1798,Lautaro Ezequiel,Garcia,D003,IT,Permanent,80326.26,,,,,Poor,Good,Fair,Excellent,Good,0
2026-06-29,legacy_hr_system,employees.csv,1799,1799,Constanza,Guzman,D001,Finance,Contractor,,3385.49,5047.26,30-11223344-5,Gamma Consulting,Good,Poor,Good,Fair,Good,0
2026-06-29,legacy_hr_system,employees.csv,1800,1800,Luz Milagros,Maidana,D003,IT,Permanent,136466.52,,,,,Fair,Excellent,Fair,Fair,Fair,0
2026-06-29,legacy_hr_system,employees.csv,1801,1801,Juan Manuel,Diaz,D005,Operations,Permanent,112351.33,,,,,Good,Fair,Excellent,Excellent,Poor,0
2026-06-29,legacy_hr_system,employees.csv,1802,1802,Julian,Garcia,D001,Finance,Contractor,,2899.64,4827.88,30-87654321-0,Beta Consulting,Good,Excellent,Good,Poor,Excellent,0
2026-06-29,legacy_hr_system,employees.csv,1803,1803,Lautaro,Carrizo,D001,Finance,Contractor,,3068.71,2280.7,30-12345678-9,Alpha Consulting,Poor,Good,Good,Fair,Good,0
2026-06-29,legacy_hr_system,employees.csv,1804,1804,Lautaro Gabriel,Ferreyra,D004,Sales,Contractor,,2816.16,3648.59,30-99887766-1,Delta Consulting,Fair,Fair,Good,Excellent,Poor,0
2026-06-29,legacy_hr_system,employees.csv,1805,1805,Gino,Gimenez,D001,Finance,Contractor,,3140.17,7485.26,30-12345678-9,Alpha Consulting,Good,Good,Good,Good,Fair,0
2026-06-29,legacy_hr_system,employees.csv,1806,1806,Juliana,Sanchez,D001,Finance,Permanent,131024.45,,,,,Good,Good,Fair,Good,Good,1
2026-06-29,legacy_hr_system,employees.csv,1807,1807,Juan Ignacio,Sosa,D001,Finance,Contractor,,2749.18,5421.8,30-99887766-1,Delta Consulting,Poor,Fair,Good,Good,Good,0
2026-06-29,legacy_hr_system,employees.csv,1808,1808,Jazmin,Ortiz,D001,Finance,Permanent,134480.64,,,,,Good,Fair,Fair,Good,Good,0
2026-06-29,legacy_hr_system,employees.csv,1809,1809,Valentina ,Ramirez,D003,IT,Permanent,132602.83,,,,,Good,Good,Fair,Good,Fair,0
2026-06-29,legacy_hr_system,employees.csv,1810,1810,Lautaro Ezequiel,Mansilla,D002,Human Resources,Contractor,,3485.48,,30-87654321-0,Beta Consulting,Poor,Good,Good,Excellent,Good,0
2026-06-29,legacy_hr_system,employees.csv,1811,1811,Emilia,Farias,D004,Sales,Permanent,86073.35,,,,,Good,Excellent,Fair,Fair,Excellent,0
2026-06-29,legacy_hr_system,employees.csv,1812,1812,Micaela,Pereyra,D001,Finance,Contractor,,3378.91,3573.62,30-12345678-9,Alpha Consulting,Fair,Good,Good,Good,Good,0
2026-06-29,legacy_hr_system,employees.csv,1813,1813,Benjamin,Fernandez,D001,Finance,Permanent,136665.38,,,,,Excellent,Fair,Good,Fair,Poor,1
2026-06-29,legacy_hr_system,employees.csv,1814,1814,Valentina ,Diaz,D001,Finance,Permanent,92439.4,,,,,Good,Good,Fair,Excellent,Fair,0
2026-06-29,legacy_hr_system,employees.csv,1815,1815,Lautaro Ezequiel,Lopez,D002,Human Resources,Contractor,,2666.11,4204.91,30-12345678-9,Alpha Consulting,Good,Fair,Excellent,Excellent,Good,1
2026-06-29,legacy_hr_system,employees.csv,1816,1816,Emilia,Martinez,D003,IT,Permanent,149274.5,,,,,Good,Good,Good,Excellent,Good,0
2026-06-29,legacy_hr_system,employees.csv,1817,1817,Giuliana,Ledesma,D005,Operations,Contractor,,3734.76,3254.28,30-87654321-0,Beta Consulting,Good,Poor,Fair,Good,Poor,0
2026-06-29,legacy_hr_system,employees.csv,1818,1818,Juana,Navarro,D003,IT,Contractor,,3043.95,3790.42,30-12345678-9,Alpha Consulting,Fair,Poor,Fair,Good,Good,0
2026-06-29,legacy_hr_system,employees.csv,1819,1819,Martina,Correa,D005,Operations,Contractor,,1993.2,4282.98,30-87654321-0,Beta Consulting,Good,Good,Good,Good,Excellent,0
2026-06-29,legacy_hr_system,employees.csv,1820,1820,Santino,Aguero,D003,IT,Permanent,110745.52,,,,,Good,Good,Excellent,Good,Good,0
2026-06-29,legacy_hr_system,employees.csv,1821,1821,Thiago Nicolas,Guzman,D003,IT,Permanent,192801.49,,,,,Excellent,Excellent,Poor,Poor,Good,0
2026-06-29,legacy_hr_system,employees.csv,1822,1822,Maria Emilia,Castro,D005,Operations,Contractor,,3346.37,3122.38,30-99887766-1,Delta Consulting,Fair,Good,Good,Fair,Good,0
2026-06-29,legacy_hr_system,employees.csv,1823,1823,Emma,Caceres,D005,Operations,Contractor,,2548.18,5521.38,30-99887766-1,Delta Consulting,Excellent,Good,Excellent,Fair,Good,0
2026-06-29,legacy_hr_system,employees.csv,1824,1824,Lourdes,Garcia,D005,Operations,Permanent,182653.28,,,,,Good,Excellent,Excellent,Good,Good,0
2026-06-29,legacy_hr_system,employees.csv,1825,1825,Vicente,Blanco,D002,Human Resources,Contractor,,,2620.08,30-87654321-0,Beta Consulting,Excellent,Fair,Fair,Good,Fair,0
2026-06-29,legacy_hr_system,employees.csv,1826,1826,Francesca,Campos,D004,Sales,Unknown,176128.96,,,,,Good,Poor,Good,Good,Poor,0
2026-06-29,legacy_hr_system,employees.csv,1827,1827,Candelaria,Sanchez,D004,Sales,Contractor,,3311.69,3631.71,30-99887766-1,Delta Consulting,Fair,Poor,Excellent,Good,Fair,0
2026-06-29,legacy_hr_system,employees.csv,1828,1828,Nicolas,Gonzalez,D002,Human Resources,Permanent,136038.87,,,,,Good,Good,Good,Good,Good,1
2026-06-29,legacy_hr_system,employees.csv,1829,1829,Valentina,Rios,D002,Human Resources,Contractor,,891.4,4503.38,30-12345678-9,Alpha Consulting,Fair,Poor,Fair,Fair,Poor,1
2026-06-29,legacy_hr_system,employees.csv,1830,1830,Fausto,Aguero,D001,Finance,Contractor,,3262.26,5424.27,30-99887766-1,Delta Consulting,Good,Good,Fair,Excellent,Good,0
2026-06-29,legacy_hr_system,employees.csv,1831,1831,Milena,Bustos,D002,Human Resources,Permanent,89583.12,,,,,Good,Fair,Good,Good,Good,0
2026-06-29,legacy_hr_system,employees.csv,1832,1832,Federico,Moreno,D002,Human Resources,Permanent,122570.61,,,,,Good,Good,Good,Good,Excellent,0
2026-06-29,legacy_hr_system,employees.csv,1833,1833,Zoe,Molina,D005,Operations,Permanent,92237.26,,,,,Good,Poor,Excellent,Fair,Fair,0
2026-06-29,legacy_hr_system,employees.csv,1834,1834,Juan Martin,Ramos,D002,Human Resources,Permanent,127661.51,,,,,Fair,Good,Good,Good,Excellent,0
2026-06-29,legacy_hr_system,employees.csv,1835,1835,Ciro Benjamin,Garcia,D002,Human Resources,Permanent,93139.61,,,,,Good,Excellent,Fair,Good,Good,1
2026-06-29,legacy_hr_system,employees.csv,1836,1836,Joaquin,Castillo,D001,Finance,Contractor,,2673.52,3504.18,30-12345678-9,Alpha Consulting,Fair,Fair,Good,Excellent,Good,0
2026-06-29,legacy_hr_system,employees.csv,1837,1837,Santiago,Lopez,D003,IT,Contractor,,3520.91,5358.45,30-12345678-9,Alpha Consulting,Excellent,Excellent,Good,Good,Good,0
2026-06-29,legacy_hr_system,employees.csv,1838,1838,Agustina,Alvarez,D005,Operations,Permanent,112961.38,,,,,Fair,Excellent,Good,Excellent,Good,0
2026-06-29,legacy_hr_system,employees.csv,1839,1839,Pedro,Castro,D005,Operations,Contractor,,,3051.41,30-99887766-1,Delta Consulting,Good,Excellent,Good,Good,Good,1
2026-06-29,legacy_hr_system,employees.csv,1840,1840,Valentino,Nuñez,D004,Sales,Permanent,111009.7,,,,,Good,Excellent,Fair,Good,Excellent,0
2026-06-29,legacy_hr_system,employees.csv,1841,1841,Valentina,Romero,D004,Sales,Contractor,,2959.84,7120.79,30-87654321-0,Beta Consulting,Good,Good,Excellent,Fair,Fair,1
2026-06-29,legacy_hr_system,employees.csv,1842,1842,Paloma,Fernandez,D004,Sales,Contractor,,2110.43,5964.18,30-87654321-0,Beta Consulting,Good,Poor,Excellent,Fair,Excellent,1
2026-06-29,legacy_hr_system,employees.csv,1843,1843,Felipe,Sanchez,D005,Operations,Permanent,149905.76,,,,,Poor,Excellent,Good,Excellent,Excellent,1
2026-06-29,legacy_hr_system,employees.csv,1844,1844,Isabella,Soria,D003,IT,Contractor,,3224.51,6258.62,30-87654321-0,Beta Consulting,Good,Poor,Good,Good,Poor,0
2026-06-29,legacy_hr_system,employees.csv,1845,1845,Mora,Dominguez,D002,Human Resources,Contractor,,3297.68,4889.16,30-87654321-0,Beta Consulting,Good,Excellent,Excellent,Good,Good,0
2026-06-29,legacy_hr_system,employees.csv,1846,1846,Morena,Silva,D005,Operations,Contractor,,2957.5,,30-11223344-5,Gamma Consulting,Excellent,Good,Good,Good,Excellent,0
2026-06-29,legacy_hr_system,employees.csv,1847,1847,Benicio,Vargas,D001,Finance,Contractor,,3877.18,3874.32,30-11223344-5,Gamma Consulting,Good,Good,Fair,Excellent,Good,0
2026-06-29,legacy_hr_system,employees.csv,1848,1848,Josefina,Diaz,D004,Sales,Permanent,80422.58,,,,,Excellent,Fair,Good,Good,Excellent,0
2026-06-29,legacy_hr_system,employees.csv,1849,1849,Joaquin,Rodriguez,D003,IT,Contractor,,2837.62,3699.96,30-99887766-1,Delta Consulting,Good,Excellent,Excellent,Good,Fair,0
2026-06-29,legacy_hr_system,employees.csv,1850,1850,Juan Bautista,Ramirez,D002,Human Resources,Contractor,,2949.18,5737.44,30-12345678-9,Alpha Consulting,Excellent,Excellent,Excellent,Good,Fair,0
2026-06-29,legacy_hr_system,employees.csv,1851,1851,Mateo Benjamin,Gomez,D002,Human Resources,Permanent,106280.95,,,,,Excellent,Good,Poor,Excellent,Good,0
2026-06-29,legacy_hr_system,employees.csv,1852,1852,Delfina,Diaz,D004,Sales,Contractor,,2965.74,4558.02,30-99887766-1,Delta Consulting,Good,Good,Fair,Fair,Good,1
2026-06-29,legacy_hr_system,employees.csv,1853,1853,Ignacio,Sosa,D005,Operations,Permanent,145452.93,,,,,Good,Good,Excellent,Good,Fair,1
2026-06-29,legacy_hr_system,employees.csv,1854,1854,Delfina,Navarro,D001,Finance,Permanent,52593.32,,,,,Fair,Good,Good,Good,Poor,0
2026-06-29,legacy_hr_system,employees.csv,1855,1855,Julia,Franco,D004,Sales,Contractor,,2514.64,4711.28,30-99887766-1,Delta Consulting,Fair,Good,Poor,Good,Fair,1
2026-06-29,legacy_hr_system,employees.csv,1856,1856,Gael,Chavez,D001,Finance,Permanent,156002.37,,,,,Excellent,Good,Excellent,Fair,Excellent,0
2026-06-29,legacy_hr_system,employees.csv,1857,1857,Benjamin,Carrizo,D003,IT,Contractor,,2606.48,2623.45,30-12345678-9,Alpha Consulting,Poor,Good,Good,Excellent,Good,1
2026-06-29,legacy_hr_system,employees.csv,1858,1858,Tomàs,Barrios,D001,Finance,Contractor,,3495.77,3864.64,30-99887766-1,Delta Consulting,Good,Fair,Good,Fair,Excellent,1
2026-06-29,legacy_hr_system,employees.csv,1859,1859,Mora,Rios,D002,Human Resources,Permanent,84310.0,,,,,Good,Good,Good,Excellent,Good,0
2026-06-29,legacy_hr_system,employees.csv,1860,1860,Rafael,Castillo,D003,IT,Permanent,101269.64,,,,,Good,Good,Fair,Fair,Poor,0
2026-06-29,legacy_hr_system,employees.csv,1861,1861,Juan Cruz,Avila,D001,Finance,Contractor,,2852.38,3895.26,30-12345678-9,Alpha Consulting,Poor,Good,Good,Fair,Good,0
2026-06-29,legacy_hr_system,employees.csv,1862,1862,Rosario,Alvarez,D003,IT,Permanent,53833.02,,,,,Good,Excellent,Fair,Good,Fair,0
2026-06-29,legacy_hr_system,employees.csv,1863,1863,Juan Pablo,Garcia,D001,Finance,Contractor,,3717.65,5774.88,30-11223344-5,Gamma Consulting,Good,Good,Good,Poor,Fair,0
2026-06-29,legacy_hr_system,employees.csv,1864,1864,Thiago Emanuel,Paz,D004,Sales,Permanent,139545.66,,,,,Poor,Good,Good,Good,Good,0
2026-06-29,legacy_hr_system,employees.csv,1865,1865,Thiago,Cordoba,D002,Human Resources,Permanent,85869.43,,,,,Good,Good,Fair,Poor,Excellent,0
2026-06-29,legacy_hr_system,employees.csv,1866,1866,Tomàs,Gonzalez,D004,Sales,Permanent,113955.25,,,,,Good,Good,Excellent,Good,Poor,0
2026-06-29,legacy_hr_system,employees.csv,1867,1867,Tiziano Valentin,Lopez,D002,Human Resources,Contractor,,2994.78,5098.79,30-87654321-0,Beta Consulting,Good,Good,Good,Fair,Fair,0
2026-06-29,legacy_hr_system,employees.csv,1868,1868,Agustina,Duarte,D005,Operations,Permanent,140050.21,,,,,Good,Good,Fair,Good,Good,1
2026-06-29,legacy_hr_system,employees.csv,1869,1869,Mateo,Moyano,D003,IT,Contractor,,2412.66,4582.0,30-99887766-1,Delta Consulting,Good,Good,Good,Good,Excellent,0
2026-06-29,legacy_hr_system,employees.csv,1870,1870,Mateo Benjamin,Gonzalez,D003,IT,Contractor,,3365.82,5955.82,30-87654321-0,Beta Consulting,Fair,Good,Good,Good,Poor,0
2026-06-29,legacy_hr_system,employees.csv,1871,1871,Bautista,Carrizo,D005,Operations,Permanent,141135.2,,,,,Excellent,Fair,Good,Excellent,Good,1
2026-06-29,legacy_hr_system,employees.csv,1872,1872,Thiago Nahuel,Guzman,D005,Operations,Contractor,,3631.25,4583.83,30-11223344-5,Gamma Consulting,Fair,Fair,Good,Poor,Good,1
2026-06-29,legacy_hr_system,employees.csv,1873,1873,Pedro,Gomez,D005,Operations,Contractor,,4128.37,4909.76,30-11223344-5,Gamma Consulting,Good,Good,Good,Poor,Excellent,0
2026-06-29,legacy_hr_system,employees.csv,1874,1874,Mateo Benjamin,Quiroga,D004,Sales,Permanent,94167.36,,,,,Poor,Good,Poor,Excellent,Poor,0
2026-06-29,legacy_hr_system,employees.csv,1875,1875,Candelaria,Ramos,D002,Human Resources,Permanent,162101.1,,,,,Good,Good,Excellent,Fair,Poor,0
2026-06-29,legacy_hr_system,employees.csv,1876,1876,Mia Valentina,Acuña,D004,Sales,Permanent,140937.1,,,,,Excellent,Good,Good,Poor,Poor,0
2026-06-29,legacy_hr_system,employees.csv,1877,1877,Thiago Valentin,Fernandez,D001,Finance,Contractor,,2645.56,4020.51,30-99887766-1,Delta Consulting,Fair,Good,Good,Excellent,Good,0
2026-06-29,legacy_hr_system,employees.csv,1878,1878,Malena,Romero,D005,Operations,Contractor,,3237.26,4963.18,30-12345678-9,Alpha Consulting,Poor,Excellent,Good,Good,Excellent,0
2026-06-29,legacy_hr_system,employees.csv,1879,1879,Catalina,Rodriguez,D003,IT,Permanent,125918.77,,,,,Good,Excellent,Fair,Good,Good,0
2026-06-29,legacy_hr_system,employees.csv,1880,1880,Geronimo,Castro,D004,Sales,Permanent,129339.26,,,,,Fair,Good,Good,Excellent,Good,0
2026-06-29,legacy_hr_system,employees.csv,1881,1881,Dante,Martinez,D004,Sales,Permanent,170998.72,,,,,Fair,Good,Good,Good,Fair,0
2026-06-29,legacy_hr_system,employees.csv,1882,1882,Valentina,Alvarez,D005,Operations,Permanent,152146.29,,,,,Fair,Good,Good,Excellent,Poor,0
2026-06-29,legacy_hr_system,employees.csv,1883,1883,Agustín,Benitez,D001,Finance,Unknown,,3152.51,5441.31,30-87654321-0,Beta Consulting,Good,Good,Poor,Excellent,Good,0
2026-06-29,legacy_hr_system,employees.csv,1884,1884,Benjamin,Peralta,D001,Finance,Contractor,,2173.98,4897.93,30-87654321-0,Beta Consulting,Fair,Excellent,Good,Good,Good,0
2026-06-29,legacy_hr_system,employees.csv,1885,1885,Mateo Benjamin,Moreno,D003,IT,Permanent,174279.19,,,,,Fair,Poor,Good,Poor,Fair,0
2026-06-29,legacy_hr_system,employees.csv,1886,1886,Ana Paula,Navarro,D003,IT,Contractor,,2825.56,3652.37,30-99887766-1,Delta Consulting,Fair,Good,Good,Good,Excellent,0
2026-06-29,legacy_hr_system,employees.csv,1887,1887,Maria Victoria,Quiroga,D003,IT,Permanent,100437.33,,,,,Poor,Fair,Good,Good,Fair,0
2026-06-29,legacy_hr_system,employees.csv,1888,1888,Bautista,Soria,D003,IT,Contractor,,2128.29,3715.24,30-11223344-5,Gamma Consulting,Fair,Fair,Good,Good,Good,0
2026-06-29,legacy_hr_system,employees.csv,1889,1889,Santino,Caceres,D001,Finance,Contractor,,2703.59,3094.43,30-99887766-1,Delta Consulting,Poor,Excellent,Poor,Excellent,Excellent,0
2026-06-29,legacy_hr_system,employees.csv,1890,1890,Julieta,Rodriguez,D003,IT,Permanent,120468.55,,,,,Good,Good,Good,Poor,Excellent,0
2026-06-29,legacy_hr_system,employees.csv,1891,1891,Bautista Benjamin,Benitez,D001,Finance,Contractor,,3721.82,3592.24,30-11223344-5,Gamma Consulting,Excellent,Excellent,Good,Excellent,Good,0
2026-06-29,legacy_hr_system,employees.csv,1892,1892,Camila,Dominguez,D005,Operations,Contractor,,4215.43,5010.79,30-12345678-9,Alpha Consulting,Good,Good,Good,Good,Good,0
2026-06-29,legacy_hr_system,employees.csv,1893,1893,Agustin,Rojas,D004,Sales,Permanent,150917.42,,,,,Poor,Good,Poor,Good,Fair,0
2026-06-29,legacy_hr_system,employees.csv,1894,1894,Valentino,Alvarez,D003,IT,Contractor,,2473.73,5354.53,30-87654321-0,Beta Consulting,Fair,Excellent,Fair,Poor,Fair,1
2026-06-29,legacy_hr_system,employees.csv,1895,1895,Lourdes,Molina,D003,IT,Permanent,,,,,,Poor,Good,Fair,Excellent,Good,0
2026-06-29,legacy_hr_system,employees.csv,1896,1896,Rafael,Fernandez,D002,Human Resources,Permanent,146707.43,,,,,Excellent,Good,Excellent,Fair,Excellent,0
2026-06-29,legacy_hr_system,employees.csv,1897,1897,Agostina,Avila,D001,Finance,Permanent,125155.18,,,,,Fair,Fair,Good,Good,Good,0
2026-06-29,legacy_hr_system,employees.csv,1898,1898,Violeta,Ojeda,D005,Operations,Permanent,682987.7000000001,,,,,Excellent,Excellent,Good,Good,Excellent,0
2026-06-29,legacy_hr_system,employees.csv,1899,1899,Thiago,Duarte,D002,Human Resources,Contractor,,2059.52,3604.93,30-99887766-1,Delta Consulting,Good,Good,Poor,Good,Good,0
2026-06-29,legacy_hr_system,employees.csv,1900,1900,Nicolas,Castro,D002,Human Resources,Contractor,,3477.78,3551.65,30-12345678-9,Alpha Consulting,Good,Good,Good,Fair,Good,0
2026-06-29,legacy_hr_system,employees.csv,1901,1901,Juan Ignacio,Gonzalez,D005,Operations,Permanent,133896.19,,,,,Excellent,Excellent,Fair,Fair,Poor,0
2026-06-29,legacy_hr_system,employees.csv,1902,1902,Matias,Rojas,D002,Human Resources,Permanent,78985.87,,,,,Good,Excellent,Fair,Fair,Poor,0
2026-06-29,legacy_hr_system,employees.csv,1903,1903,Abigail,Sanchez,D002,Human Resources,Contractor,,3678.54,3267.48,30-12345678-9,Alpha Consulting,Good,Excellent,Good,Good,Good,0
2026-06-29,legacy_hr_system,employees.csv,1904,1904,Lautaro Ezequiel,Barrios,D002,Human Resources,Contractor,,3441.84,5125.63,30-99887766-1,Delta Consulting,Fair,Good,Good,Good,Good,0
2026-06-29,legacy_hr_system,employees.csv,1905,1905,Alma,Ramirez,D002,Human Resources,Contractor,,2442.58,5082.03,30-11223344-5,Gamma Consulting,Good,Fair,Good,Good,Fair,0
2026-06-29,legacy_hr_system,employees.csv,1906,1906,Mia Valentina,Gutierrez,D005,Operations,Contractor,,3208.35,3961.16,30-11223344-5,Gamma Consulting,Good,Good,Good,Fair,Fair,0
2026-06-29,legacy_hr_system,employees.csv,1907,1907,Mateo,Diaz,D004,Sales,Permanent,89743.36,,,,,Poor,Good,Good,Good,Fair,0
2026-06-29,legacy_hr_system,employees.csv,1908,1908,Miguel Angel,Diaz,D005,Operations,Contractor,,1429.9,4849.65,30-12345678-9,Alpha Consulting,Excellent,Good,Fair,Fair,Good,0
2026-06-29,legacy_hr_system,employees.csv,1909,1909,Joaquin,Figueroa,D002,Human Resources,Permanent,73055.92,,,,,Excellent,Good,Good,Good,Fair,1
2026-06-29,legacy_hr_system,employees.csv,1910,1910,Elena,Roldan,D001,Finance,Permanent,122860.33,,,,,Fair,Fair,Excellent,Poor,Poor,0
2026-06-29,legacy_hr_system,employees.csv,1911,1911,Paula,Toledo,D002,Human Resources,Permanent,112096.55,,,,,Fair,Fair,Excellent,Fair,Good,0
2026-06-29,legacy_hr_system,employees.csv,1912,1912,Malena,Molina,D001,Finance,Permanent,140374.28,,,,,Excellent,Fair,Good,Good,Good,1
2026-06-29,legacy_hr_system,employees.csv,1913,1913,Juana,Rodriguez,D004,Sales,Permanent,110938.64,,,,,Good,Good,Good,Good,Fair,0
2026-06-29,legacy_hr_system,employees.csv,1914,1914,Santino,Ojeda,D003,IT,Contractor,,2736.44,5231.87,30-11223344-5,Gamma Consulting,Excellent,Good,Good,Excellent,Fair,0
2026-06-29,legacy_hr_system,employees.csv,1915,1915,Pilar,Romero,D001,Finance,Permanent,130051.74,,,,,Good,Good,Poor,Good,Fair,0
2026-06-29,legacy_hr_system,employees.csv,1916,1916,Valentino,Ferreyra,D005,Operations,Permanent,129484.68,,,,,Good,Good,Fair,Poor,Fair,0
2026-06-29,legacy_hr_system,employees.csv,1917,1917,Santino,Rios,D001,Finance,Permanent,134078.03,,,,,Excellent,Good,Fair,Fair,Good,0
2026-06-29,legacy_hr_system,employees.csv,1918,1918,Santino Nicolas,Sanchez,D001,Finance,Permanent,73932.84,,,,,Excellent,Good,Fair,Good,Excellent,0
2026-06-29,legacy_hr_system,employees.csv,1919,1919,Tomàs,Rios,D001,Finance,Permanent,142703.66,,,,,Poor,Excellent,Good,Good,Good,0
2026-06-29,legacy_hr_system,employees.csv,1920,1920,Julieta,Nuñez,D004,Sales,Permanent,138374.06,,,,,Excellent,Excellent,Good,Excellent,Good,0
2026-06-29,legacy_hr_system,employees.csv,1921,1921,Tiziano,Torres,D004,Sales,Permanent,89499.51,,,,,Fair,Excellent,Excellent,Fair,Good,0
2026-06-29,legacy_hr_system,employees.csv,1922,1922,Josefina,Flores,D004,Sales,Permanent,112677.59,,,,,Excellent,Excellent,Excellent,Fair,Good,0
2026-06-29,legacy_hr_system,employees.csv,1923,1923,Benjamin,Martinez,D005,Operations,Contractor,,2968.55,4365.5,30-87654321-0,Beta Consulting,Excellent,Good,Fair,Excellent,Good,0
2026-06-29,legacy_hr_system,employees.csv,1924,1924,Delfina,Villalba,D003,IT,Permanent,130015.8,,,,,Excellent,Excellent,Good,Good,Good,0
2026-06-29,legacy_hr_system,employees.csv,1925,1925,Lorenzo,Mansilla,D002,Human Resources,Contractor,,4145.09,5581.77,30-11223344-5,Gamma Consulting,Excellent,Excellent,Excellent,Good,Good,0
2026-06-29,legacy_hr_system,employees.csv,1926,1926,Valentino,Ponce,D003,IT,Contractor,,1950.22,5122.07,30-11223344-5,Gamma Consulting,Poor,Excellent,Good,Excellent,Fair,0
2026-06-29,legacy_hr_system,employees.csv,1927,1927,Enzo,Medina,D003,IT,Contractor,,4063.15,4886.81,30-11223344-5,Gamma Consulting,Fair,Fair,Excellent,Fair,Good,0
2026-06-29,legacy_hr_system,employees.csv,1928,1928,Benicio,Sanchez,D002,Human Resources,Contractor,,3872.78,6512.27,30-11223344-5,Gamma Consulting,Excellent,Good,Good,Excellent,Excellent,1
2026-06-29,legacy_hr_system,employees.csv,1929,1929,Nicolas,Lopez,D001,Finance,Permanent,150711.29,,,,,Excellent,Poor,Good,Good,Good,0
2026-06-29,legacy_hr_system,employees.csv,1930,1930,Sofía,Mansilla,D002,Human Resources,Permanent,127479.26,,,,,Excellent,Poor,Fair,Fair,Excellent,1
2026-06-29,legacy_hr_system,employees.csv,1931,1931,Alma Mia,Fernandez,D001,Finance,Permanent,151352.65,,,,,Good,Excellent,Good,Good,Excellent,0
2026-06-29,legacy_hr_system,employees.csv,1932,1932,Mateo Benjamin,Perez,D001,Finance,Permanent,124346.63,,,,,Fair,Excellent,Good,Good,Good,0
2026-06-29,legacy_hr_system,employees.csv,1933,1933,Angelina,Rodriguez,D003,IT,Permanent,120717.09,,,,,Poor,Excellent,Good,Poor,Excellent,0
2026-06-29,legacy_hr_system,employees.csv,1934,1934,Bautista,Gonzalez,D001,Finance,Permanent,109457.57,,,,,Fair,Good,Good,Excellent,Good,1
2026-06-29,legacy_hr_system,employees.csv,1935,1935,Bianca,Gonzalez,D004,Sales,Contractor,,4250.73,3681.57,30-99887766-1,Delta Consulting,Good,Fair,Good,Excellent,Good,0
2026-06-29,legacy_hr_system,employees.csv,1936,1936,Clara,Ramirez,D003,IT,Permanent,165971.03,,,,,Good,Excellent,Good,Good,Excellent,0
2026-06-29,legacy_hr_system,employees.csv,1937,1937,Salvador,Barrios,D003,IT,Permanent,134995.92,,,,,Excellent,Excellent,Excellent,Excellent,Fair,0
2026-06-29,legacy_hr_system,employees.csv,1938,1938,Nicolas,Molina,D002,Human Resources,Permanent,78020.81,,,,,Poor,Fair,Good,Excellent,Good,0
2026-06-29,legacy_hr_system,employees.csv,1939,1939,Angel Gabriel,Herrera,D001,Finance,Permanent,131029.48,,,,,Good,Excellent,Excellent,Excellent,Fair,0
2026-06-29,legacy_hr_system,employees.csv,1940,1940,Octavio,Torres,D001,Finance,Permanent,56999.2,,,,,Excellent,Fair,Poor,Fair,Good,0
2026-06-29,legacy_hr_system,employees.csv,1941,1941,Delfina,Ramos,D001,Finance,Permanent,138765.24,,,,,Excellent,Excellent,Fair,Good,Poor,0
2026-06-29,legacy_hr_system,employees.csv,1942,1942,Maria Paz,Garcia,D003,IT,Permanent,146556.94,,,,,Good,Good,Good,Fair,Excellent,0
2026-06-29,legacy_hr_system,employees.csv,1943,1943,Valentin,Gutierrez,D001,Finance,Permanent,102229.32,,,,,Good,Good,Fair,Good,Good,0
2026-06-29,legacy_hr_system,employees.csv,1944,1944,Camila,Gimenez,D005,Operations,Permanent,123706.43,,,,,Excellent,Excellent,Excellent,Excellent,Good,1
2026-06-29,legacy_hr_system,employees.csv,1945,1945,Antonella,Farias,D002,Human Resources,Contractor,,4563.33,3994.25,30-87654321-0,Beta Consulting,Fair,Poor,Good,Good,Good,0
2026-06-29,legacy_hr_system,employees.csv,1946,1946,Micaela,Cabrera,D002,Human Resources,Permanent,88232.77,,,,,Good,Good,Fair,Good,Good,0
2026-06-29,legacy_hr_system,employees.csv,1947,1947,Mateo,Gutierrez,D003,IT,Permanent,,,,,,Good,Good,Good,Good,Fair,0
2026-06-29,legacy_hr_system,employees.csv,1948,1948,Tomàs,Lopez,D001,Finance,Permanent,178877.62,,,,,Good,Good,Poor,Excellent,Fair,0
2026-06-29,legacy_hr_system,employees.csv,1949,1949,Santino Agustin,Dominguez,D002,Human Resources,Permanent,120110.87,,,,,Poor,Excellent,Fair,Fair,Fair,0
2026-06-29,legacy_hr_system,employees.csv,1950,1950,León,Ponce,D003,IT,Permanent,150343.89,,,,,Good,Good,Fair,Good,Excellent,0
2026-06-29,legacy_hr_system,employees.csv,1951,1951,Pilar,Sosa,D005,Operations,Permanent,160244.28,,,,,Fair,Good,Fair,Fair,Poor,0
2026-06-29,legacy_hr_system,employees.csv,1952,1952,Delfina,Suarez,D005,Operations,Permanent,97725.47,,,,,Good,Good,Excellent,Good,Good,0
2026-06-29,legacy_hr_system,employees.csv,1953,1953,Isabella,Torres,D004,Sales,Permanent,105440.82,,,,,Good,Good,Good,Good,Excellent,0
2026-06-29,legacy_hr_system,employees.csv,1954,1954,Martina,Diaz,D003,IT,Contractor,,3984.7,6185.01,30-99887766-1,Delta Consulting,Good,Good,Good,Excellent,Good,0
2026-06-29,legacy_hr_system,employees.csv,1955,1955,Luz Maria,Sosa,D005,Operations,Contractor,,3450.3,3620.19,30-11223344-5,Gamma Consulting,Good,Poor,Poor,Good,Excellent,0
2026-06-29,legacy_hr_system,employees.csv,1956,1956,Valentin,Acosta,D003,IT,Permanent,179611.83,,,,,Good,Poor,Good,Excellent,Good,0
2026-06-29,legacy_hr_system,employees.csv,1957,1957,Isabella,Chavez,D005,Operations,Contractor,,2575.22,4164.86,30-12345678-9,Alpha Consulting,Excellent,Excellent,Excellent,Good,Excellent,0
2026-06-29,legacy_hr_system,employees.csv,1958,1958,Juan Cruz,Quiroga,D003,IT,Permanent,130270.14,,,,,Poor,Poor,Poor,Fair,Good,0
2026-06-29,legacy_hr_system,employees.csv,1959,1959,Maximo,Rivero,D005,Operations,Permanent,166624.81,,,,,Good,Fair,Fair,Good,Excellent,0
2026-06-29,legacy_hr_system,employees.csv,1960,1960,Miguel Angel,Perez,D004,Sales,Contractor,,3683.18,4914.87,30-11223344-5,Gamma Consulting,Poor,Good,Fair,Fair,Poor,1
2026-06-29,legacy_hr_system,employees.csv,1961,1961,Manuel,Lopez,D003,IT,Permanent,133898.66,,,,,Excellent,Fair,Good,Fair,Good,0
2026-06-29,legacy_hr_system,employees.csv,1962,1962,Jeremias,Torres,D002,Human Resources,Permanent,121305.44,,,,,Good,Good,Good,Excellent,Excellent,0
2026-06-29,legacy_hr_system,employees.csv,1963,1963,Jeremias,Miranda,D003,IT,Permanent,136744.19,,,,,Good,Good,Good,Fair,Excellent,0
2026-06-29,legacy_hr_system,employees.csv,1964,1964,Agustina,Torres,D005,Operations,Permanent,44113.2,,,,,Good,Excellent,Good,Excellent,Excellent,1
2026-06-29,legacy_hr_system,employees.csv,1965,1965,Luz Maria,Gutierrez,D005,Operations,Permanent,111101.78,,,,,Excellent,Good,Good,Good,Good,0
2026-06-29,legacy_hr_system,employees.csv,1966,1966,Benicio,Aguero,D005,Operations,Contractor,,3193.06,3348.99,30-99887766-1,Delta Consulting,Good,Excellent,Excellent,Good,Fair,0
2026-06-29,legacy_hr_system,employees.csv,1967,1967,Pilar,Suarez,D001,Finance,Contractor,,3309.06,4295.53,30-99887766-1,Delta Consulting,Excellent,Good,Good,Good,Good,0
2026-06-29,legacy_hr_system,employees.csv,1968,1968,Juan Martin,Gimenez,D005,Operations,Permanent,172664.27,,,,,Good,Good,Excellent,Poor,Good,0
2026-06-29,legacy_hr_system,employees.csv,1969,1969,Valentino,Lopez,D004,Sales,Permanent,167190.59,,,,,Good,Fair,Poor,Fair,Good,0
2026-06-29,legacy_hr_system,employees.csv,1970,1970,Bautista,Moreno,D004,Sales,Permanent,106025.83,,,,,Fair,Poor,Good,Good,Good,0
2026-06-29,legacy_hr_system,employees.csv,1971,1971,Delfina,Lopez,D004,Sales,Permanent,115474.87,,,,,Good,Excellent,Excellent,Poor,Good,0
2026-06-29,legacy_hr_system,employees.csv,1972,1972,Guadalupe,Vera,D004,Sales,Permanent,117781.57,,,,,Good,Excellent,Poor,Poor,Fair,0
2026-06-29,legacy_hr_system,employees.csv,1973,1973,Juan Ignacio,Martinez,D004,Sales,Permanent,106450.22,,,,,Good,Good,Fair,Excellent,Good,0
2026-06-29,legacy_hr_system,employees.csv,1974,1974,Nina,Muñoz,D005,Operations,Permanent,125850.75,,,,,Good,Good,Good,Excellent,Good,0
2026-06-29,legacy_hr_system,employees.csv,1975,1975,Jazmin,Suarez,D001,Finance,Permanent,97251.54,,,,,Fair,Fair,Good,Fair,Good,0
2026-06-29,legacy_hr_system,employees.csv,1976,1976,Sofia,Lopez,D002,Human Resources,Contractor,,2095.51,5122.71,30-12345678-9,Alpha Consulting,Good,Good,Good,Excellent,Excellent,0
2026-06-29,legacy_hr_system,employees.csv,1977,1977,Zoe Jazmin,Gonzalez,D003,IT,Permanent,138885.89,,,,,Good,Good,Fair,Fair,Poor,0
2026-06-29,legacy_hr_system,employees.csv,1978,1978,Martina,Silva,D003,IT,Contractor,,,5395.36,30-99887766-1,Delta Consulting,Excellent,Excellent,Excellent,Good,Excellent,0
2026-06-29,legacy_hr_system,employees.csv,1979,1979,Mateo,Morales,D003,IT,Permanent,101052.67,,,,,Fair,Good,Fair,Good,Fair,1
2026-06-29,legacy_hr_system,employees.csv,1980,1980,Martina,Silva,D001,Finance,Contractor,,3202.53,5320.34,30-87654321-0,Beta Consulting,Fair,Good,Good,Good,Excellent,0
2026-06-29,legacy_hr_system,employees.csv,1981,1981,Isabella,Perez,D001,Finance,Contractor,,2973.11,4954.74,30-99887766-1,Delta Consulting,Fair,Excellent,Good,Good,Good,0
2026-06-29,legacy_hr_system,employees.csv,1982,1982,Joaquin,Campos,D001,Finance,Contractor,,2586.86,4303.53,30-11223344-5,Gamma Consulting,Good,Poor,Good,Poor,Good,0
2026-06-29,legacy_hr_system,employees.csv,1983,1983,Matias,Ortiz,D005,Operations,Contractor,,2835.31,,30-87654321-0,Beta Consulting,Good,Good,Good,Good,Good,0
2026-06-29,legacy_hr_system,employees.csv,1984,1984,Benjamin,Muñoz,D005,Operations,Permanent,114696.78,,,,,Fair,Excellent,Good,Good,Good,0
2026-06-29,legacy_hr_system,employees.csv,1985,1985,Antonella,Garcia,D001,Finance,Permanent,73541.45,,,,,Excellent,Good,Excellent,Fair,Fair,1
2026-06-29,legacy_hr_system,employees.csv,1986,1986,Catalina,Acosta,D002,Human Resources,Contractor,,2607.08,4215.12,30-99887766-1,Delta Consulting,Fair,Excellent,Excellent,Good,Good,0
2026-06-29,legacy_hr_system,employees.csv,1987,1987,Samuel,Aguero,D002,Human Resources,Contractor,,2795.06,4258.5,30-99887766-1,Delta Consulting,Good,Good,Good,Fair,Excellent,0
2026-06-29,legacy_hr_system,employees.csv,1988,1988,Joaquin,Rivero,D003,IT,Permanent,118147.07,,,,,Good,Good,Excellent,Excellent,Good,0
2026-06-29,legacy_hr_system,employees.csv,1989,1989,Juan Martin,Arias,D002,Human Resources,Permanent,134383.25,,,,,Poor,Good,Excellent,Poor,Poor,0
2026-06-29,legacy_hr_system,employees.csv,1990,1990,Tobias,Lopez,D003,IT,Contractor,,3699.61,3850.23,30-99887766-1,Delta Consulting,Good,Good,Good,Good,Excellent,0
2026-06-29,legacy_hr_system,employees.csv,1991,1991,Milagros,Perez,D003,IT,Permanent,83903.97,,,,,Fair,Good,Good,Good,Excellent,0
2026-06-29,legacy_hr_system,employees.csv,1992,1992,Lisandro,Romero,D003,IT,Contractor,,2166.36,4012.8,30-87654321-0,Beta Consulting,Excellent,Good,Good,Good,Good,0
2026-06-29,legacy_hr_system,employees.csv,1993,1993,Facundo,Luna,D003,IT,Contractor,,2718.46,3730.0,30-99887766-1,Delta Consulting,Fair,Fair,Excellent,Good,Fair,0
2026-06-29,legacy_hr_system,employees.csv,1994,1994,Francisco,Alvarez,D004,Sales,Contractor,,1963.11,4043.88,30-11223344-5,Gamma Consulting,Good,Excellent,Good,Good,Excellent,0
2026-06-29,legacy_hr_system,employees.csv,1995,1995,Santino,Diaz,D002,Human Resources,Permanent,125442.8,,,,,Excellent,Fair,Good,Poor,Good,0
2026-06-29,legacy_hr_system,employees.csv,1996,1996,Alma Mia,Gimenez,D003,IT,Permanent,137850.88,,,,,Fair,Good,Good,Excellent,Excellent,0
2026-06-29,legacy_hr_system,employees.csv,1997,1997,Ciro,Fernandez,D001,Finance,Permanent,103277.31,,,,,Poor,Fair,Fair,Good,Fair,0
2026-06-29,legacy_hr_system,employees.csv,1998,1998,Catalina,Herrera,D001,Finance,Permanent,107610.07,,,,,Poor,Good,Excellent,Good,Poor,0
2026-06-29,legacy_hr_system,employees.csv,1999,1999,Mora,Gonzalez,D004,Sales,Contractor,,2258.64,4468.56,30-87654321-0,Beta Consulting,Excellent,Excellent,Good,Fair,Good,1
2026-06-29,legacy_hr_system,employees.csv,2000,2000,Martín,Gimenez,D001,Finance,Contractor,,2321.26,5073.13,30-11223344-5,Gamma Consulting,Good,Poor,Good,Good,Excellent,0
2026-06-29,legacy_hr_system,employees.csv,2001,2001,Juan Ignacio,Suarez,D001,Finance,Permanent,66424.01,,,,,Excellent,Excellent,Good,Good,Fair,0
2026-06-29,legacy_hr_system,employees.csv,2002,2002,Valentino,Juarez,D003,IT,Permanent,109211.11,,,,,Good,Good,Good,Fair,Excellent,0
2026-06-29,legacy_hr_system,employees.csv,2003,2003,Ezequiel,Escobar,D002,Human Resources,Permanent,129033.22,,,,,Good,Good,Good,Excellent,Good,0
2026-06-29,legacy_hr_system,employees.csv,2004,2004,Octavio,Ferreyra,D005,Operations,Permanent,125515.04,,,,,Good,Fair,Poor,Good,Excellent,1
2026-06-29,legacy_hr_system,employees.csv,2005,2005,Maximo,Torres,D003,IT,Permanent,200791.01,,,,,Good,Good,Good,Excellent,Excellent,1
2026-06-29,legacy_hr_system,employees.csv,2006,2006,Martina,Pereyra,D001,Finance,Permanent,130494.0,,,,,Excellent,Poor,Poor,Good,Good,0
2026-06-29,legacy_hr_system,employees.csv,2007,2007,Francisco,Figueroa,D004,Sales,Contractor,,2196.76,4404.54,30-12345678-9,Alpha Consulting,Good,Poor,Good,Good,Good,0
2026-06-29,legacy_hr_system,employees.csv,2008,2008,Francesco,Alvarez,D002,Human Resources,Permanent,66712.61,,,,,Excellent,Fair,Good,Good,Excellent,0
2026-06-29,legacy_hr_system,employees.csv,2009,2009,Salvador,Villalba,D004,Sales,Permanent,117582.01,,,,,Excellent,Good,Fair,Excellent,Fair,1
2026-06-29,legacy_hr_system,employees.csv,2010,2010,Paulina,Quiroga,D001,Finance,Permanent,95008.32,,,,,Fair,Excellent,Good,Poor,Poor,0
2026-06-29,legacy_hr_system,employees.csv,2011,2011,Santino,Fernandez,D005,Operations,Permanent,147461.71,,,,,Excellent,Good,Good,Fair,Fair,0
2026-06-29,legacy_hr_system,employees.csv,2012,2012,Jazmin,Martinez,D001,Finance,Permanent,103513.79,,,,,Fair,Good,Good,Good,Poor,0
2026-06-29,legacy_hr_system,employees.csv,2013,2013,Alma Mia,Garcia,D003,IT,Contractor,,2906.59,3864.44,30-11223344-5,Gamma Consulting,Good,Poor,Poor,Good,Good,0
2026-06-29,legacy_hr_system,employees.csv,2014,2014,Enzo,Ramirez,D002,Human Resources,Contractor,,4391.08,4178.76,30-11223344-5,Gamma Consulting,Good,Good,Good,Good,Fair,0
2026-06-29,legacy_hr_system,employees.csv,2015,2015,Santiago,Vega,D003,IT,Permanent,174976.71,,,,,Good,Excellent,Good,Good,Good,0
2026-06-29,legacy_hr_system,employees.csv,2016,2016,Francesco,Silva,D004,Sales,Contractor,,3651.32,4982.07,30-99887766-1,Delta Consulting,Poor,Good,Fair,Fair,Fair,0
2026-06-29,legacy_hr_system,employees.csv,2017,2017,Juan Ignacio,Gonzalez,D003,IT,Contractor,,3294.99,4893.8,30-11223344-5,Gamma Consulting,Good,Fair,Fair,Excellent,Fair,0
2026-06-29,legacy_hr_system,employees.csv,2018,2018,Ambar,Castillo,D003,IT,Permanent,62169.82,,,,,Excellent,Excellent,Fair,Good,Fair,0
2026-06-29,legacy_hr_system,employees.csv,2019,2019,Josefina,Torres,D003,IT,Permanent,111633.5,,,,,Excellent,Good,Good,Good,Good,0
2026-06-29,legacy_hr_system,employees.csv,2020,2020,Felipe,Ferreyra,D002,Human Resources,Permanent,145354.74,,,,,Excellent,Poor,Poor,Good,Good,0
2026-06-29,legacy_hr_system,employees.csv,2021,2021,Valentina,Mendez,D002,Human Resources,Contractor,,2960.88,3094.81,30-87654321-0,Beta Consulting,Poor,Good,Good,Excellent,Good,1
2026-06-29,legacy_hr_system,employees.csv,2022,2022,Pedro,Torres,D002,Human Resources,Permanent,118427.87,,,,,Excellent,Excellent,Excellent,Excellent,Excellent,0
2026-06-29,legacy_hr_system,employees.csv,2023,2023,Victoria,Peralta,D005,Operations,Permanent,171123.17,,,,,Good,Excellent,Poor,Good,Good,0
2026-06-29,legacy_hr_system,employees.csv,2024,2024,Zoe,Ramirez,D005,Operations,Contractor,,3997.51,4438.0,30-99887766-1,Delta Consulting,Fair,Excellent,Good,Fair,Excellent,0
2026-06-29,legacy_hr_system,employees.csv,2025,2025,Martín,Suarez,D001,Finance,Permanent,148543.48,,,,,Poor,Good,Good,Poor,Good,0
2026-06-29,legacy_hr_system,employees.csv,2026,2026,Thiago,Castro,D001,Finance,Permanent,109004.79,,,,,Fair,Fair,Good,Fair,Fair,0
2026-06-29,legacy_hr_system,employees.csv,2027,2027,Valentina,Sanchez,D002,Human Resources,Permanent,68883.85,,,,,Good,Fair,Good,Fair,Fair,0
2026-06-29,legacy_hr_system,employees.csv,2028,2028,Lautaro,Vega,D002,Human Resources,Contractor,,2260.43,6062.89,30-12345678-9,Alpha Consulting,Good,Fair,Poor,Excellent,Fair,0
2026-06-29,legacy_hr_system,employees.csv,2029,2029,Abril,Mendez,D003,IT,Contractor,,2780.81,4256.62,30-99887766-1,Delta Consulting,Good,Excellent,Excellent,Good,Good,1
2026-06-29,legacy_hr_system,employees.csv,2030,2030,Milagros,Cardozo,D004,Sales,Permanent,111004.85,,,,,Excellent,Excellent,Good,Poor,Good,0
2026-06-29,legacy_hr_system,employees.csv,2031,2031,Tomàs,Quiroga,D001,Finance,Contractor,,4523.31,6125.96,30-87654321-0,Beta Consulting,Poor,Excellent,Good,Good,Good,0
2026-06-29,legacy_hr_system,employees.csv,2032,2032,Mateo,Diaz,D005,Operations,Permanent,186563.41,,,,,Good,Excellent,Good,Good,Good,0
2026-06-29,legacy_hr_system,employees.csv,2033,2033,Camila,Romero,D004,Sales,Permanent,115228.64,,,,,Good,Excellent,Good,Good,Good,0
2026-06-29,legacy_hr_system,employees.csv,2034,2034,Nicolas,Quiroga,D005,Operations,Permanent,128868.73,,,,,Excellent,Good,Good,Good,Fair,0
2026-06-29,legacy_hr_system,employees.csv,2035,2035,Lucia,Lopez,D004,Sales,Permanent,74500.72,,,,,Good,Good,Fair,Excellent,Excellent,0
2026-06-29,legacy_hr_system,employees.csv,2036,2036,Ciro Benjamin,Gonzalez,D004,Sales,Permanent,164308.03,,,,,Good,Excellent,Good,Good,Good,0
2026-06-29,legacy_hr_system,employees.csv,2037,2037,Catalina,Fernandez,D001,Finance,Contractor,,2065.78,4716.78,30-87654321-0,Beta Consulting,Good,Fair,Poor,Good,Poor,0
2026-06-29,legacy_hr_system,employees.csv,2038,2038,Gabriel,Benitez,D005,Operations,Contractor,,2122.16,3911.13,30-87654321-0,Beta Consulting,Good,Good,Excellent,Fair,Fair,1
2026-06-29,legacy_hr_system,employees.csv,2039,2039,Bautista,Diaz,D005,Operations,Permanent,94882.13,,,,,Excellent,Excellent,Good,Good,Good,1
2026-06-29,legacy_hr_system,employees.csv,2040,2040,Bautista,Gonzalez,D004,Sales,Permanent,101763.74,,,,,Good,Excellent,Fair,Good,Good,0
2026-06-29,legacy_hr_system,employees.csv,2041,2041,Olivia,Velazquez,D001,Finance,Permanent,103826.32,,,,,Good,Fair,Good,Good,Good,0
2026-06-29,legacy_hr_system,employees.csv,2042,2042,Mora,Gutierrez,D002,Human Resources,Permanent,103551.94,,,,,Excellent,Excellent,Poor,Good,Good,0
2026-06-29,legacy_hr_system,employees.csv,2043,2043,Luz Milagros,Luna,D003,IT,Contractor,,3666.67,3395.14,30-11223344-5,Gamma Consulting,Good,Excellent,Fair,Good,Good,0
2026-06-29,legacy_hr_system,employees.csv,2044,2044,Rosario,Maldonado,D001,Finance,Permanent,126616.24,,,,,Fair,Excellent,Fair,Excellent,Fair,0
2026-06-29,legacy_hr_system,employees.csv,2045,2045,Santino Benjamin,Benitez,D001,Finance,Contractor,,3974.37,3986.8,30-12345678-9,Alpha Consulting,Poor,Excellent,Good,Good,Fair,0
2026-06-29,legacy_hr_system,employees.csv,2046,2046,Sofia,Ferreyra,D003,IT,Contractor,,2425.66,4269.48,30-99887766-1,Delta Consulting,Excellent,Fair,Good,Fair,Poor,0
2026-06-29,legacy_hr_system,employees.csv,2047,2047,Benjamin Ezequiel,Garcia,D005,Operations,Contractor,,3943.78,4694.11,30-11223344-5,Gamma Consulting,Excellent,Excellent,Good,Poor,Fair,0
2026-06-29,legacy_hr_system,employees.csv,2048,2048,Martina,Juarez,D003,IT,Contractor,,2575.03,4983.88,30-87654321-0,Beta Consulting,Excellent,Poor,Excellent,Poor,Good,1
2026-06-29,legacy_hr_system,employees.csv,2049,2049,Agustina,Martinez,D003,IT,Permanent,86931.24,,,,,Excellent,Fair,Poor,Good,Fair,0
2026-06-29,legacy_hr_system,employees.csv,2050,2050,Mateo,Gonzalez,D001,Finance,Permanent,140440.79,,,,,Poor,Good,Fair,Fair,Excellent,0
2026-06-29,legacy_hr_system,employees.csv,2051,2051,Emma,Gonzalez,D001,Finance,Permanent,132258.22,,,,,Good,Fair,Excellent,Good,Poor,0
2026-06-29,legacy_hr_system,employees.csv,2052,2052,Mateo,Franco,D004,Sales,Permanent,110765.75,,,,,Good,Excellent,Excellent,Excellent,Good,0
2026-06-29,legacy_hr_system,employees.csv,2053,2053,Fausto,Sosa,D001,Finance,Permanent,94842.43,,,,,Good,Poor,Fair,Good,Fair,0
2026-06-29,legacy_hr_system,employees.csv,2054,2054,Camila,Nuñez,D003,IT,Permanent,93399.57,,,,,Good,Good,Fair,Excellent,Good,0
2026-06-29,legacy_hr_system,employees.csv,2055,2055,Maximo,Ponce,D005,Operations,Permanent,136044.52,,,,,Good,Fair,Good,Good,Good,0
2026-06-29,legacy_hr_system,employees.csv,2056,2056,Bautista,Gomez,D001,Finance,Permanent,156869.42,,,,,Fair,Poor,Fair,Good,Excellent,0
2026-06-29,legacy_hr_system,employees.csv,2057,2057,Emilia,Rivero,D003,IT,Contractor,,2490.15,4958.39,30-12345678-9,Alpha Consulting,Good,Fair,Fair,Excellent,Good,0
2026-06-29,legacy_hr_system,employees.csv,2058,2058,Uma ,Sosa,D005,Operations,Contractor,,1330.38,3915.38,30-99887766-1,Delta Consulting,Good,Excellent,Good,Good,Poor,0
2026-06-29,legacy_hr_system,employees.csv,2059,2059,Ciro Benjamin,Perez,D003,IT,Permanent,119068.23,,,,,Good,Fair,Good,Fair,Excellent,0
2026-06-29,legacy_hr_system,employees.csv,2060,2060,Sofía,Diaz,D004,Sales,Contractor,,2272.25,3563.49,30-99887766-1,Delta Consulting,Excellent,Good,Excellent,Good,Poor,1
2026-06-29,legacy_hr_system,employees.csv,2061,2061,Alexander,Silva,D003,IT,Contractor,,2465.78,4792.19,30-87654321-0,Beta Consulting,Good,Poor,Good,Good,Poor,0
2026-06-29,legacy_hr_system,employees.csv,2062,2062,Thiago Benjamin,Ramirez,D003,IT,Permanent,114380.13,,,,,Excellent,Excellent,Good,Good,Good,0
2026-06-29,legacy_hr_system,employees.csv,2063,2063,Santino,Rodriguez,D001,Finance,Permanent,52853.06,,,,,Good,Good,Excellent,Poor,Excellent,0
2026-06-29,legacy_hr_system,employees.csv,2064,2064,Juana,Leiva,D001,Finance,Permanent,56379.0,,,,,Good,Good,Fair,Excellent,Good,0
2026-06-29,legacy_hr_system,employees.csv,2065,2065,Benjamin Ezequiel,Campos,D001,Finance,Contractor,,2514.51,4957.69,30-12345678-9,Alpha Consulting,Fair,Excellent,Excellent,Excellent,Fair,1
2026-06-29,legacy_hr_system,employees.csv,2066,2066,Thiago Lionel,Correa,D001,Finance,Contractor,,802.0,4000.27,30-12345678-9,Alpha Consulting,Excellent,Fair,Fair,Good,Good,0
2026-06-29,legacy_hr_system,employees.csv,2067,2067,Dante,Ledesma,D002,Human Resources,Permanent,104212.56,,,,,Excellent,Fair,Good,Good,Fair,1
2026-06-29,legacy_hr_system,employees.csv,2068,2068,Lucía ,Ortiz,D001,Finance,Contractor,,16442.68,4114.98,30-12345678-9,Alpha Consulting,Fair,Good,Excellent,Poor,Fair,1
2026-06-29,legacy_hr_system,employees.csv,2069,2069,Milo,Navarro,D003,IT,Contractor,,3306.39,4641.26,30-12345678-9,Alpha Consulting,Excellent,Fair,Fair,Good,Excellent,0
2026-06-29,legacy_hr_system,employees.csv,2070,2070,Thiago Daniel,Medina,D003,IT,Permanent,56083.01,,,,,Fair,Excellent,Fair,Poor,Good,0
2026-06-29,legacy_hr_system,employees.csv,2071,2071,Malena,Nuñez,D003,IT,Permanent,143046.22,,,,,Fair,Good,Good,Excellent,Fair,0
2026-06-29,legacy_hr_system,employees.csv,2072,2072,Martina,Gomez,D004,Sales,Contractor,,3172.32,5008.27,30-87654321-0,Beta Consulting,Good,Good,Poor,Fair,Good,0
2026-06-29,legacy_hr_system,employees.csv,2073,2073,Bautista,Godoy,D001,Finance,Contractor,,6140.99,2415.89,30-12345678-9,Alpha Consulting,Excellent,Poor,Good,Good,Good,0
2026-06-29,legacy_hr_system,employees.csv,2074,2074,Priscila,Peralta,D001,Finance,Permanent,171740.9,,,,,Fair,Excellent,Good,Excellent,Excellent,0
2026-06-29,legacy_hr_system,employees.csv,2075,2075,Francisco,Sanchez,D001,Finance,Permanent,111376.57,,,,,Good,Fair,Excellent,Good,Good,1
2026-06-29,legacy_hr_system,employees.csv,2076,2076,Ivan,Gutierrez,D002,Human Resources,Contractor,,3229.86,4454.49,30-11223344-5,Gamma Consulting,Fair,Good,Excellent,Good,Good,0
2026-06-29,legacy_hr_system,employees.csv,2077,2077,Benjamin,Miranda,D003,IT,Contractor,,2660.61,3930.17,30-11223344-5,Gamma Consulting,Excellent,Good,Excellent,Excellent,Poor,0
2026-06-29,legacy_hr_system,employees.csv,2078,2078,Valentina,Gomez,D005,Operations,Permanent,129885.26,,,,,Excellent,Good,Poor,Poor,Good,0
2026-06-29,legacy_hr_system,employees.csv,2079,2079,Felicitas,Paz,D004,Sales,Contractor,,1786.26,5250.58,30-99887766-1,Delta Consulting,Good,Fair,Fair,Poor,Good,0
2026-06-29,legacy_hr_system,employees.csv,2080,2080,Bautista,Soria,D002,Human Resources,Contractor,,2667.04,3369.93,30-87654321-0,Beta Consulting,Good,Good,Good,Good,Poor,0
2026-06-29,legacy_hr_system,employees.csv,2081,2081,Agustin,Sosa,D002,Human Resources,Permanent,106499.61,,,,,Good,Good,Fair,Fair,Good,0
2026-06-29,legacy_hr_system,employees.csv,2082,2082,Luciano Benjamin,Perez,D002,Human Resources,Contractor,,4005.72,3964.66,30-12345678-9,Alpha Consulting,Excellent,Good,Good,Good,Fair,0
2026-06-29,legacy_hr_system,employees.csv,2083,2083,Abigail,Castillo,D001,Finance,Permanent,130753.61,,,,,Good,Good,Good,Good,Good,0
2026-06-29,legacy_hr_system,employees.csv,2084,2084,Nahuel,Aguirre,D002,Human Resources,Contractor,,2415.23,5257.92,30-11223344-5,Gamma Consulting,Good,Excellent,Excellent,Fair,Good,0
2026-06-29,legacy_hr_system,employees.csv,2085,2085,Sofia,Ponce,D004,Sales,Contractor,,3548.41,6348.61,30-12345678-9,Alpha Consulting,Good,Excellent,Fair,Good,Poor,0
2026-06-29,legacy_hr_system,employees.csv,2086,2086,Luna,Diaz,D002,Human Resources,Permanent,114733.08,,,,,Fair,Excellent,Good,Good,Fair,0
2026-06-29,legacy_hr_system,employees.csv,2087,2087,Sofia,Martinez,D001,Finance,Permanent,140059.64,,,,,Good,Poor,Poor,Good,Fair,1
2026-06-29,legacy_hr_system,employees.csv,2088,2088,Ana Paula,Fernandez,D005,Operations,Contractor,,3078.45,5795.87,30-99887766-1,Delta Consulting,Good,Good,Excellent,Excellent,Fair,0
2026-06-29,legacy_hr_system,employees.csv,2089,2089,Santino,Ayala,D003,IT,Permanent,98435.03,,,,,Excellent,Poor,Good,Good,Fair,0
2026-06-29,legacy_hr_system,employees.csv,2090,2090,Amparo,Dominguez,D002,Human Resources,Permanent,142350.16,,,,,Good,Excellent,Good,Poor,Fair,0
2026-06-29,legacy_hr_system,employees.csv,2091,2091,Mora,Coronel,D002,Human Resources,Permanent,114159.08,,,,,Good,Excellent,Good,Excellent,Fair,0
2026-06-29,legacy_hr_system,employees.csv,2092,2092,Juan Pablo,Gonzalez,D002,Human Resources,Permanent,118074.35,,,,,Fair,Excellent,Good,Good,Good,0
2026-06-29,legacy_hr_system,employees.csv,2093,2093,Jazmin,Rios,D005,Operations,Contractor,,3073.4,4752.24,30-99887766-1,Delta Consulting,Fair,Good,Good,Good,Fair,0
2026-06-29,legacy_hr_system,employees.csv,2094,2094,Morena,Velazquez,D002,Human Resources,Permanent,116513.13,,,,,Good,Good,Fair,Fair,Good,0
2026-06-29,legacy_hr_system,employees.csv,2095,2095,Alfonsina,Aguero,D004,Sales,Permanent,126441.4,,,,,Good,Good,Good,Fair,Fair,0
2026-06-29,legacy_hr_system,employees.csv,2096,2096,Morena,Velazquez,D002,Human Resources,Permanent,167343.54,,,,,Fair,Good,Fair,Excellent,Poor,0
2026-06-29,legacy_hr_system,employees.csv,2097,2097,Santino Gabriel,Garcia,D002,Human Resources,Permanent,149563.49,,,,,Good,Fair,Fair,Good,Poor,0
2026-06-29,legacy_hr_system,employees.csv,2098,2098,Delfina,Silva,D001,Finance,Contractor,,3695.32,4044.46,30-87654321-0,Beta Consulting,Excellent,Fair,Excellent,Excellent,Good,0
2026-06-29,legacy_hr_system,employees.csv,2099,2099,Isabella,Figueroa,D005,Operations,Permanent,93322.78,,,,,Poor,Poor,Excellent,Poor,Excellent,0
2026-06-29,legacy_hr_system,employees.csv,2100,2100,Jazmin,Rojas,D003,IT,Permanent,148659.02,,,,,Good,Good,Excellent,Fair,Good,0
2026-06-29,legacy_hr_system,employees.csv,2101,2101,Juan Bautista,Ruiz,D004,Sales,Contractor,,3700.84,5972.67,30-11223344-5,Gamma Consulting,Good,Fair,Fair,Good,Fair,0
2026-06-29,legacy_hr_system,employees.csv,2102,2102,Ramiro,Lopez,D002,Human Resources,Permanent,101880.58,,,,,Good,Excellent,Poor,Good,Good,0
2026-06-29,legacy_hr_system,employees.csv,2103,2103,Maria Belen,Quiroga,D004,Sales,Permanent,113113.54,,,,,Fair,Excellent,Fair,Good,Fair,0
2026-06-29,legacy_hr_system,employees.csv,2104,2104,Malena,Ledesma,D002,Human Resources,Permanent,70815.48,,,,,Good,Fair,Good,Good,Excellent,1
2026-06-29,legacy_hr_system,employees.csv,2105,2105,Benjamin,Diaz,D001,Finance,Permanent,108225.87,,,,,Fair,Good,Fair,Good,Good,1
2026-06-29,legacy_hr_system,employees.csv,2106,2106,Clara,Romero,D001,Finance,Contractor,,3797.26,4033.5,30-87654321-0,Beta Consulting,Excellent,Excellent,Excellent,Excellent,Good,0
2026-06-29,legacy_hr_system,employees.csv,2107,2107,Mora,Perez,D001,Finance,Permanent,139214.39,,,,,Good,Good,Fair,Excellent,Fair,0
2026-06-29,legacy_hr_system,employees.csv,2108,2108,Manuel,Martinez,D001,Finance,Contractor,,2847.6,4824.06,30-12345678-9,Alpha Consulting,Good,Fair,Fair,Fair,Excellent,0
2026-06-29,legacy_hr_system,employees.csv,2109,2109,Agustin,Cabrera,D002,Human Resources,Permanent,85569.26,,,,,Excellent,Fair,Poor,Good,Excellent,0
2026-06-29,legacy_hr_system,employees.csv,2110,2110,Guadalupe,Aguirre,D004,Sales,Permanent,122556.28,,,,,Good,Fair,Fair,Poor,Good,0
2026-06-29,legacy_hr_system,employees.csv,2111,2111,Sofia,Quiroga,D001,Finance,Permanent,30265.92,,,,,Fair,Poor,Excellent,Good,Good,0
2026-06-29,legacy_hr_system,employees.csv,2112,2112,Thiago,Roldan,D003,IT,Permanent,114393.12,,,,,Fair,Fair,Good,Excellent,Poor,0
2026-06-29,legacy_hr_system,employees.csv,2113,2113,Victoria,Lopez,D002,Human Resources,Contractor,,1695.62,5705.99,30-87654321-0,Beta Consulting,Fair,Good,Good,Good,Good,0
2026-06-29,legacy_hr_system,employees.csv,2114,2114,Valentino,Silva,D002,Human Resources,Permanent,143322.22,,,,,Excellent,Excellent,Fair,Excellent,Good,0
2026-06-29,legacy_hr_system,employees.csv,2115,2115,Francisco,Gomez,D002,Human Resources,Contractor,,3373.34,6021.01,30-87654321-0,Beta Consulting,Poor,Fair,Poor,Good,Good,0
2026-06-29,legacy_hr_system,employees.csv,2116,2116,Victoria,Martinez,D001,Finance,Contractor,,2240.87,6247.36,30-12345678-9,Alpha Consulting,Good,Good,Poor,Poor,Good,0
2026-06-29,legacy_hr_system,employees.csv,2117,2117,Lorenzo,Alvarez,D004,Sales,Permanent,147965.75,,,,,Good,Good,Fair,Excellent,Good,0
2026-06-29,legacy_hr_system,employees.csv,2118,2118,Felipe,Campos,D003,IT,Permanent,112903.34,,,,,Good,Fair,Fair,Fair,Poor,0
2026-06-29,legacy_hr_system,employees.csv,2119,2119,Felipe,Cordoba,D004,Sales,Contractor,,3908.5,3393.71,30-87654321-0,Beta Consulting,Fair,Good,Good,Good,Good,1
2026-06-29,legacy_hr_system,employees.csv,2120,2120,Joaquin,Gimenez,D001,Finance,Contractor,,2340.39,3891.41,30-87654321-0,Beta Consulting,Excellent,Fair,Good,Good,Good,0
2026-06-29,legacy_hr_system,employees.csv,2121,2121,Jeronimo,Roldan,D003,IT,Permanent,104130.67,,,,,Good,Fair,Poor,Good,Good,0
2026-06-29,legacy_hr_system,employees.csv,2122,2122,Agustina,Muñoz,D004,Sales,Permanent,88303.27,,,,,Fair,Fair,Poor,Fair,Poor,1
2026-06-29,legacy_hr_system,employees.csv,2123,2123,Martín,Garcia,D003,IT,Contractor,,3978.47,4241.15,30-11223344-5,Gamma Consulting,Poor,Good,Good,Poor,Good,0
2026-06-29,legacy_hr_system,employees.csv,2124,2124,Lucas,Ortiz,D005,Operations,Contractor,,3282.0,3929.65,30-99887766-1,Delta Consulting,Poor,Excellent,Good,Good,Excellent,0
2026-06-29,legacy_hr_system,employees.csv,2125,2125,Camila,Ledesma,D003,IT,Permanent,65381.9,,,,,Good,Excellent,Good,Fair,Good,1
2026-06-29,legacy_hr_system,employees.csv,2126,2126,Isabella,Correa,D005,Operations,Permanent,128101.72,,,,,Good,Fair,Good,Good,Poor,0
2026-06-29,legacy_hr_system,employees.csv,2127,2127,Agustin,Morales,D004,Sales,Permanent,62632.35,,,,,Good,Excellent,Poor,Excellent,Fair,0
2026-06-29,legacy_hr_system,employees.csv,2128,2128,Tomàs,Romero,D002,Human Resources,Permanent,117940.98,,,,,Fair,Poor,Good,Good,Poor,0
2026-06-29,legacy_hr_system,employees.csv,2129,2129,Benicio,Castro,D003,IT,Unknown,,1905.35,6487.28,30-87654321-0,Beta Consulting,Good,Fair,Poor,Fair,Good,0
2026-06-29,legacy_hr_system,employees.csv,2130,2130,Isabel,Perez,D003,IT,Permanent,147340.88,,,,,Fair,Good,Good,Good,Good,0
2026-06-29,legacy_hr_system,employees.csv,2131,2131,Benjamin,Gomez,D001,Finance,Permanent,123172.61,,,,,Good,Fair,Good,Good,Good,0
2026-06-29,legacy_hr_system,employees.csv,2132,2132,Joaquina,Soto,D001,Finance,Permanent,157911.2,,,,,Fair,Good,Poor,Good,Good,0
2026-06-29,legacy_hr_system,employees.csv,2133,2133,Sofia,Silva,D003,IT,Contractor,,2322.95,5043.48,30-87654321-0,Beta Consulting,Good,Poor,Fair,Good,Fair,0
2026-06-29,legacy_hr_system,employees.csv,2134,2134,Lara,Lopez,D004,Sales,Permanent,125994.31,,,,,Good,Good,Excellent,Good,Fair,0
2026-06-29,legacy_hr_system,employees.csv,2135,2135,Fausto,Sosa,D005,Operations,Permanent,127920.6,,,,,Good,Fair,Excellent,Poor,Good,0
2026-06-29,legacy_hr_system,employees.csv,2136,2136,Felicitas,Suarez,D004,Sales,Permanent,158170.61,,,,,Good,Excellent,Good,Excellent,Poor,0
2026-06-29,legacy_hr_system,employees.csv,2137,2137,Abril,Paez,D001,Finance,Contractor,,,4788.72,30-11223344-5,Gamma Consulting,Fair,Fair,Poor,Excellent,Poor,0
2026-06-29,legacy_hr_system,employees.csv,2138,2138,Olivia,Garcia,D005,Operations,Contractor,,1676.09,3539.95,30-12345678-9,Alpha Consulting,Excellent,Poor,Good,Good,Fair,0
2026-06-29,legacy_hr_system,employees.csv,2139,2139,Agustín,Fernandez,D002,Human Resources,Permanent,116318.73,,,,,Good,Poor,Excellent,Excellent,Good,1
2026-06-29,legacy_hr_system,employees.csv,2140,2140,Mateo,Cordoba,D001,Finance,Contractor,,12298.8,3369.8,30-87654321-0,Beta Consulting,Fair,Good,Good,Excellent,Poor,1
2026-06-29,legacy_hr_system,employees.csv,2141,2141,Alma,Morales,D002,Human Resources,Permanent,192350.3,,,,,Good,Good,Fair,Good,Good,1
2026-06-29,legacy_hr_system,employees.csv,2142,2142,Franco,Farias,D001,Finance,Contractor,,4213.12,5102.12,30-87654321-0,Beta Consulting,Good,Good,Good,Good,Excellent,0
2026-06-29,legacy_hr_system,employees.csv,2143,2143,Bautista,Lopez,D005,Operations,Permanent,122161.11,,,,,Fair,Good,Good,Good,Excellent,0
2026-06-29,legacy_hr_system,employees.csv,2144,2144,Francisco,Sanchez,D004,Sales,Permanent,113633.73,,,,,Good,Fair,Good,Excellent,Good,1
2026-06-29,legacy_hr_system,employees.csv,2145,2145,Juana,Perez,D002,Human Resources,Contractor,,2238.47,4577.48,30-87654321-0,Beta Consulting,Excellent,Good,Excellent,Good,Excellent,0
2026-06-29,legacy_hr_system,employees.csv,2146,2146,Mia Valentina,Perez,D001,Finance,Permanent,127732.58,,,,,Good,Good,Good,Good,Poor,0
2026-06-29,legacy_hr_system,employees.csv,2147,2147,Tomàs,Guzman,D002,Human Resources,Contractor,,2006.59,4834.18,30-87654321-0,Beta Consulting,Good,Excellent,Good,Excellent,Excellent,0
2026-06-29,legacy_hr_system,employees.csv,2148,2148,Guadalupe,Nuñez,D005,Operations,Permanent,115342.23,,,,,Poor,Good,Good,Excellent,Excellent,0
2026-06-29,legacy_hr_system,employees.csv,2149,2149,Lucía ,Ramirez,D004,Sales,Contractor,,1473.75,3639.61,30-11223344-5,Gamma Consulting,Good,Good,Good,Good,Good,0
2026-06-29,legacy_hr_system,employees.csv,2150,2150,Joaquin,Gonzalez,D002,Human Resources,Permanent,107591.83,,,,,Poor,Good,Good,Excellent,Poor,1
2026-06-29,legacy_hr_system,employees.csv,2151,2151,Ian Benjamin,Dominguez,D005,Operations,Permanent,176630.63,,,,,Excellent,Good,Good,Excellent,Good,0
2026-06-29,legacy_hr_system,employees.csv,2152,2152,Nahiara Jazmin,Quiroga,D005,Operations,Permanent,136696.59,,,,,Fair,Poor,Good,Excellent,Fair,0
2026-06-29,legacy_hr_system,employees.csv,2153,2153,Bautista,Lopez,D001,Finance,Permanent,79935.55,,,,,Fair,Good,Poor,Good,Good,1
2026-06-29,legacy_hr_system,employees.csv,2154,2154,Santino,Rodriguez,D002,Human Resources,Contractor,,3388.83,2952.7,30-99887766-1,Delta Consulting,Fair,Good,Fair,Excellent,Excellent,0
2026-06-29,legacy_hr_system,employees.csv,2155,2155,Emiliano,Molina,D004,Sales,Permanent,152480.73,,,,,Fair,Excellent,Good,Good,Good,0
2026-06-29,legacy_hr_system,employees.csv,2156,2156,Benjamin,Ruiz,D001,Finance,Contractor,,2623.1,4406.36,30-11223344-5,Gamma Consulting,Excellent,Fair,Excellent,Fair,Excellent,0
2026-06-29,legacy_hr_system,employees.csv,2157,2157,Bautista Benjamin,Rodriguez,D005,Operations,Contractor,,4060.64,3212.84,30-99887766-1,Delta Consulting,Good,Fair,Good,Good,Excellent,0
2026-06-29,legacy_hr_system,employees.csv,2158,2158,Thiago Benjamin,Fernandez,D004,Sales,Permanent,78086.45,,,,,Good,Good,Fair,Poor,Good,0
2026-06-29,legacy_hr_system,employees.csv,2159,2159,Ambar,Cruz,D004,Sales,Contractor,,2533.12,5538.38,30-11223344-5,Gamma Consulting,Excellent,Good,Poor,Good,Good,0
2026-06-29,legacy_hr_system,employees.csv,2160,2160,Josefina,Martinez,D001,Finance,Permanent,74419.62,,,,,Good,Poor,Good,Good,Good,0
2026-06-29,legacy_hr_system,employees.csv,2161,2161,Emilia,Morales,D001,Finance,Permanent,35035.33,,,,,Excellent,Excellent,Good,Good,Excellent,0
2026-06-29,legacy_hr_system,employees.csv,2162,2162,Valentino,Mansilla,D005,Operations,Contractor,,2639.07,5051.74,30-99887766-1,Delta Consulting,Excellent,Fair,Excellent,Good,Poor,0
2026-06-29,legacy_hr_system,employees.csv,2163,2163,Martina,Dominguez,D004,Sales,Contractor,,3960.21,4036.84,30-99887766-1,Delta Consulting,Good,Good,Good,Excellent,Poor,0
2026-06-29,legacy_hr_system,employees.csv,2164,2164,Candela,Romero,D001,Finance,Permanent,107657.2,,,,,Good,Good,Excellent,Good,Fair,0
2026-06-29,legacy_hr_system,employees.csv,2165,2165,Agustin,Bravo,D004,Sales,Contractor,,3923.12,2630.26,30-12345678-9,Alpha Consulting,Good,Good,Good,Good,Good,0
2026-06-29,legacy_hr_system,employees.csv,2166,2166,Juan Pablo,Perez,D004,Sales,Permanent,108344.38,,,,,Fair,Poor,Poor,Good,Poor,0
2026-06-29,legacy_hr_system,employees.csv,2167,2167,Tomàs,Martin,D003,IT,Permanent,125712.72,,,,,Good,Good,Good,Good,Excellent,0
2026-06-29,legacy_hr_system,employees.csv,2168,2168,Genaro,Lopez,D005,Operations,Contractor,,3359.37,3990.19,30-87654321-0,Beta Consulting,Good,Excellent,Excellent,Good,Good,0
2026-06-29,legacy_hr_system,employees.csv,2169,2169,Matias,Morales,D003,IT,Permanent,121033.23,,,,,Good,Poor,Good,Good,Poor,0
2026-06-29,legacy_hr_system,employees.csv,2170,2170,Juan Manuel,Ortiz,D001,Finance,Permanent,45350.18,,,,,Good,Good,Good,Good,Good,0
2026-06-29,legacy_hr_system,employees.csv,2171,2171,Bruno,Godoy,D004,Sales,Permanent,100252.55,,,,,Good,Good,Good,Poor,Good,0
2026-06-29,legacy_hr_system,employees.csv,2172,2172,Josefina,Sosa,D003,IT,Permanent,133605.26,,,,,Poor,Good,Good,Excellent,Good,0
2026-06-29,legacy_hr_system,employees.csv,2173,2173,Juan Pablo,Cordoba,D002,Human Resources,Permanent,90531.18,,,,,Excellent,Fair,Poor,Good,Good,1
2026-06-29,legacy_hr_system,employees.csv,2174,2174,Simon,Torres,D004,Sales,Permanent,121769.53,,,,,Fair,Good,Good,Good,Good,0
2026-06-29,legacy_hr_system,employees.csv,2175,2175,Thiago Benjamin,Sanchez,D001,Finance,Contractor,,3357.5,4157.45,30-99887766-1,Delta Consulting,Fair,Excellent,Good,Excellent,Excellent,0
2026-06-29,legacy_hr_system,employees.csv,2176,2176,Benjamin,Maldonado,D002,Human Resources,Permanent,125113.91,,,,,Good,Excellent,Good,Good,Good,0
2026-06-29,legacy_hr_system,employees.csv,2177,2177,Thiago Leonel,Romero,D005,Operations,Contractor,,2229.81,4293.39,30-99887766-1,Delta Consulting,Good,Good,Good,Good,Poor,0
2026-06-29,legacy_hr_system,employees.csv,2178,2178,Valentin,Gonzalez,D003,IT,Contractor,,3488.17,4656.97,30-11223344-5,Gamma Consulting,Fair,Fair,Fair,Good,Excellent,0
2026-06-29,legacy_hr_system,employees.csv,2179,2179,Mateo Valentin,Leiva,D005,Operations,Permanent,102404.06,,,,,Fair,Good,Fair,Fair,Good,0
2026-06-29,legacy_hr_system,employees.csv,2180,2180,Jazmin,Gonzalez,D002,Human Resources,Permanent,126726.49,,,,,Good,Good,Excellent,Fair,Fair,0
2026-06-29,legacy_hr_system,employees.csv,2181,2181,Lorenzo,Garcia,D002,Human Resources,Permanent,141438.29,,,,,Excellent,Good,Good,Good,Good,1
2026-06-29,legacy_hr_system,employees.csv,2182,2182,Francisco,Gonzalez,D005,Operations,Contractor,,1360.05,5659.07,30-11223344-5,Gamma Consulting,Excellent,Excellent,Poor,Poor,Fair,0
2026-06-29,legacy_hr_system,employees.csv,2183,2183,Thiago,Ramirez,D001,Finance,Contractor,,2731.0,4925.49,30-12345678-9,Alpha Consulting,Fair,Fair,Good,Good,Fair,0
2026-06-29,legacy_hr_system,employees.csv,2184,2184,Lucas,Ruiz,D003,IT,Contractor,,3957.8,3128.33,30-99887766-1,Delta Consulting,Good,Good,Good,Fair,Excellent,0
2026-06-29,legacy_hr_system,employees.csv,2185,2185,Mateo,Ponce,D001,Finance,Permanent,98716.77,,,,,Good,Fair,Good,Excellent,Fair,0
2026-06-29,legacy_hr_system,employees.csv,2186,2186,Francesca,Alvarez,D001,Finance,Contractor,,2769.16,3716.25,30-87654321-0,Beta Consulting,Fair,Fair,Excellent,Fair,Good,0
2026-06-29,legacy_hr_system,employees.csv,2187,2187,Thiago Benjamin,Flores,D003,IT,Contractor,,4387.95,3643.23,30-11223344-5,Gamma Consulting,Good,Good,Excellent,Good,Good,0
2026-06-29,legacy_hr_system,employees.csv,2188,2188,Emma,Coronel,D001,Finance,Permanent,103333.6,,,,,Good,Fair,Poor,Good,Poor,0
2026-06-29,legacy_hr_system,employees.csv,2189,2189,Nahuel,Cordoba,D003,IT,Permanent,126131.67,,,,,Excellent,Good,Good,Good,Excellent,1
2026-06-29,legacy_hr_system,employees.csv,2190,2190,Ramiro,Garcia,D005,Operations,Permanent,83935.51,,,,,Fair,Good,Excellent,Fair,Excellent,0
2026-06-29,legacy_hr_system,employees.csv,2191,2191,Maria Emilia,Correa,D002,Human Resources,Permanent,108129.58,,,,,Good,Good,Good,Good,Good,0
2026-06-29,legacy_hr_system,employees.csv,2192,2192,Renata,Roldan,D003,IT,Permanent,129523.6,,,,,Good,Good,Good,Good,Fair,0
2026-06-29,legacy_hr_system,employees.csv,2193,2193,Joaquin,Garcia,D005,Operations,Contractor,,2733.71,4406.61,30-12345678-9,Alpha Consulting,Good,Poor,Poor,Good,Fair,0
2026-06-29,legacy_hr_system,employees.csv,2194,2194,Luca,Rios,D003,IT,Permanent,104120.04,,,,,Good,Excellent,Fair,Good,Good,1
2026-06-29,legacy_hr_system,employees.csv,2195,2195,Victoria,Rios,D004,Sales,Contractor,,1788.42,4821.59,30-12345678-9,Alpha Consulting,Good,Excellent,Excellent,Good,Good,0
2026-06-29,legacy_hr_system,employees.csv,2196,2196,Santiago,Gonzalez,D005,Operations,Contractor,,4403.95,4518.4,30-11223344-5,Gamma Consulting,Poor,Excellent,Fair,Good,Good,0
2026-06-29,legacy_hr_system,employees.csv,2197,2197,Isabella,Rojas,D002,Human Resources,Permanent,126757.92,,,,,Good,Fair,Poor,Excellent,Good,0
2026-06-29,legacy_hr_system,employees.csv,2198,2198,Santiago,Gomez,D002,Human Resources,Contractor,,3554.18,3230.67,30-87654321-0,Beta Consulting,Excellent,Excellent,Good,Good,Excellent,0
2026-06-29,legacy_hr_system,employees.csv,2199,2199,Thiago Benjamin,Vera,D001,Finance,Permanent,171075.44,,,,,Good,Good,Good,Excellent,Good,0
2026-06-29,legacy_hr_system,employees.csv,2200,2200,Ian Benjamin,Martinez,D004,Sales,Contractor,,3161.86,6131.86,30-11223344-5,Gamma Consulting,Poor,Excellent,Fair,Excellent,Good,0
2026-06-29,legacy_hr_system,employees.csv,2201,2201,Felipe,Aguirre,D003,IT,Permanent,98009.01,,,,,Fair,Excellent,Good,Good,Excellent,1
2026-06-29,legacy_hr_system,employees.csv,2202,2202,Alma,Sanchez,D002,Human Resources,Contractor,,4454.45,5275.16,30-11223344-5,Gamma Consulting,Fair,Excellent,Excellent,Good,Poor,0
2026-06-29,legacy_hr_system,employees.csv,2203,2203,Juan,Franco,D001,Finance,Permanent,136591.2,,,,,Good,Excellent,Poor,Good,Fair,1
2026-06-29,legacy_hr_system,employees.csv,2204,2204,Malena,Arias,D001,Finance,Permanent,127020.73,,,,,Fair,Poor,Good,Excellent,Excellent,0
2026-06-29,legacy_hr_system,employees.csv,2205,2205,Ignacio,Mansilla,D004,Sales,Contractor,,2801.18,5700.53,30-99887766-1,Delta Consulting,Poor,Good,Fair,Good,Fair,0
2026-06-29,legacy_hr_system,employees.csv,2206,2206,Oriana,Rodriguez,D004,Sales,Contractor,,3112.29,2532.93,30-99887766-1,Delta Consulting,Good,Good,Excellent,Fair,Good,1
2026-06-29,legacy_hr_system,employees.csv,2207,2207,Octavio,Rodriguez,D003,IT,Permanent,86484.41,,,,,Good,Good,Good,Poor,Excellent,0
2026-06-29,legacy_hr_system,employees.csv,2208,2208,Valentin,Lopez,D002,Human Resources,Permanent,114424.63,,,,,Fair,Excellent,Excellent,Good,Fair,0
2026-06-29,legacy_hr_system,employees.csv,2209,2209,Maite,Maldonado,D003,IT,Permanent,129299.97,,,,,Fair,Good,Good,Good,Fair,1
2026-06-29,legacy_hr_system,employees.csv,2210,2210,Milena,Gomez,D004,Sales,Permanent,118302.35,,,,,Excellent,Good,Poor,Fair,Excellent,0
2026-06-29,legacy_hr_system,employees.csv,2211,2211,Camilo,Martinez,D001,Finance,Permanent,156569.12,,,,,Good,Good,Good,Good,Good,0
2026-06-29,legacy_hr_system,employees.csv,2212,2212,Milo,Acosta,D005,Operations,Permanent,61466.94,,,,,Poor,Poor,Excellent,Fair,Fair,0
2026-06-29,legacy_hr_system,employees.csv,2213,2213,Tiziano Benjamin,Gonzalez,D001,Finance,Contractor,,3114.87,2682.02,30-87654321-0,Beta Consulting,Good,Good,Good,Good,Good,0
2026-06-29,legacy_hr_system,employees.csv,2214,2214,Malena,Vazquez,D005,Operations,Permanent,142791.37,,,,,Fair,Fair,Good,Excellent,Excellent,0
2026-06-29,legacy_hr_system,employees.csv,2215,2215,Maximo,Chavez,D004,Sales,Contractor,,2924.43,4919.61,30-87654321-0,Beta Consulting,Good,Good,Excellent,Good,Good,0
2026-06-29,legacy_hr_system,employees.csv,2216,2216,Agustin,Castillo,D004,Sales,Permanent,94083.51,,,,,Good,Good,Good,Fair,Good,1
2026-06-29,legacy_hr_system,employees.csv,2217,2217,Josefina,Sanchez,D002,Human Resources,Contractor,,4023.57,5541.72,30-12345678-9,Alpha Consulting,Good,Fair,Good,Good,Good,1
2026-06-29,legacy_hr_system,employees.csv,2218,2218,Agustín,Gonzalez,D001,Finance,Permanent,137506.33,,,,,Fair,Good,Good,Poor,Excellent,0
2026-06-29,legacy_hr_system,employees.csv,2219,2219,Maria Luz,Gutierrez,D002,Human Resources,Permanent,116114.48,,,,,Good,Good,Fair,Good,Excellent,0
2026-06-29,legacy_hr_system,employees.csv,2220,2220,Valentina,Godoy,D003,IT,Permanent,137395.72,,,,,Good,Good,Good,Poor,Good,0
2026-06-29,legacy_hr_system,employees.csv,2221,2221,Sofia,Paez,D002,Human Resources,Permanent,98793.22,,,,,Fair,Fair,Good,Good,Good,0
2026-06-29,legacy_hr_system,employees.csv,2222,2222,Santino Ezequiel,Diaz,D003,IT,Contractor,,3684.44,6149.48,30-87654321-0,Beta Consulting,Poor,Good,Excellent,Excellent,Good,0
2026-06-29,legacy_hr_system,employees.csv,2223,2223,Santino,Godoy,D002,Human Resources,Contractor,,3856.49,3770.4,30-87654321-0,Beta Consulting,Excellent,Good,Fair,Excellent,Good,0
2026-06-29,legacy_hr_system,employees.csv,2224,2224,Juan Cruz,Lopez,D003,IT,Contractor,,3289.13,3206.86,30-99887766-1,Delta Consulting,Good,Excellent,Good,Fair,Fair,0
2026-06-29,legacy_hr_system,employees.csv,2225,2225,Victoria,Gomez,D004,Sales,Permanent,137171.71,,,,,Good,Fair,Good,Excellent,Good,0
2026-06-29,legacy_hr_system,employees.csv,2226,2226,Francesco,Gonzalez,D002,Human Resources,Permanent,133518.1,,,,,Good,Good,Good,Good,Good,0
2026-06-29,legacy_hr_system,employees.csv,2227,2227,Martina,Vargas,D001,Finance,Permanent,63905.51,,,,,Fair,Good,Good,Fair,Excellent,0
2026-06-29,legacy_hr_system,employees.csv,2228,2228,Agustin,Luna,D002,Human Resources,Contractor,,2070.57,4216.86,30-87654321-0,Beta Consulting,Excellent,Good,Excellent,Excellent,Poor,0
2026-06-29,legacy_hr_system,employees.csv,2229,2229,Thiago,Gomez,D001,Finance,Permanent,110974.21,,,,,Good,Good,Fair,Fair,Good,0
2026-06-29,legacy_hr_system,employees.csv,2230,2230,Mateo,Gomez,D005,Operations,Permanent,83715.69,,,,,Good,Good,Fair,Excellent,Good,0
2026-06-29,legacy_hr_system,employees.csv,2231,2231,Ana Paula,Soria,D003,IT,Permanent,131669.36,,,,,Excellent,Good,Good,Excellent,Fair,0
2026-06-29,legacy_hr_system,employees.csv,2232,2232,Máximo,Morales,D004,Sales,Permanent,127544.21,,,,,Poor,Poor,Good,Good,Good,1
2026-06-29,legacy_hr_system,employees.csv,2233,2233,Isabella,Moreno,D005,Operations,Permanent,114171.93,,,,,Fair,Good,Good,Poor,Good,0
2026-06-29,legacy_hr_system,employees.csv,2234,2234,Constanza,Arias,D001,Finance,Permanent,97326.25,,,,,Fair,Good,Good,Excellent,Excellent,1
2026-06-29,legacy_hr_system,employees.csv,2235,2235,Juan Ignacio,Martinez,D002,Human Resources,Permanent,151461.21,,,,,Excellent,Excellent,Good,Excellent,Excellent,0
2026-06-29,legacy_hr_system,employees.csv,2236,2236,Lautaro Gabriel,Caceres,D002,Human Resources,Contractor,,4324.33,4016.44,30-12345678-9,Alpha Consulting,Good,Good,Good,Fair,Fair,0
2026-06-29,legacy_hr_system,employees.csv,2237,2237,Matilda,Cordoba,D001,Finance,Permanent,101634.99,,,,,Fair,Good,Fair,Good,Good,1
2026-06-29,legacy_hr_system,employees.csv,2238,2238,Simon,Lopez,D003,IT,Permanent,134736.23,,,,,Good,Good,Good,Excellent,Fair,0
2026-06-29,legacy_hr_system,employees.csv,2239,2239,Luciano,Sosa,D002,Human Resources,Unknown,,2713.58,4360.6,30-99887766-1,Delta Consulting,Good,Fair,Fair,Fair,Excellent,0
2026-06-29,legacy_hr_system,employees.csv,2240,2240,Valentino,Mendoza,D002,Human Resources,Contractor,,3591.72,2590.64,30-11223344-5,Gamma Consulting,Excellent,Good,Fair,Excellent,Good,0
2026-06-29,legacy_hr_system,employees.csv,2241,2241,Pilar,Benitez,D002,Human Resources,Permanent,159549.07,,,,,Fair,Fair,Good,Excellent,Good,0
2026-06-29,legacy_hr_system,employees.csv,2242,2242,Juana,Quiroga,D004,Sales,Contractor,,3058.14,4088.51,30-87654321-0,Beta Consulting,Good,Good,Good,Excellent,Good,0
2026-06-29,legacy_hr_system,employees.csv,2243,2243,Santiago,Lopez,D002,Human Resources,Contractor,,2928.61,4462.43,30-99887766-1,Delta Consulting,Poor,Fair,Excellent,Good,Fair,1
2026-06-29,legacy_hr_system,employees.csv,2244,2244,Lautaro,Ponce,D005,Operations,Contractor,,1615.04,5994.94,30-99887766-1,Delta Consulting,Good,Fair,Good,Fair,Good,0
2026-06-29,legacy_hr_system,employees.csv,2245,2245,Victoria,Rivero,D005,Operations,Permanent,121239.77,,,,,Excellent,Good,Good,Fair,Fair,0
2026-06-29,legacy_hr_system,employees.csv,2246,2246,Uma ,Castro,D004,Sales,Permanent,133290.06,,,,,Good,Good,Poor,Excellent,Poor,0
2026-06-29,legacy_hr_system,employees.csv,2247,2247,Bautista,Fernandez,D005,Operations,Contractor,,3761.24,3478.84,30-87654321-0,Beta Consulting,Poor,Fair,Excellent,Good,Fair,0
2026-06-29,legacy_hr_system,employees.csv,2248,2248,Juana,Perez,D002,Human Resources,Permanent,134204.16,,,,,Excellent,Fair,Fair,Excellent,Good,0
2026-06-29,legacy_hr_system,employees.csv,2249,2249,Guadalupe,Gonzalez,D001,Finance,Permanent,111970.77,,,,,Fair,Good,Excellent,Excellent,Fair,0
2026-06-29,legacy_hr_system,employees.csv,2250,2250,Luca,Alvarez,D005,Operations,Permanent,145403.12,,,,,Good,Poor,Good,Fair,Fair,0
2026-06-29,legacy_hr_system,employees.csv,2251,2251,Santiago,Gonzalez,D001,Finance,Contractor,,1298.22,4400.91,30-99887766-1,Delta Consulting,Good,Poor,Excellent,Poor,Good,0
2026-06-29,legacy_hr_system,employees.csv,2252,2252,Jazmín,Ramos,D005,Operations,Permanent,101915.38,,,,,Fair,Good,Good,Good,Good,0
2026-06-29,legacy_hr_system,employees.csv,2253,2253,Emma,Muñoz,D001,Finance,Contractor,,3345.81,4970.04,30-87654321-0,Beta Consulting,Fair,Good,Good,Fair,Good,0
2026-06-29,legacy_hr_system,employees.csv,2254,2254,Milagros,Rojas,D005,Operations,Contractor,,2433.9,3787.83,30-12345678-9,Alpha Consulting,Excellent,Good,Good,Good,Good,1
2026-06-29,legacy_hr_system,employees.csv,2255,2255,Francesca,Pereyra,D003,IT,Permanent,116680.04,,,,,Good,Good,Good,Excellent,Good,0
2026-06-29,legacy_hr_system,employees.csv,2256,2256,Guillermina,Molina,D002,Human Resources,Permanent,93100.73,,,,,Good,Good,Good,Excellent,Good,0
2026-06-29,legacy_hr_system,employees.csv,2257,2257,Mora,Sanchez,D003,IT,Permanent,145259.51,,,,,Good,Good,Good,Good,Good,0
2026-06-29,legacy_hr_system,employees.csv,2258,2258,Santino Benjamin,Gomez,D003,IT,Contractor,,2704.63,1593.01,30-99887766-1,Delta Consulting,Good,Good,Good,Good,Good,0
2026-06-29,legacy_hr_system,employees.csv,2259,2259,Bruno,Rodriguez,D005,Operations,Permanent,108755.34,,,,,Good,Good,Good,Good,Good,0
2026-06-29,legacy_hr_system,employees.csv,2260,2260,Miguel Angel,Fernandez,D005,Operations,Contractor,,2169.16,2868.72,30-11223344-5,Gamma Consulting,Good,Fair,Good,Good,Poor,0
2026-06-29,legacy_hr_system,employees.csv,2261,2261,Francisca,Diaz,D005,Operations,Permanent,82877.2,,,,,Good,Good,Fair,Excellent,Good,0
2026-06-29,legacy_hr_system,employees.csv,2262,2262,Pilar,Gomez,D001,Finance,Permanent,123282.25,,,,,Excellent,Fair,Poor,Excellent,Excellent,0
2026-06-29,legacy_hr_system,employees.csv,2263,2263,Franco,Miranda,D004,Sales,Permanent,159859.22,,,,,Good,Poor,Excellent,Good,Good,1
2026-06-29,legacy_hr_system,employees.csv,2264,2264,Milagros,Pereyra,D003,IT,Permanent,129395.53,,,,,Fair,Excellent,Fair,Good,Excellent,0
2026-06-29,legacy_hr_system,employees.csv,2265,2265,Constanza,Perez,D001,Finance,Permanent,101804.9,,,,,Good,Fair,Good,Good,Fair,0
2026-06-29,legacy_hr_system,employees.csv,2266,2266,Guadalupe,Juarez,D001,Finance,Permanent,133677.13,,,,,Good,Fair,Excellent,Poor,Good,0
2026-06-29,legacy_hr_system,employees.csv,2267,2267,Bautista,Soria,D001,Finance,Permanent,106227.29,,,,,Good,Good,Fair,Fair,Good,0
2026-06-29,legacy_hr_system,employees.csv,2268,2268,Sofia,Aguirre,D005,Operations,Permanent,99161.99,,,,,Good,Poor,Poor,Good,Excellent,0
2026-06-29,legacy_hr_system,employees.csv,2269,2269,Mateo Agustin,Rodriguez,D005,Operations,Permanent,85369.12,,,,,Good,Good,Fair,Poor,Good,0
2026-06-29,legacy_hr_system,employees.csv,2270,2270,Juan,Rodriguez,D005,Operations,Contractor,,1598.54,4110.08,30-12345678-9,Alpha Consulting,Good,Good,Excellent,Fair,Fair,0
2026-06-29,legacy_hr_system,employees.csv,2271,2271,Lautaro Benjamin,Acuña,D002,Human Resources,Permanent,124741.6,,,,,Fair,Excellent,Good,Poor,Good,1
2026-06-29,legacy_hr_system,employees.csv,2272,2272,Ciro,Torres,D002,Human Resources,Contractor,,2922.7,4084.03,30-12345678-9,Alpha Consulting,Good,Good,Good,Good,Poor,0
2026-06-29,legacy_hr_system,employees.csv,2273,2273,Paloma,Paz,D003,IT,Permanent,,,,,,Poor,Good,Fair,Excellent,Good,0
2026-06-29,legacy_hr_system,employees.csv,2274,2274,Thiago Benjamin,Gonzalez,D005,Operations,Permanent,138247.39,,,,,Good,Good,Good,Excellent,Poor,0
2026-06-29,legacy_hr_system,employees.csv,2275,2275,Bautista,Sanchez,D005,Operations,Permanent,80486.04,,,,,Good,Poor,Good,Good,Fair,0
2026-06-29,legacy_hr_system,employees.csv,2276,2276,Juan David,Campos,D003,IT,Permanent,143280.84,,,,,Good,Good,Good,Good,Good,0
2026-06-29,legacy_hr_system,employees.csv,2277,2277,Catalina,Muñoz,D003,IT,Permanent,89933.49,,,,,Fair,Fair,Good,Good,Good,0
2026-06-29,legacy_hr_system,employees.csv,2278,2278,Julia,Lopez,D002,Human Resources,Permanent,,,,,,Fair,Good,Excellent,Fair,Fair,0
2026-06-29,legacy_hr_system,employees.csv,2279,2279,Bruno,Martinez,D002,Human Resources,Permanent,75996.44,,,,,Good,Poor,Poor,Excellent,Fair,0
2026-06-29,legacy_hr_system,employees.csv,2280,2280,Lucía,Lopez,D002,Human Resources,Contractor,,2598.88,5475.31,30-99887766-1,Delta Consulting,Good,Good,Good,Good,Fair,0
2026-06-29,legacy_hr_system,employees.csv,2281,2281,Lautaro Ezequiel,Ramirez,D005,Operations,Permanent,135468.84,,,,,Good,Good,Excellent,Good,Good,0
2026-06-29,legacy_hr_system,employees.csv,2282,2282,Santino,Godoy,D003,IT,Permanent,149352.66,,,,,Fair,Excellent,Excellent,Good,Good,0
2026-06-29,legacy_hr_system,employees.csv,2283,2283,Benicio,Medina,D004,Sales,Permanent,135664.28,,,,,Good,Excellent,Fair,Excellent,Good,0
2026-06-29,legacy_hr_system,employees.csv,2284,2284,Vicente,Cruz,D004,Sales,Permanent,86889.91,,,,,Good,Good,Good,Good,Fair,0
2026-06-29,legacy_hr_system,employees.csv,2285,2285,Mateo,Lopez,D005,Operations,Contractor,,2735.37,3719.8,30-11223344-5,Gamma Consulting,Excellent,Fair,Good,Good,Good,0
2026-06-29,legacy_hr_system,employees.csv,2286,2286,Lola,Romero,D005,Operations,Permanent,159917.25,,,,,Good,Fair,Good,Excellent,Good,0
2026-06-29,legacy_hr_system,employees.csv,2287,2287,Mateo,Franco,D001,Finance,Permanent,84096.34,,,,,Excellent,Good,Excellent,Fair,Good,0
2026-06-29,legacy_hr_system,employees.csv,2288,2288,Simon,Sosa,D005,Operations,Contractor,,3714.96,5392.95,30-87654321-0,Beta Consulting,Good,Excellent,Good,Good,Excellent,1
2026-06-29,legacy_hr_system,employees.csv,2289,2289,Josefina,Toledo,D001,Finance,Permanent,174888.61,,,,,Excellent,Good,Excellent,Good,Good,0
2026-06-29,legacy_hr_system,employees.csv,2290,2290,Juan Cruz,Torres,D001,Finance,Permanent,107709.4,,,,,Excellent,Good,Good,Fair,Good,0
2026-06-29,legacy_hr_system,employees.csv,2291,2291,Bautista Benjamin,Flores,D002,Human Resources,Permanent,141369.66,,,,,Fair,Good,Excellent,Good,Excellent,0
2026-06-29,legacy_hr_system,employees.csv,2292,2292,Ian Benjamin,Cabrera,D004,Sales,Permanent,188449.56,,,,,Good,Good,Excellent,Good,Fair,1
2026-06-29,legacy_hr_system,employees.csv,2293,2293,Lucas,Diaz,D005,Operations,Contractor,,2505.89,2964.96,30-12345678-9,Alpha Consulting,Poor,Good,Fair,Excellent,Good,0
2026-06-29,legacy_hr_system,employees.csv,2294,2294,Bautista Benjamin,Blanco,D004,Sales,Contractor,,1495.99,5212.71,30-99887766-1,Delta Consulting,Good,Poor,Excellent,Good,Good,0
2026-06-29,legacy_hr_system,employees.csv,2295,2295,Valentina,Soto,D001,Finance,Permanent,63505.49,,,,,Good,Good,Good,Good,Good,0
2026-06-29,legacy_hr_system,employees.csv,2296,2296,Tomàs,Ruiz,D003,IT,Permanent,108830.43,,,,,Fair,Good,Good,Good,Poor,0
2026-06-29,legacy_hr_system,employees.csv,2297,2297,Ian Benjamin,Velazquez,D003,IT,Permanent,133119.4,,,,,Fair,Good,Good,Good,Poor,0
2026-06-29,legacy_hr_system,employees.csv,2298,2298,Mia,Gutierrez,D005,Operations,Contractor,,3148.14,4925.44,30-11223344-5,Gamma Consulting,Good,Good,Fair,Fair,Fair,0
2026-06-29,legacy_hr_system,employees.csv,2299,2299,Priscila,Sanchez,D005,Operations,Permanent,126668.7,,,,,Good,Poor,Fair,Fair,Excellent,0
2026-06-29,legacy_hr_system,employees.csv,2300,2300,Julieta,Diaz,D004,Sales,Contractor,,4023.09,3547.68,30-99887766-1,Delta Consulting,Fair,Good,Fair,Fair,Fair,1
2026-06-29,legacy_hr_system,employees.csv,2301,2301,Ian,Gonzalez,D003,IT,Permanent,99690.15,,,,,Excellent,Good,Fair,Fair,Good,1
2026-06-29,legacy_hr_system,employees.csv,2302,2302,Gael,Ledesma,D005,Operations,Permanent,96820.22,,,,,Poor,Good,Good,Excellent,Good,1
2026-06-29,legacy_hr_system,employees.csv,2303,2303,Victoria,Castro,D004,Sales,Permanent,144905.75,,,,,Fair,Good,Good,Good,Excellent,0
2026-06-29,legacy_hr_system,employees.csv,2304,2304,Lautaro Benjamin,Blanco,D001,Finance,Permanent,147011.96,,,,,Good,Fair,Fair,Excellent,Excellent,0
2026-06-29,legacy_hr_system,employees.csv,2305,2305,Felipe,Gonzalez,D004,Sales,Contractor,,3360.98,5683.49,30-12345678-9,Alpha Consulting,Good,Poor,Good,Fair,Excellent,0
2026-06-29,legacy_hr_system,employees.csv,2306,2306,Benicio,Fernandez,D005,Operations,Contractor,,2057.57,6167.22,30-87654321-0,Beta Consulting,Fair,Good,Good,Good,Excellent,1
2026-06-29,legacy_hr_system,employees.csv,2307,2307,Guadalupe,Nuñez,D004,Sales,Permanent,165697.16,,,,,Good,Fair,Excellent,Fair,Good,0
2026-06-29,legacy_hr_system,employees.csv,2308,2308,Francisco,Correa,D001,Finance,Contractor,,3588.5,6281.8,30-99887766-1,Delta Consulting,Poor,Excellent,Fair,Good,Excellent,0
2026-06-29,legacy_hr_system,employees.csv,2309,2309,Catalina,Ruiz,D001,Finance,Permanent,70301.3,,,,,Good,Good,Excellent,Poor,Good,0
2026-06-29,legacy_hr_system,employees.csv,2310,2310,Bastian,Ponce,D004,Sales,Permanent,104266.56,,,,,Good,Good,Excellent,Fair,Excellent,0
2026-06-29,legacy_hr_system,employees.csv,2311,2311,Lisandro,Arias,D005,Operations,Permanent,97940.9,,,,,Good,Excellent,Good,Excellent,Good,0
2026-06-29,legacy_hr_system,employees.csv,2312,2312,Joaquin,Paz,D002,Human Resources,Permanent,141644.38,,,,,Fair,Good,Excellent,Good,Good,0
2026-06-29,legacy_hr_system,employees.csv,2313,2313,Luciano,Silva,D004,Sales,Permanent,88495.78,,,,,Fair,Excellent,Good,Good,Good,0
2026-06-29,legacy_hr_system,employees.csv,2314,2314,Luz Maria,Luna,D004,Sales,Permanent,142724.85,,,,,Good,Good,Good,Fair,Good,0
2026-06-29,legacy_hr_system,employees.csv,2315,2315,Julieta,Ojeda,D004,Sales,Permanent,161116.08,,,,,Good,Good,Good,Excellent,Good,0
2026-06-29,legacy_hr_system,employees.csv,2316,2316,Dante,Rodriguez,D004,Sales,Permanent,140856.09,,,,,Good,Excellent,Good,Fair,Excellent,0
2026-06-29,legacy_hr_system,employees.csv,2317,2317,Isabella,Vazquez,D004,Sales,Contractor,,3227.0,3512.13,30-12345678-9,Alpha Consulting,Good,Fair,Poor,Good,Excellent,0
2026-06-29,legacy_hr_system,employees.csv,2318,2318,Lautaro,Maldonado,D002,Human Resources,Permanent,94594.47,,,,,Good,Fair,Good,Excellent,Poor,0
2026-06-29,legacy_hr_system,employees.csv,2319,2319,Ciro,Aguero,D005,Operations,Permanent,157488.57,,,,,Fair,Good,Fair,Good,Excellent,1
2026-06-29,legacy_hr_system,employees.csv,2320,2320,Tiziana,Martinez,D005,Operations,Contractor,,3623.48,4460.98,30-99887766-1,Delta Consulting,Poor,Good,Fair,Good,Fair,0
2026-06-29,legacy_hr_system,employees.csv,2321,2321,Jeremias,Juarez,D003,IT,Permanent,107462.71,,,,,Good,Poor,Poor,Excellent,Good,0
2026-06-29,legacy_hr_system,employees.csv,2322,2322,Benjamin,Ramos,D002,Human Resources,Permanent,59225.76,,,,,Good,Good,Good,Good,Excellent,1
2026-06-29,legacy_hr_system,employees.csv,2323,2323,Olivia,Sanchez,D001,Finance,Permanent,87874.43,,,,,Good,Good,Excellent,Fair,Good,0
2026-06-29,legacy_hr_system,employees.csv,2324,2324,Martina,Rojas,D002,Human Resources,Contractor,,4529.14,3219.54,30-99887766-1,Delta Consulting,Good,Excellent,Good,Good,Fair,1
2026-06-29,legacy_hr_system,employees.csv,2325,2325,Felipe,Gimenez,D005,Operations,Contractor,,3151.58,5507.44,30-12345678-9,Alpha Consulting,Good,Excellent,Good,Fair,Poor,0
2026-06-29,legacy_hr_system,employees.csv,2326,2326,Delfina,Rodriguez,D003,IT,Contractor,,1996.06,4684.71,30-11223344-5,Gamma Consulting,Excellent,Fair,Fair,Fair,Good,1
2026-06-29,legacy_hr_system,employees.csv,2327,2327,Maria Paz,Ruiz,D002,Human Resources,Contractor,,3750.33,4512.5,30-12345678-9,Alpha Consulting,Good,Fair,Excellent,Poor,Fair,1
2026-06-29,legacy_hr_system,employees.csv,2328,2328,Tomàs,Luna,D001,Finance,Contractor,,5294.72,2831.4,30-99887766-1,Delta Consulting,Fair,Fair,Fair,Fair,Excellent,0
2026-06-29,legacy_hr_system,employees.csv,2329,2329,Juan Bautista,Diaz,D002,Human Resources,Permanent,151761.86,,,,,Fair,Poor,Good,Good,Good,0
2026-06-29,legacy_hr_system,employees.csv,2330,2330,Emilia,Ruiz,D003,IT,Contractor,,2861.76,5271.92,30-87654321-0,Beta Consulting,Fair,Good,Good,Good,Excellent,0
2026-06-29,legacy_hr_system,employees.csv,2331,2331,Valentino,Rodriguez,D002,Human Resources,Contractor,,3353.05,,30-12345678-9,Alpha Consulting,Good,Excellent,Poor,Excellent,Fair,1
2026-06-29,legacy_hr_system,employees.csv,2332,2332,Franco,Rodriguez,D001,Finance,Permanent,126869.89,,,,,Excellent,Excellent,Good,Excellent,Excellent,0
2026-06-29,legacy_hr_system,employees.csv,2333,2333,Camila,Rodriguez,D002,Human Resources,Contractor,,1513.68,5103.25,30-87654321-0,Beta Consulting,Fair,Good,Fair,Good,Good,0
2026-06-29,legacy_hr_system,employees.csv,2334,2334,Juan Bautista,Ramos,D003,IT,Permanent,128944.75,,,,,Excellent,Good,Good,Fair,Good,0
2026-06-29,legacy_hr_system,employees.csv,2335,2335,Valentino,Fernandez,D002,Human Resources,Permanent,139159.81,,,,,Poor,Good,Good,Excellent,Good,0
2026-06-29,legacy_hr_system,employees.csv,2336,2336,Lucas,Suarez,D003,IT,Permanent,151743.55,,,,,Good,Excellent,Fair,Good,Good,0
2026-06-29,legacy_hr_system,employees.csv,2337,2337,Jeremias,Diaz,D005,Operations,Permanent,131028.6,,,,,Fair,Poor,Fair,Good,Good,0
2026-06-29,legacy_hr_system,employees.csv,2338,2338,Mora,Ponce,D001,Finance,Contractor,,3118.47,3618.93,30-11223344-5,Gamma Consulting,Fair,Excellent,Excellent,Fair,Good,0
2026-06-29,legacy_hr_system,employees.csv,2339,2339,Emma,Rodriguez,D002,Human Resources,Permanent,98633.38,,,,,Excellent,Fair,Excellent,Excellent,Good,0
2026-06-29,legacy_hr_system,employees.csv,2340,2340,Santiago Benjamin,Sanchez,D004,Sales,Permanent,155602.04,,,,,Good,Excellent,Good,Good,Excellent,1
2026-06-29,legacy_hr_system,employees.csv,2341,2341,Carmela,Gomez,D002,Human Resources,Contractor,,4149.07,4261.89,30-12345678-9,Alpha Consulting,Good,Fair,Good,Fair,Good,0
2026-06-29,legacy_hr_system,employees.csv,2342,2342,Felicitas,Flores,D005,Operations,Permanent,121380.08,,,,,Good,Good,Excellent,Good,Good,0
2026-06-29,legacy_hr_system,employees.csv,2343,2343,Lautaro,Sanchez,D001,Finance,Permanent,92861.57,,,,,Good,Good,Fair,Poor,Excellent,0
2026-06-29,legacy_hr_system,employees.csv,2344,2344,Mia,Gonzalez,D005,Operations,Permanent,155182.71,,,,,Excellent,Fair,Good,Excellent,Excellent,0
2026-06-29,legacy_hr_system,employees.csv,2345,2345,Julieta,Olivera,D004,Sales,Permanent,139962.5,,,,,Fair,Good,Excellent,Good,Excellent,0
2026-06-29,legacy_hr_system,employees.csv,2346,2346,Mora,Olivera,D003,IT,Permanent,178236.52,,,,,Poor,Fair,Fair,Fair,Poor,0
2026-06-29,legacy_hr_system,employees.csv,2347,2347,Simon,Fernandez,D002,Human Resources,Permanent,93650.31,,,,,Poor,Excellent,Fair,Good,Good,0
2026-06-29,legacy_hr_system,employees.csv,2348,2348,Martina,Maldonado,D002,Human Resources,Contractor,,2697.59,4731.45,30-11223344-5,Gamma Consulting,Good,Fair,Poor,Excellent,Excellent,0
2026-06-29,legacy_hr_system,employees.csv,2349,2349,Sofia,Torres,D001,Finance,Permanent,139394.69,,,,,Excellent,Poor,Good,Excellent,Poor,1
2026-06-29,legacy_hr_system,employees.csv,2350,2350,Matilda,Roldan,D001,Finance,Permanent,113529.97,,,,,Good,Fair,Fair,Good,Excellent,0
2026-06-29,legacy_hr_system,employees.csv,2351,2351,Santino,Rodriguez,D002,Human Resources,Contractor,,2301.63,5381.41,30-99887766-1,Delta Consulting,Good,Good,Excellent,Poor,Good,0
2026-06-29,legacy_hr_system,employees.csv,2352,2352,Santino Agustin,Blanco,D004,Sales,Contractor,,3576.91,3583.73,30-11223344-5,Gamma Consulting,Fair,Excellent,Poor,Excellent,Poor,1
2026-06-29,legacy_hr_system,employees.csv,2353,2353,Joaquina,Maldonado,D003,IT,Permanent,160663.28,,,,,Good,Good,Excellent,Excellent,Good,0
2026-06-29,legacy_hr_system,employees.csv,2354,2354,Benjamin,Ledesma,D005,Operations,Permanent,155105.96,,,,,Fair,Excellent,Good,Fair,Poor,0
2026-06-29,legacy_hr_system,employees.csv,2355,2355,Santino,Acosta,D005,Operations,Contractor,,3107.44,4579.6,30-99887766-1,Delta Consulting,Good,Good,Fair,Poor,Good,0
2026-06-29,legacy_hr_system,employees.csv,2356,2356,Benjamin,Diaz,D002,Human Resources,Permanent,136621.73,,,,,Poor,Poor,Good,Good,Good,0
2026-06-29,legacy_hr_system,employees.csv,2357,2357,Mateo Benjamin,Diaz,D002,Human Resources,Permanent,94148.91,,,,,Good,Poor,Poor,Excellent,Excellent,0
2026-06-29,legacy_hr_system,employees.csv,2358,2358,Bruno,Perez,D005,Operations,Permanent,120900.94,,,,,Good,Excellent,Good,Fair,Fair,1
2026-06-29,legacy_hr_system,employees.csv,2359,2359,Jazmin,Ojeda,D002,Human Resources,Permanent,55428.49,,,,,Poor,Good,Fair,Fair,Poor,0
2026-06-29,legacy_hr_system,employees.csv,2360,2360,Valentino,Quiroga,D003,IT,Permanent,146293.67,,,,,Good,Poor,Excellent,Excellent,Good,1
2026-06-29,legacy_hr_system,employees.csv,2361,2361,Benjamin,Nuñez,D004,Sales,Permanent,73155.2,,,,,Good,Excellent,Fair,Excellent,Poor,0
2026-06-29,legacy_hr_system,employees.csv,2362,2362,Antonella,Gonzalez,D004,Sales,Contractor,,4202.74,4169.88,30-87654321-0,Beta Consulting,Fair,Good,Good,Fair,Fair,0
2026-06-29,legacy_hr_system,employees.csv,2363,2363,Mateo,Garcia,D001,Finance,Permanent,113649.99,,,,,Good,Good,Good,Fair,Good,0
2026-06-29,legacy_hr_system,employees.csv,2364,2364,Francesco,Rios,D001,Finance,Contractor,,2497.81,4211.96,30-12345678-9,Alpha Consulting,Good,Good,Fair,Poor,Excellent,0
2026-06-29,legacy_hr_system,employees.csv,2365,2365,Isabella,Ferreyra,D001,Finance,Permanent,162555.94,,,,,Poor,Fair,Good,Fair,Good,0
2026-06-29,legacy_hr_system,employees.csv,2366,2366,Benjamin,Alvarez,D002,Human Resources,Contractor,,,5776.97,30-87654321-0,Beta Consulting,Poor,Fair,Good,Good,Fair,0
2026-06-29,legacy_hr_system,employees.csv,2367,2367,Victoria,Roldan,D005,Operations,Permanent,130140.7,,,,,Excellent,Fair,Good,Good,Fair,0
2026-06-29,legacy_hr_system,employees.csv,2368,2368,Milagros,Guzman,D005,Operations,Permanent,83789.35,,,,,Poor,Good,Excellent,Excellent,Good,0
2026-06-29,legacy_hr_system,employees.csv,2369,2369,Benjamin,Aguero,D005,Operations,Permanent,87740.63,,,,,Good,Good,Excellent,Excellent,Fair,1
2026-06-29,legacy_hr_system,employees.csv,2370,2370,Lara,Martinez,D001,Finance,Contractor,,4341.11,3554.49,30-12345678-9,Alpha Consulting,Good,Good,Good,Good,Good,0
2026-06-29,legacy_hr_system,employees.csv,2371,2371,Olivia,Bravo,D005,Operations,Contractor,,2077.32,5637.31,30-11223344-5,Gamma Consulting,Excellent,Excellent,Good,Fair,Good,0
2026-06-29,legacy_hr_system,employees.csv,2372,2372,Santino,Sanchez,D002,Human Resources,Permanent,130156.59,,,,,Good,Good,Excellent,Good,Poor,0
2026-06-29,legacy_hr_system,employees.csv,2373,2373,Mateo Ezequiel,Pereyra,D003,IT,Permanent,,,,,,Fair,Good,Good,Good,Fair,0
2026-06-29,legacy_hr_system,employees.csv,2374,2374,Santiago,Gimenez,D005,Operations,Permanent,126498.75,,,,,Fair,Fair,Fair,Fair,Good,0
2026-06-29,legacy_hr_system,employees.csv,2375,2375,Malena,Blanco,D005,Operations,Permanent,89227.42,,,,,Excellent,Good,Good,Poor,Good,0
2026-06-29,legacy_hr_system,employees.csv,2376,2376,Benjamin,Martinez,D004,Sales,Permanent,153024.64,,,,,Good,Good,Excellent,Good,Good,0
2026-06-29,legacy_hr_system,employees.csv,2377,2377,Julia,Romero,D002,Human Resources,Contractor,,3849.1,5032.01,30-11223344-5,Gamma Consulting,Good,Excellent,Good,Poor,Good,1
2026-06-29,legacy_hr_system,employees.csv,2378,2378,Camila,Fernandez,D001,Finance,Permanent,130849.83,,,,,Excellent,Good,Poor,Good,Excellent,0
2026-06-29,legacy_hr_system,employees.csv,2379,2379,Lautaro,Sosa,D001,Finance,Permanent,172835.64,,,,,Good,Poor,Good,Fair,Poor,0
2026-06-29,legacy_hr_system,employees.csv,2380,2380,Lucía,Martinez,D001,Finance,Permanent,119990.59,,,,,Fair,Good,Fair,Excellent,Good,0
2026-06-29,legacy_hr_system,employees.csv,2381,2381,Ema,Gimenez,D003,IT,Permanent,84543.78,,,,,Excellent,Excellent,Good,Good,Good,0
2026-06-29,legacy_hr_system,employees.csv,2382,2382,Nina,Morales,D002,Human Resources,Permanent,133484.22,,,,,Poor,Good,Poor,Good,Excellent,0
2026-06-29,legacy_hr_system,employees.csv,2383,2383,Emiliano,Paez,D001,Finance,Contractor,,4668.84,3485.24,30-11223344-5,Gamma Consulting,Poor,Fair,Excellent,Fair,Good,0
2026-06-29,legacy_hr_system,employees.csv,2384,2384,Zoe Valentina,Gonzalez,D003,IT,Permanent,109156.12,,,,,Fair,Poor,Good,Excellent,Excellent,0
2026-06-29,legacy_hr_system,employees.csv,2385,2385,Lautaro Benjamin,Garcia,D002,Human Resources,Contractor,,3333.16,4446.1,30-11223344-5,Gamma Consulting,Good,Poor,Excellent,Excellent,Good,0
2026-06-29,legacy_hr_system,employees.csv,2386,2386,Felipe,Escobar,D002,Human Resources,Contractor,,2214.16,5621.86,30-11223344-5,Gamma Consulting,Good,Excellent,Good,Good,Good,0
2026-06-29,legacy_hr_system,employees.csv,2387,2387,Ambar,Rodriguez,D004,Sales,Permanent,189601.22,,,,,Excellent,Good,Excellent,Good,Fair,0
2026-06-29,legacy_hr_system,employees.csv,2388,2388,Olivia,Campos,D002,Human Resources,Permanent,125883.94,,,,,Poor,Good,Fair,Fair,Good,0
2026-06-29,legacy_hr_system,employees.csv,2389,2389,Tomas,Morales,D004,Sales,Contractor,,2276.75,2951.04,30-87654321-0,Beta Consulting,Good,Excellent,Poor,Fair,Fair,0
2026-06-29,legacy_hr_system,employees.csv,2390,2390,Francisco,Martinez,D005,Operations,Permanent,127739.28,,,,,Fair,Good,Good,Good,Fair,0
2026-06-29,legacy_hr_system,employees.csv,2391,2391,Felipe,Valdez,D005,Operations,Permanent,153116.32,,,,,Good,Excellent,Good,Poor,Fair,0
2026-06-29,legacy_hr_system,employees.csv,2392,2392,Nahuel,Romero,D005,Operations,Permanent,134255.03,,,,,Good,Excellent,Good,Fair,Fair,0
2026-06-29,legacy_hr_system,employees.csv,2393,2393,Juan Pablo,Diaz,D003,IT,Contractor,,2998.08,3910.73,30-99887766-1,Delta Consulting,Good,Poor,Excellent,Good,Good,0
2026-06-29,legacy_hr_system,employees.csv,2394,2394,Valentino,Rojas,D005,Operations,Contractor,,2126.27,5334.75,30-11223344-5,Gamma Consulting,Excellent,Good,Fair,Excellent,Good,0
2026-06-29,legacy_hr_system,employees.csv,2395,2395,Juan,Guzman,D003,IT,Contractor,,3731.02,2954.27,30-12345678-9,Alpha Consulting,Fair,Excellent,Fair,Good,Excellent,0
2026-06-29,legacy_hr_system,employees.csv,2396,2396,Josefina,Vega,D005,Operations,Permanent,167695.17,,,,,Good,Fair,Good,Good,Good,0
2026-06-29,legacy_hr_system,employees.csv,2397,2397,Bruno,Fernandez,D003,IT,Permanent,137222.14,,,,,Fair,Fair,Fair,Good,Good,0
2026-06-29,legacy_hr_system,employees.csv,2398,2398,Jeronimo,Bravo,D005,Operations,Permanent,161987.84,,,,,Good,Good,Fair,Good,Excellent,0
2026-06-29,legacy_hr_system,employees.csv,2399,2399,Felipe,Maidana,D001,Finance,Permanent,79736.17,,,,,Excellent,Fair,Good,Good,Good,0
2026-06-29,legacy_hr_system,employees.csv,2400,2400,Bastian,Sanchez,D002,Human Resources,Permanent,79025.28,,,,,Excellent,Fair,Excellent,Good,Poor,0
2026-06-29,legacy_hr_system,employees.csv,2401,2401,Lautaro Benjamin,Duarte,D002,Human Resources,Permanent,115530.92,,,,,Excellent,Fair,Fair,Good,Poor,0
2026-06-29,legacy_hr_system,employees.csv,2402,2402,Juan Ignacio,Sanchez,D001,Finance,Contractor,,3402.23,6296.36,30-87654321-0,Beta Consulting,Excellent,Good,Fair,Good,Poor,0
2026-06-29,legacy_hr_system,employees.csv,2403,2403,Emiliano,Ojeda,D001,Finance,Contractor,,3564.86,4257.32,30-12345678-9,Alpha Consulting,Poor,Good,Poor,Good,Excellent,0
2026-06-29,legacy_hr_system,employees.csv,2404,2404,Bautista Benjamin,Lucero,D004,Sales,Contractor,,2178.9,5730.0,30-99887766-1,Delta Consulting,Fair,Good,Excellent,Fair,Fair,0
2026-06-29,legacy_hr_system,employees.csv,2405,2405,Renata,Ramirez,D002,Human Resources,Contractor,,2228.24,6128.47,30-11223344-5,Gamma Consulting,Good,Good,Fair,Excellent,Good,0
2026-06-29,legacy_hr_system,employees.csv,2406,2406,Simon,Maidana,D003,IT,Contractor,,,6090.58,30-99887766-1,Delta Consulting,Fair,Good,Good,Excellent,Excellent,0
2026-06-29,legacy_hr_system,employees.csv,2407,2407,Luciano Benjamin,Maidana,D004,Sales,Permanent,140367.94,,,,,Good,Excellent,Excellent,Good,Excellent,0
2026-06-29,legacy_hr_system,employees.csv,2408,2408,Victoria,Vargas,D004,Sales,Permanent,115890.14,,,,,Excellent,Excellent,Good,Fair,Fair,0
2026-06-29,legacy_hr_system,employees.csv,2409,2409,Santino,Lopez,D004,Sales,Unknown,104418.11,,,,,Excellent,Good,Excellent,Good,Poor,0
2026-06-29,legacy_hr_system,employees.csv,2410,2410,Paulina,Cabrera,D002,Human Resources,Contractor,,2727.27,4928.32,30-99887766-1,Delta Consulting,Good,Good,Excellent,Excellent,Good,0
2026-06-29,legacy_hr_system,employees.csv,2411,2411,Thiago Benjamin,Ortiz,D004,Sales,Contractor,,3061.73,3906.19,30-12345678-9,Alpha Consulting,Fair,Excellent,Fair,Good,Good,0
2026-06-29,legacy_hr_system,employees.csv,2412,2412,Francisco,Martinez,D003,IT,Contractor,,2867.49,4578.58,30-99887766-1,Delta Consulting,Fair,Good,Excellent,Good,Good,0
2026-06-29,legacy_hr_system,employees.csv,2413,2413,Luciano,Sosa,D002,Human Resources,Permanent,56137.98,,,,,Good,Excellent,Poor,Excellent,Good,0
2026-06-29,legacy_hr_system,employees.csv,2414,2414,Luciano,Herrera,D004,Sales,Contractor,,3366.53,3520.28,30-99887766-1,Delta Consulting,Good,Fair,Good,Good,Excellent,0
2026-06-29,legacy_hr_system,employees.csv,2415,2415,Juan Bautista,Juarez,D003,IT,Permanent,85400.03,,,,,Good,Excellent,Good,Poor,Poor,0
2026-06-29,legacy_hr_system,employees.csv,2416,2416,Luz Milagros,Torres,D002,Human Resources,Permanent,69379.67,,,,,Excellent,Excellent,Good,Good,Excellent,0
2026-06-29,legacy_hr_system,employees.csv,2417,2417,Elena,Aguirre,D004,Sales,Contractor,,1564.89,3144.55,30-87654321-0,Beta Consulting,Excellent,Excellent,Poor,Fair,Good,0
2026-06-29,legacy_hr_system,employees.csv,2418,2418,Valentino,Lopez,D002,Human Resources,Permanent,98729.37,,,,,Good,Fair,Excellent,Good,Good,0
2026-06-29,legacy_hr_system,employees.csv,2419,2419,Martina,Coronel,D005,Operations,Contractor,,4562.61,3974.12,30-12345678-9,Alpha Consulting,Good,Excellent,Poor,Fair,Good,0
2026-06-29,legacy_hr_system,employees.csv,2420,2420,Benjamin,Perez,D001,Finance,Permanent,125332.5,,,,,Good,Excellent,Good,Excellent,Good,0
2026-06-29,legacy_hr_system,employees.csv,2421,2421,Renata,Villalba,D005,Operations,Contractor,,3320.39,4631.07,30-11223344-5,Gamma Consulting,Good,Fair,Good,Fair,Good,0
2026-06-29,legacy_hr_system,employees.csv,2422,2422,Constantino,Navarro,D003,IT,Permanent,117676.7,,,,,Excellent,Good,Fair,Fair,Good,0
2026-06-29,legacy_hr_system,employees.csv,2423,2423,Bautista,Blanco,D003,IT,Contractor,,2043.76,5950.93,30-87654321-0,Beta Consulting,Good,Fair,Good,Good,Poor,0
2026-06-29,legacy_hr_system,employees.csv,2424,2424,Lucas Ezequiel,Aguero,D002,Human Resources,Permanent,174215.9,,,,,Good,Fair,Fair,Excellent,Fair,1
2026-06-29,legacy_hr_system,employees.csv,2425,2425,Morena,Romero,D004,Sales,Permanent,69520.24,,,,,Excellent,Good,Good,Good,Good,0
2026-06-29,legacy_hr_system,employees.csv,2426,2426,Facundo,Martinez,D003,IT,Permanent,89279.14,,,,,Fair,Good,Fair,Fair,Good,0
2026-06-29,legacy_hr_system,employees.csv,2427,2427,Lola,Gonzalez,D004,Sales,Permanent,111605.69,,,,,Good,Good,Fair,Fair,Good,0
2026-06-29,legacy_hr_system,employees.csv,2428,2428,Abril,Alvarez,D004,Sales,Permanent,91063.87,,,,,Excellent,Excellent,Excellent,Good,Excellent,0
2026-06-29,legacy_hr_system,employees.csv,2429,2429,Josefina,Cabrera,D001,Finance,Permanent,135178.97,,,,,Fair,Fair,Good,Poor,Fair,0
2026-06-29,legacy_hr_system,employees.csv,2430,2430,Maria Emilia,Luna,D001,Finance,Permanent,98151.83,,,,,Good,Good,Good,Excellent,Excellent,0
2026-06-29,legacy_hr_system,employees.csv,2431,2431,Bruno,Hernandez,D001,Finance,Contractor,,4732.04,5690.55,30-11223344-5,Gamma Consulting,Fair,Good,Good,Excellent,Excellent,0
2026-06-29,legacy_hr_system,employees.csv,2432,2432,Maia,Gutierrez,D004,Sales,Contractor,,3170.06,,30-99887766-1,Delta Consulting,Poor,Fair,Excellent,Good,Good,0
2026-06-29,legacy_hr_system,employees.csv,2433,2433,Facundo,Rivero,D004,Sales,Permanent,153177.01,,,,,Excellent,Good,Fair,Good,Excellent,1
2026-06-29,legacy_hr_system,employees.csv,2434,2434,Martina,Franco,D002,Human Resources,Contractor,,2548.84,3683.78,30-87654321-0,Beta Consulting,Fair,Poor,Good,Good,Excellent,0
2026-06-29,legacy_hr_system,employees.csv,2435,2435,Maximo,Ruiz,D002,Human Resources,Contractor,,3062.51,5361.64,30-99887766-1,Delta Consulting,Fair,Fair,Good,Good,Good,0
2026-06-29,legacy_hr_system,employees.csv,2436,2436,Abril,Castro,D003,IT,Permanent,124171.81,,,,,Poor,Poor,Good,Good,Excellent,0
2026-06-29,legacy_hr_system,employees.csv,2437,2437,Agustina,Morales,D003,IT,Contractor,,1738.4,3697.18,30-11223344-5,Gamma Consulting,Excellent,Fair,Good,Poor,Good,0
2026-06-29,legacy_hr_system,employees.csv,2438,2438,Isabella,Garcia,D002,Human Resources,Permanent,117780.81,,,,,Fair,Poor,Good,Fair,Good,0
2026-06-29,legacy_hr_system,employees.csv,2439,2439,Camila,Sanchez,D001,Finance,Permanent,117730.03,,,,,Good,Fair,Good,Excellent,Good,0
2026-06-29,legacy_hr_system,employees.csv,2440,2440,Ezequiel,Medina,D004,Sales,Permanent,179176.27,,,,,Good,Good,Good,Excellent,Fair,0
2026-06-29,legacy_hr_system,employees.csv,2441,2441,Ciro,Cabrera,D005,Operations,Permanent,78420.36,,,,,Fair,Good,Fair,Fair,Excellent,0
2026-06-29,legacy_hr_system,employees.csv,2442,2442,Isabella,Gutierrez,D002,Human Resources,Permanent,135167.68,,,,,Excellent,Poor,Excellent,Excellent,Fair,0
2026-06-29,legacy_hr_system,employees.csv,2443,2443,Valentino,Rivero,D003,IT,Contractor,,4191.29,6771.45,30-99887766-1,Delta Consulting,Good,Excellent,Good,Good,Excellent,0
2026-06-29,legacy_hr_system,employees.csv,2444,2444,Facundo,Muñoz,D005,Operations,Contractor,,2676.48,4991.43,30-11223344-5,Gamma Consulting,Excellent,Good,Good,Good,Good,0
2026-06-29,legacy_hr_system,employees.csv,2445,2445,Santino,Vargas,D001,Finance,Contractor,,3455.81,4695.48,30-12345678-9,Alpha Consulting,Good,Fair,Excellent,Excellent,Excellent,0
2026-06-29,legacy_hr_system,employees.csv,2446,2446,Maria Luz,Ledesma,D005,Operations,Contractor,,2920.92,4935.98,30-12345678-9,Alpha Consulting,Excellent,Poor,Good,Good,Good,0
2026-06-29,legacy_hr_system,employees.csv,2447,2447,Valentino,Ramirez,D001,Finance,Permanent,44032.62,,,,,Excellent,Excellent,Good,Fair,Excellent,0
2026-06-29,legacy_hr_system,employees.csv,2448,2448,Tomàs,Lopez,D001,Finance,Permanent,140462.08,,,,,Excellent,Fair,Excellent,Good,Excellent,0
2026-06-29,legacy_hr_system,employees.csv,2449,2449,Salvador,Vera,D005,Operations,Permanent,123785.34,,,,,Excellent,Fair,Excellent,Poor,Good,0
2026-06-29,legacy_hr_system,employees.csv,2450,2450,Sofia,Acosta,D001,Finance,Contractor,,2822.02,6546.86,30-99887766-1,Delta Consulting,Excellent,Good,Good,Poor,Poor,0
2026-06-29,legacy_hr_system,employees.csv,2451,2451,Valentina,Ledesma,D002,Human Resources,Contractor,,2460.05,4096.92,30-12345678-9,Alpha Consulting,Fair,Fair,Good,Excellent,Fair,0
2026-06-29,legacy_hr_system,employees.csv,2452,2452,Luz Maria,Figueroa,D005,Operations,Contractor,,4593.24,3667.94,30-11223344-5,Gamma Consulting,Excellent,Good,Fair,Good,Good,0
2026-06-29,legacy_hr_system,employees.csv,2453,2453,Lucio,Gomez,D004,Sales,Permanent,103496.54,,,,,Fair,Excellent,Good,Fair,Good,0
2026-06-29,legacy_hr_system,employees.csv,2454,2454,Juan Ignacio,Acosta,D003,IT,Contractor,,2882.38,5340.73,30-99887766-1,Delta Consulting,Excellent,Fair,Fair,Good,Good,0
2026-06-29,legacy_hr_system,employees.csv,2455,2455,Guadalupe,Pereyra,D004,Sales,Contractor,,3166.24,3207.37,30-11223344-5,Gamma Consulting,Good,Good,Good,Good,Good,0
2026-06-29,legacy_hr_system,employees.csv,2456,2456,Olivia,Arias,D004,Sales,Contractor,,2574.27,3892.65,30-99887766-1,Delta Consulting,Good,Excellent,Fair,Poor,Fair,1
2026-06-29,legacy_hr_system,employees.csv,2457,2457,Bianca,Duarte,D001,Finance,Permanent,117683.37,,,,,Good,Good,Poor,Good,Fair,0
2026-06-29,legacy_hr_system,employees.csv,2458,2458,Olivia,Alvarez,D001,Finance,Permanent,132775.31,,,,,Fair,Poor,Fair,Poor,Fair,0
2026-06-29,legacy_hr_system,employees.csv,2459,2459,Camilo,Bustos,D001,Finance,Permanent,132546.17,,,,,Good,Poor,Good,Excellent,Excellent,1
2026-06-29,legacy_hr_system,employees.csv,2460,2460,Tiziano,Dominguez,D002,Human Resources,Permanent,66719.65,,,,,Excellent,Excellent,Good,Excellent,Fair,1
2026-06-29,legacy_hr_system,employees.csv,2461,2461,Felipe,Aguero,D003,IT,Permanent,151918.23,,,,,Poor,Excellent,Fair,Good,Good,0
2026-06-29,legacy_hr_system,employees.csv,2462,2462,Joaquin,Vera,D001,Finance,Permanent,127577.07,,,,,Good,Good,Good,Good,Good,0
2026-06-29,legacy_hr_system,employees.csv,2463,2463,Ciro,Sanchez,D002,Human Resources,Contractor,,4107.63,4944.2,30-87654321-0,Beta Consulting,Excellent,Excellent,Fair,Good,Excellent,0
2026-06-29,legacy_hr_system,employees.csv,2464,2464,Camilo,Acosta,D001,Finance,Contractor,,3881.06,4966.55,30-12345678-9,Alpha Consulting,Good,Fair,Good,Good,Excellent,0
2026-06-29,legacy_hr_system,employees.csv,2465,2465,Lucía,Gomez,D003,IT,Contractor,,4076.98,,30-12345678-9,Alpha Consulting,Excellent,Good,Good,Good,Good,0
2026-06-29,legacy_hr_system,employees.csv,2466,2466,Valentino,Diaz,D005,Operations,Contractor,,2921.67,6772.43,30-87654321-0,Beta Consulting,Poor,Excellent,Good,Good,Excellent,0
2026-06-29,legacy_hr_system,employees.csv,2467,2467,Julian,Perez,D003,IT,Permanent,146671.11,,,,,Good,Excellent,Excellent,Excellent,Fair,0
2026-06-29,legacy_hr_system,employees.csv,2468,2468,Malena,Mendez,D001,Finance,Permanent,137212.33,,,,,Poor,Good,Poor,Excellent,Excellent,0
2026-06-29,legacy_hr_system,employees.csv,2469,2469,Juan Pablo,Gonzalez,D001,Finance,Contractor,,1978.96,3211.69,30-12345678-9,Alpha Consulting,Good,Good,Good,Poor,Fair,0
2026-06-29,legacy_hr_system,employees.csv,2470,2470,Lautaro Nicolas,Martinez,D003,IT,Permanent,128781.46,,,,,Fair,Good,Good,Good,Fair,0
2026-06-29,legacy_hr_system,employees.csv,2471,2471,Salvador,Herrera,D001,Finance,Unknown,,3116.42,3885.88,30-99887766-1,Delta Consulting,Excellent,Fair,Good,Excellent,Good,0
2026-06-29,legacy_hr_system,employees.csv,2472,2472,Renata,Rodriguez,D005,Operations,Contractor,,3112.79,6088.63,30-11223344-5,Gamma Consulting,Fair,Good,Excellent,Fair,Excellent,0
2026-06-29,legacy_hr_system,employees.csv,2473,2473,Matias,Martinez,D003,IT,Permanent,140862.07,,,,,Good,Good,Fair,Excellent,Good,0
2026-06-29,legacy_hr_system,employees.csv,2474,2474,Manuel,Rios,D002,Human Resources,Contractor,,2087.19,4388.49,30-12345678-9,Alpha Consulting,Good,Good,Poor,Good,Excellent,0
2026-06-29,legacy_hr_system,employees.csv,2475,2475,Lautaro Benjamin,Paz,D002,Human Resources,Permanent,95851.01,,,,,Fair,Fair,Excellent,Excellent,Good,0
2026-06-29,legacy_hr_system,employees.csv,2476,2476,Isabella,Fernandez,D003,IT,Contractor,,2689.84,4086.38,30-11223344-5,Gamma Consulting,Fair,Good,Excellent,Excellent,Poor,0
2026-06-29,legacy_hr_system,employees.csv,2477,2477,Jeremias,Gonzalez,D005,Operations,Permanent,105670.63,,,,,Excellent,Good,Good,Good,Poor,1
2026-06-29,legacy_hr_system,employees.csv,2478,2478,Elena,Carrizo,D002,Human Resources,Permanent,82345.94,,,,,Poor,Good,Excellent,Fair,Poor,0
2026-06-29,legacy_hr_system,employees.csv,2479,2479,Luana,Garcia,D004,Sales,Contractor,,2897.88,3939.39,30-11223344-5,Gamma Consulting,Poor,Good,Fair,Good,Good,0
2026-06-29,legacy_hr_system,employees.csv,2480,2480,Alma Jazmin,Rodriguez,D005,Operations,Permanent,32116.54,,,,,Fair,Good,Poor,Good,Good,0
2026-06-29,legacy_hr_system,employees.csv,2481,2481,Ciro,Lopez,D002,Human Resources,Permanent,181589.16,,,,,Excellent,Fair,Good,Good,Good,0
2026-06-29,legacy_hr_system,employees.csv,2482,2482,Felicitas,Cabrera,D003,IT,Permanent,152663.09,,,,,Good,Fair,Fair,Fair,Excellent,0
2026-06-29,legacy_hr_system,employees.csv,2483,2483,Helena,Luna,D002,Human Resources,Permanent,108710.98,,,,,Excellent,Fair,Excellent,Excellent,Excellent,0
2026-06-29,legacy_hr_system,employees.csv,2484,2484,Maia,Lopez,D004,Sales,Permanent,120564.57,,,,,Fair,Good,Excellent,Good,Good,0
2026-06-29,legacy_hr_system,employees.csv,2485,2485,Facundo,Silva,D002,Human Resources,Contractor,,2062.68,6195.72,30-12345678-9,Alpha Consulting,Fair,Excellent,Excellent,Poor,Excellent,0
2026-06-29,legacy_hr_system,employees.csv,2486,2486,Isabel,Gomez,D002,Human Resources,Permanent,176918.66,,,,,Fair,Good,Good,Good,Fair,0
2026-06-29,legacy_hr_system,employees.csv,2487,2487,Juana,Torres,D002,Human Resources,Permanent,124700.81,,,,,Excellent,Poor,Fair,Fair,Excellent,0
2026-06-29,legacy_hr_system,employees.csv,2488,2488,Olivia,Rodriguez,D004,Sales,Permanent,150705.92,,,,,Excellent,Fair,Good,Excellent,Good,0
2026-06-29,legacy_hr_system,employees.csv,2489,2489,Pedro,Molina,D001,Finance,Permanent,125258.6,,,,,Good,Fair,Good,Excellent,Excellent,0
2026-06-29,legacy_hr_system,employees.csv,2490,2490,Juana,Fernandez,D001,Finance,Permanent,79898.24,,,,,Good,Good,Excellent,Excellent,Poor,1
2026-06-29,legacy_hr_system,employees.csv,2491,2491,Juliana,Perez,D002,Human Resources,Permanent,107645.3,,,,,Good,Good,Good,Excellent,Good,0
2026-06-29,legacy_hr_system,employees.csv,2492,2492,Bruno,Pereyra,D001,Finance,Permanent,,,,,,Good,Excellent,Good,Fair,Fair,0
2026-06-29,legacy_hr_system,employees.csv,2493,2493,Juliana,Cabrera,D001,Finance,Permanent,,,,,,Good,Excellent,Good,Excellent,Fair,0
2026-06-29,legacy_hr_system,employees.csv,2494,2494,Santino,Ojeda,D002,Human Resources,Contractor,,2825.08,,30-87654321-0,Beta Consulting,Poor,Fair,Fair,Excellent,Good,0
2026-06-29,legacy_hr_system,employees.csv,2495,2495,Agustín,Olivera,D003,IT,Permanent,117573.65,,,,,Excellent,Good,Excellent,Good,Excellent,0
2026-06-29,legacy_hr_system,employees.csv,2496,2496,Pilar,Ledesma,D003,IT,Permanent,121567.75,,,,,Fair,Good,Good,Good,Good,0
2026-06-29,legacy_hr_system,employees.csv,2497,2497,Lucas Benjamin,Velazquez,D004,Sales,Contractor,,2151.52,3782.98,30-12345678-9,Alpha Consulting,Good,Good,Fair,Good,Excellent,1
2026-06-29,legacy_hr_system,employees.csv,2498,2498,Emilia,Cabrera,D003,IT,Contractor,,1972.33,5477.82,30-12345678-9,Alpha Consulting,Good,Fair,Excellent,Good,Excellent,0
2026-06-29,legacy_hr_system,employees.csv,2499,2499,Josefina,Pereyra,D004,Sales,Contractor,,1315.48,5653.59,30-87654321-0,Beta Consulting,Excellent,Good,Excellent,Excellent,Good,0
2026-06-29,legacy_hr_system,employees.csv,2500,2500,Jeronimo,Sosa,D003,IT,Contractor,,4109.08,4197.82,30-12345678-9,Alpha Consulting,Fair,Excellent,Good,Good,Good,0
2026-06-29,legacy_hr_system,employees.csv,2501,2501,Valentino,Ortiz,D004,Sales,Permanent,41905.89,,,,,Good,Fair,Excellent,Good,Good,0
2026-06-29,legacy_hr_system,employees.csv,2502,2502,Maximo,Morales,D002,Human Resources,Permanent,109160.68,,,,,Fair,Good,Good,Good,Good,0
2026-06-29,legacy_hr_system,employees.csv,2503,2503,Morena,Lopez,D004,Sales,Contractor,,2948.65,3489.4,30-11223344-5,Gamma Consulting,Excellent,Excellent,Poor,Good,Good,1
2026-06-29,legacy_hr_system,employees.csv,2504,2504,Tomas,Vega,D003,IT,Permanent,104543.45,,,,,Poor,Excellent,Good,Good,Good,0
2026-06-29,legacy_hr_system,employees.csv,2505,2505,Ema,Gonzalez,D001,Finance,Contractor,,4224.16,5164.93,30-12345678-9,Alpha Consulting,Good,Good,Good,Good,Good,0
2026-06-29,legacy_hr_system,employees.csv,2506,2506,Benjamin,Morales,D004,Sales,Contractor,,2260.35,2902.4,30-11223344-5,Gamma Consulting,Good,Good,Poor,Good,Good,0
2026-06-29,legacy_hr_system,employees.csv,2507,2507,Juan Ignacio,Farias,D004,Sales,Permanent,110189.48,,,,,Fair,Fair,Poor,Good,Good,1
2026-06-29,legacy_hr_system,employees.csv,2508,2508,Juan,Franco,D004,Sales,Permanent,113596.3,,,,,Fair,Fair,Good,Poor,Poor,0
2026-06-29,legacy_hr_system,employees.csv,2509,2509,Renata,Romero,D003,IT,Contractor,,3396.96,3964.68,30-12345678-9,Alpha Consulting,Good,Fair,Fair,Good,Poor,0
2026-06-29,legacy_hr_system,employees.csv,2510,2510,Lucas,Godoy,D004,Sales,Contractor,,3409.2,6435.15,30-87654321-0,Beta Consulting,Good,Excellent,Fair,Good,Excellent,0
2026-06-29,legacy_hr_system,employees.csv,2511,2511,Benjamin,Diaz,D005,Operations,Permanent,144465.03,,,,,Good,Good,Good,Fair,Excellent,1
2026-06-29,legacy_hr_system,employees.csv,2512,2512,Emilia,Caceres,D002,Human Resources,Contractor,,2961.53,4316.85,30-99887766-1,Delta Consulting,Good,Good,Good,Good,Good,0
2026-06-29,legacy_hr_system,employees.csv,2513,2513,Julieta,Gimenez,D002,Human Resources,Permanent,109299.81,,,,,Good,Fair,Fair,Excellent,Poor,0
2026-06-29,legacy_hr_system,employees.csv,2514,2514,Juan Cruz,Gonzalez,D002,Human Resources,Permanent,155419.23,,,,,Fair,Good,Good,Good,Excellent,0
2026-06-29,legacy_hr_system,employees.csv,2515,2515,Ramiro,Romero,D005,Operations,Permanent,101180.6,,,,,Good,Good,Good,Fair,Good,0
2026-06-29,legacy_hr_system,employees.csv,2516,2516,Lisandro,Rios,D001,Finance,Permanent,121356.68,,,,,Fair,Good,Good,Good,Excellent,0
2026-06-29,legacy_hr_system,employees.csv,2517,2517,Martina,Lopez,D005,Operations,Contractor,,3040.96,3998.22,30-99887766-1,Delta Consulting,Poor,Excellent,Fair,Fair,Good,0
2026-06-29,legacy_hr_system,employees.csv,2518,2518,Ignacio,Romero,D003,IT,Permanent,78826.03,,,,,Excellent,Excellent,Good,Good,Fair,0
2026-06-29,legacy_hr_system,employees.csv,2519,2519,Felicitas,Avila,D001,Finance,Permanent,129689.24,,,,,Good,Fair,Excellent,Good,Excellent,0
2026-06-29,legacy_hr_system,employees.csv,2520,2520,Lourdes,Moreno,D001,Finance,Permanent,118169.88,,,,,Excellent,Poor,Good,Fair,Good,1
2026-06-29,legacy_hr_system,employees.csv,2521,2521,Jazmin,Morales,D005,Operations,Permanent,135007.21,,,,,Fair,Good,Good,Good,Good,0
2026-06-29,legacy_hr_system,employees.csv,2522,2522,Uma,Rojas,D002,Human Resources,Permanent,103991.99,,,,,Good,Good,Good,Fair,Good,0
2026-06-29,legacy_hr_system,employees.csv,2523,2523,Ignacio,Vargas,D004,Sales,Permanent,156624.64,,,,,Fair,Poor,Good,Fair,Good,0
2026-06-29,legacy_hr_system,employees.csv,2524,2524,Renata,Villalba,D004,Sales,Permanent,93696.79,,,,,Excellent,Good,Good,Good,Poor,0
2026-06-29,legacy_hr_system,employees.csv,2525,2525,Miguel Angel,Garcia,D001,Finance,Contractor,,4369.63,2752.36,30-87654321-0,Beta Consulting,Poor,Good,Poor,Good,Excellent,0
2026-06-29,legacy_hr_system,employees.csv,2526,2526,Lisandro,Sanchez,D005,Operations,Contractor,,3347.82,4975.43,30-99887766-1,Delta Consulting,Good,Poor,Good,Excellent,Good,0
2026-06-29,legacy_hr_system,employees.csv,2527,2527,Mateo Benjamin,Diaz,D002,Human Resources,Permanent,96133.29,,,,,Good,Good,Excellent,Poor,Good,1
2026-06-29,legacy_hr_system,employees.csv,2528,2528,Ramiro,Figueroa,D003,IT,Contractor,,3339.52,5779.52,30-87654321-0,Beta Consulting,Fair,Good,Fair,Good,Fair,0
2026-06-29,legacy_hr_system,employees.csv,2529,2529,Tomas Benjamin,Sosa,D005,Operations,Permanent,53495.43,,,,,Good,Fair,Excellent,Good,Poor,0
2026-06-29,legacy_hr_system,employees.csv,2530,2530,Faustino,Garcia,D002,Human Resources,Contractor,,3402.2,2006.73,30-11223344-5,Gamma Consulting,Fair,Good,Fair,Fair,Poor,0
2026-06-29,legacy_hr_system,employees.csv,2531,2531,Martina,Velazquez,D003,IT,Contractor,,2227.47,6129.17,30-87654321-0,Beta Consulting,Poor,Good,Excellent,Excellent,Poor,0
2026-06-29,legacy_hr_system,employees.csv,2532,2532,Lucía,Mansilla,D001,Finance,Permanent,102546.54,,,,,Poor,Poor,Good,Good,Good,0
2026-06-29,legacy_hr_system,employees.csv,2533,2533,Franco,Alvarez,D001,Finance,Permanent,84783.6,,,,,Good,Good,Fair,Poor,Excellent,0
2026-06-29,legacy_hr_system,employees.csv,2534,2534,Mia,Guzman,D002,Human Resources,Permanent,114061.87,,,,,Good,Good,Excellent,Fair,Good,0
2026-06-29,legacy_hr_system,employees.csv,2535,2535,Gonzalo,Vega,D005,Operations,Permanent,182037.19,,,,,Poor,Good,Excellent,Excellent,Good,0
2026-06-29,legacy_hr_system,employees.csv,2536,2536,Josefina,Gonzalez,D003,IT,Contractor,,1534.65,3448.69,30-87654321-0,Beta Consulting,Good,Good,Good,Excellent,Good,0
2026-06-29,legacy_hr_system,employees.csv,2537,2537,Renata,Aguirre,D005,Operations,Contractor,,4197.95,6357.7,30-99887766-1,Delta Consulting,Fair,Excellent,Good,Good,Excellent,0
2026-06-29,legacy_hr_system,employees.csv,2538,2538,Emma,Acosta,D002,Human Resources,Contractor,,2917.26,3260.95,30-87654321-0,Beta Consulting,Good,Good,Good,Fair,Poor,0
2026-06-29,legacy_hr_system,employees.csv,2539,2539,Maria Guadalupe,Diaz,D003,IT,Permanent,182875.31,,,,,Good,Fair,Good,Good,Good,0
2026-06-29,legacy_hr_system,employees.csv,2540,2540,Julieta,Gomez,D005,Operations,Contractor,,4275.55,5178.95,30-99887766-1,Delta Consulting,Fair,Excellent,Excellent,Fair,Fair,1
2026-06-29,legacy_hr_system,employees.csv,2541,2541,Martín,Ramos,D002,Human Resources,Permanent,95627.93,,,,,Good,Good,Good,Excellent,Excellent,1
2026-06-29,legacy_hr_system,employees.csv,2542,2542,Ian Ezequiel,Acosta,D002,Human Resources,Permanent,118529.12,,,,,Good,Excellent,Poor,Good,Good,0
2026-06-29,legacy_hr_system,employees.csv,2543,2543,Benjamin,Suarez,D001,Finance,Permanent,115189.2,,,,,Good,Fair,Excellent,Poor,Good,0
2026-06-29,legacy_hr_system,employees.csv,2544,2544,Guillermina,Lopez,D002,Human Resources,Contractor,,3264.68,5951.0,30-11223344-5,Gamma Consulting,Excellent,Good,Good,Good,Good,0
2026-06-29,legacy_hr_system,employees.csv,2545,2545,Thiago Gabriel,Ponce,D005,Operations,Contractor,,3703.53,3422.62,30-11223344-5,Gamma Consulting,Fair,Good,Excellent,Good,Good,0
2026-06-29,legacy_hr_system,employees.csv,2546,2546,Bruno,Ramos,D005,Operations,Permanent,161294.89,,,,,Excellent,Fair,Good,Poor,Good,0
2026-06-29,legacy_hr_system,employees.csv,2547,2547,Felipe,Hernandez,D004,Sales,Permanent,129393.96,,,,,Poor,Poor,Good,Excellent,Good,0
2026-06-29,legacy_hr_system,employees.csv,2548,2548,Gael,Acuña,D005,Operations,Contractor,,3549.65,5966.54,30-99887766-1,Delta Consulting,Good,Excellent,Good,Good,Fair,1
2026-06-29,legacy_hr_system,employees.csv,2549,2549,Amparo,Fernandez,D002,Human Resources,Permanent,86652.59,,,,,Excellent,Good,Good,Good,Excellent,0
2026-06-29,legacy_hr_system,employees.csv,2550,2550,Lisandro,Medina,D005,Operations,Permanent,118925.23,,,,,Good,Good,Poor,Poor,Good,0
2026-06-29,legacy_hr_system,employees.csv,2551,2551,Luz Milagros,Pereyra,D002,Human Resources,Contractor,,2574.84,2932.14,30-99887766-1,Delta Consulting,Good,Good,Fair,Good,Fair,0
2026-06-29,legacy_hr_system,employees.csv,2552,2552,Benjamin,Soria,D005,Operations,Contractor,,3277.37,7011.56,30-87654321-0,Beta Consulting,Good,Fair,Fair,Fair,Good,0
2026-06-29,legacy_hr_system,employees.csv,2553,2553,Luciano,Luna,D004,Sales,Permanent,64797.67,,,,,Excellent,Poor,Good,Good,Good,0
2026-06-29,legacy_hr_system,employees.csv,2554,2554,Catalina,Herrera,D001,Finance,Permanent,119031.58,,,,,Fair,Good,Good,Good,Good,0
2026-06-29,legacy_hr_system,employees.csv,2555,2555,Isabella,Gutierrez,D002,Human Resources,Contractor,,3512.43,,30-12345678-9,Alpha Consulting,Excellent,Excellent,Excellent,Excellent,Excellent,0
2026-06-29,legacy_hr_system,employees.csv,2556,2556,Milagros,Sanchez,D004,Sales,Contractor,,2909.5,3200.78,30-87654321-0,Beta Consulting,Fair,Fair,Poor,Poor,Good,0
2026-06-29,legacy_hr_system,employees.csv,2557,2557,Dante,Sanchez,D002,Human Resources,Contractor,,3186.23,3743.24,30-11223344-5,Gamma Consulting,Fair,Good,Good,Excellent,Good,0
2026-06-29,legacy_hr_system,employees.csv,2558,2558,Uma,Sanchez,D004,Sales,Permanent,54302.35,,,,,Poor,Fair,Good,Excellent,Good,0
2026-06-29,legacy_hr_system,employees.csv,2559,2559,Santiago,Perez,D003,IT,Contractor,,3955.67,5458.39,30-99887766-1,Delta Consulting,Good,Fair,Good,Good,Good,0
2026-06-29,legacy_hr_system,employees.csv,2560,2560,Juan Cruz,Benitez,D005,Operations,Contractor,,3041.33,4729.07,30-87654321-0,Beta Consulting,Excellent,Excellent,Good,Good,Good,0
2026-06-29,legacy_hr_system,employees.csv,2561,2561,Juan Ignacio,Fernandez,D004,Sales,Permanent,152229.54,,,,,Poor,Excellent,Poor,Good,Good,0
2026-06-29,legacy_hr_system,employees.csv,2562,2562,Victoria,Gonzalez,D005,Operations,Contractor,,3179.47,5404.02,30-12345678-9,Alpha Consulting,Good,Fair,Good,Excellent,Excellent,0
2026-06-29,legacy_hr_system,employees.csv,2563,2563,Julian,Gutierrez,D003,IT,Permanent,111075.53,,,,,Poor,Good,Good,Excellent,Good,0
2026-06-29,legacy_hr_system,employees.csv,2564,2564,Sofia,Sosa,D004,Sales,Permanent,159359.51,,,,,Fair,Poor,Good,Fair,Fair,0
2026-06-29,legacy_hr_system,employees.csv,2565,2565,Juan Cruz,Fernandez,D002,Human Resources,Contractor,,3256.63,4694.05,30-11223344-5,Gamma Consulting,Good,Excellent,Excellent,Good,Excellent,0
2026-06-29,legacy_hr_system,employees.csv,2566,2566,Federico,Garcia,D005,Operations,Permanent,81898.17,,,,,Good,Excellent,Good,Good,Good,0
2026-06-29,legacy_hr_system,employees.csv,2567,2567,Emma,Rodriguez,D003,IT,Permanent,128608.68,,,,,Good,Fair,Fair,Excellent,Excellent,0
2026-06-29,legacy_hr_system,employees.csv,2568,2568,Mora,Romero,D005,Operations,Contractor,,2334.44,3861.72,30-12345678-9,Alpha Consulting,Good,Good,Excellent,Good,Excellent,0
2026-06-29,legacy_hr_system,employees.csv,2569,2569,Simon,Fernandez,D003,IT,Contractor,,2347.7,3433.77,30-11223344-5,Gamma Consulting,Good,Good,Good,Excellent,Good,0
2026-06-29,legacy_hr_system,employees.csv,2570,2570,Agustin,Peralta,D004,Sales,Contractor,,4699.82,5831.34,30-99887766-1,Delta Consulting,Fair,Fair,Good,Excellent,Poor,0
2026-06-29,legacy_hr_system,employees.csv,2571,2571,Santino,Rodriguez,D004,Sales,Permanent,177611.03,,,,,Excellent,Fair,Excellent,Good,Excellent,1
2026-06-29,legacy_hr_system,employees.csv,2572,2572,Pedro,Lopez,D005,Operations,Contractor,,2021.68,4571.25,30-11223344-5,Gamma Consulting,Excellent,Good,Poor,Excellent,Good,0
2026-06-29,legacy_hr_system,employees.csv,2573,2573,Matias,Luna,D003,IT,Permanent,81194.77,,,,,Excellent,Good,Good,Excellent,Fair,0
2026-06-29,legacy_hr_system,employees.csv,2574,2574,Miguel Angel,Quiroga,D003,IT,Permanent,99129.15,,,,,Fair,Fair,Fair,Good,Fair,0
2026-06-29,legacy_hr_system,employees.csv,2575,2575,Mora,Sanchez,D005,Operations,Permanent,92456.19,,,,,Good,Good,Excellent,Good,Good,0
2026-06-29,legacy_hr_system,employees.csv,2576,2576,Sara,Vera,D001,Finance,Permanent,157187.52,,,,,Excellent,Good,Fair,Excellent,Good,0
2026-06-29,legacy_hr_system,employees.csv,2577,2577,Felicitas,Rojas,D001,Finance,Permanent,108113.11,,,,,Poor,Poor,Good,Poor,Fair,0
2026-06-29,legacy_hr_system,employees.csv,2578,2578,Martin,Navarro,D001,Finance,Contractor,,3854.7,5104.12,30-12345678-9,Alpha Consulting,Good,Good,Good,Excellent,Poor,0
2026-06-29,legacy_hr_system,employees.csv,2579,2579,Valentin,Fernandez,D002,Human Resources,Permanent,189109.16,,,,,Poor,Good,Good,Poor,Good,0
2026-06-29,legacy_hr_system,employees.csv,2580,2580,Nina,Ayala,D001,Finance,Contractor,,1816.44,5759.23,30-12345678-9,Alpha Consulting,Excellent,Good,Good,Good,Poor,0
2026-06-29,legacy_hr_system,employees.csv,2581,2581,Valentin,Medina,D004,Sales,Contractor,,3917.15,3526.62,30-87654321-0,Beta Consulting,Fair,Fair,Good,Good,Good,1
2026-06-29,legacy_hr_system,employees.csv,2582,2582,Ramiro,Vega,D005,Operations,Contractor,,3805.71,4836.14,30-11223344-5,Gamma Consulting,Good,Excellent,Poor,Poor,Fair,0
2026-06-29,legacy_hr_system,employees.csv,2583,2583,Valentin,Martinez,D004,Sales,Permanent,113175.71,,,,,Fair,Good,Good,Poor,Good,0
2026-06-29,legacy_hr_system,employees.csv,2584,2584,Francisco,Guzman,D001,Finance,Permanent,,,,,,Good,Good,Fair,Good,Fair,0
2026-06-29,legacy_hr_system,employees.csv,2585,2585,Ana Paula,Bustos,D002,Human Resources,Permanent,98426.72,,,,,Excellent,Fair,Excellent,Good,Excellent,0
2026-06-29,legacy_hr_system,employees.csv,2586,2586,Francesca,Quiroga,D003,IT,Permanent,181494.36,,,,,Good,Good,Fair,Good,Good,0
2026-06-29,legacy_hr_system,employees.csv,2587,2587,Vicente,Caceres,D004,Sales,Permanent,,,,,,Poor,Fair,Good,Excellent,Excellent,0
2026-06-29,legacy_hr_system,employees.csv,2588,2588,Lautaro Nicolas,Acosta,D004,Sales,Contractor,,3625.7,3709.1,30-99887766-1,Delta Consulting,Good,Good,Fair,Good,Fair,1
2026-06-29,legacy_hr_system,employees.csv,2589,2589,Martina,Herrera,D001,Finance,Contractor,,2376.12,5581.98,30-87654321-0,Beta Consulting,Poor,Fair,Excellent,Fair,Good,0
2026-06-29,legacy_hr_system,employees.csv,2590,2590,Lautaro,Medina,D005,Operations,Permanent,79512.71,,,,,Fair,Good,Good,Fair,Fair,1
2026-06-29,legacy_hr_system,employees.csv,2591,2591,Joaquin,Vazquez,D002,Human Resources,Unknown,,2667.83,4534.03,30-87654321-0,Beta Consulting,Good,Fair,Good,Poor,Good,1
2026-06-29,legacy_hr_system,employees.csv,2592,2592,Juan Martin,Fernandez,D002,Human Resources,Contractor,,3089.1,4320.91,30-12345678-9,Alpha Consulting,Fair,Good,Excellent,Good,Good,0
2026-06-29,legacy_hr_system,employees.csv,2593,2593,Santino,Maldonado,D002,Human Resources,Contractor,,3316.66,5192.86,30-99887766-1,Delta Consulting,Excellent,Poor,Excellent,Good,Good,0
2026-06-29,legacy_hr_system,employees.csv,2594,2594,Violeta,Romero,D001,Finance,Permanent,142039.13,,,,,Excellent,Good,Good,Good,Good,0
2026-06-29,legacy_hr_system,employees.csv,2595,2595,Lara,Arias,D005,Operations,Permanent,90425.89,,,,,Excellent,Fair,Good,Good,Poor,0
2026-06-29,legacy_hr_system,employees.csv,2596,2596,Julia,Ruiz,D002,Human Resources,Contractor,,2772.68,5694.76,30-87654321-0,Beta Consulting,Good,Excellent,Good,Excellent,Good,1
2026-06-29,legacy_hr_system,employees.csv,2597,2597,Renata,Rios,D003,IT,Permanent,146839.42,,,,,Good,Good,Fair,Good,Fair,1
2026-06-29,legacy_hr_system,employees.csv,2598,2598,Manuel,Valdez,D001,Finance,Permanent,78814.22,,,,,Fair,Good,Excellent,Poor,Good,0
2026-06-29,legacy_hr_system,employees.csv,2599,2599,Olivia,Romero,D004,Sales,Contractor,,3281.18,2521.77,30-11223344-5,Gamma Consulting,Good,Good,Good,Poor,Excellent,0
2026-06-29,legacy_hr_system,employees.csv,2600,2600,Zoe Valentina,Luna,D005,Operations,Contractor,,3037.55,6397.77,30-11223344-5,Gamma Consulting,Good,Poor,Good,Excellent,Good,0
2026-06-29,legacy_hr_system,employees.csv,2601,2601,Martín,Benitez,D001,Finance,Contractor,,2241.69,3665.68,30-99887766-1,Delta Consulting,Good,Good,Good,Fair,Fair,0
2026-06-29,legacy_hr_system,employees.csv,2602,2602,Maia,Molina,D004,Sales,Contractor,,3611.22,2957.2,30-87654321-0,Beta Consulting,Fair,Good,Good,Excellent,Good,0
2026-06-29,legacy_hr_system,employees.csv,2603,2603,Emma,Dominguez,D003,IT,Contractor,,2493.8,5096.44,30-99887766-1,Delta Consulting,Excellent,Poor,Good,Fair,Fair,0
2026-06-29,legacy_hr_system,employees.csv,2604,2604,Bautista,Soria,D004,Sales,Permanent,100971.42,,,,,Excellent,Good,Good,Fair,Poor,0
2026-06-29,legacy_hr_system,employees.csv,2605,2605,Dante,Suarez,D002,Human Resources,Permanent,112920.9,,,,,Fair,Excellent,Good,Excellent,Good,0
2026-06-29,legacy_hr_system,employees.csv,2606,2606,Mia,Medina,D001,Finance,Permanent,142325.57,,,,,Good,Fair,Poor,Good,Fair,0
2026-06-29,legacy_hr_system,employees.csv,2607,2607,Lautaro Benjamin,Paz,D001,Finance,Permanent,132646.38,,,,,Good,Excellent,Excellent,Good,Excellent,0
2026-06-29,legacy_hr_system,employees.csv,2608,2608,Joaquin,Moyano,D003,IT,Permanent,128004.55,,,,,Good,Excellent,Good,Good,Fair,0
2026-06-29,legacy_hr_system,employees.csv,2609,2609,Bautista,Gomez,D003,IT,Contractor,,,4870.06,30-99887766-1,Delta Consulting,Good,Good,Good,Good,Fair,0
2026-06-29,legacy_hr_system,employees.csv,2610,2610,Zoe Valentina,Vazquez,D005,Operations,Contractor,,2901.01,4957.81,30-99887766-1,Delta Consulting,Good,Fair,Good,Fair,Good,0
2026-06-29,legacy_hr_system,employees.csv,2611,2611,Olivia,Aguirre,D004,Sales,Contractor,,2602.45,4317.43,30-87654321-0,Beta Consulting,Excellent,Good,Good,Good,Good,0
2026-06-29,legacy_hr_system,employees.csv,2612,2612,Milagros,Gomez,D005,Operations,Contractor,,2208.03,4464.99,30-11223344-5,Gamma Consulting,Good,Excellent,Excellent,Good,Fair,0
2026-06-29,legacy_hr_system,employees.csv,2613,2613,Augusto,Paez,D004,Sales,Contractor,,2351.2,3385.95,30-12345678-9,Alpha Consulting,Good,Good,Excellent,Good,Good,0
2026-06-29,legacy_hr_system,employees.csv,2614,2614,Alvaro,Godoy,D005,Operations,Permanent,127759.83,,,,,Good,Good,Fair,Excellent,Fair,0
2026-06-29,legacy_hr_system,employees.csv,2615,2615,Benjamin,Fernandez,D002,Human Resources,Contractor,,3170.19,5282.87,30-87654321-0,Beta Consulting,Good,Poor,Good,Good,Excellent,0
2026-06-29,legacy_hr_system,employees.csv,2616,2616,Felipe,Pereyra,D002,Human Resources,Permanent,107066.23,,,,,Fair,Fair,Poor,Fair,Good,0
2026-06-29,legacy_hr_system,employees.csv,2617,2617,Francesca,Silva,D005,Operations,Contractor,,3326.44,5050.8,30-11223344-5,Gamma Consulting,Excellent,Good,Good,Poor,Excellent,0
2026-06-29,legacy_hr_system,employees.csv,2618,2618,Santiago,Castillo,D003,IT,Contractor,,3355.82,3674.35,30-12345678-9,Alpha Consulting,Excellent,Good,Excellent,Excellent,Good,0
2026-06-29,legacy_hr_system,employees.csv,2619,2619,Josefina,Ortiz,D004,Sales,Contractor,,3119.49,4864.14,30-87654321-0,Beta Consulting,Fair,Excellent,Good,Excellent,Poor,0
2026-06-29,legacy_hr_system,employees.csv,2620,2620,Ian Ezequiel,Sanchez,D001,Finance,Contractor,,3005.74,2413.52,30-87654321-0,Beta Consulting,Fair,Excellent,Good,Good,Good,0
2026-06-29,legacy_hr_system,employees.csv,2621,2621,Juan David,Benitez,D003,IT,Contractor,,3128.39,6712.53,30-87654321-0,Beta Consulting,Fair,Excellent,Poor,Good,Good,0
2026-06-29,legacy_hr_system,employees.csv,2622,2622,Lautaro Nahuel,Romero,D001,Finance,Permanent,109198.82,,,,,Poor,Excellent,Excellent,Fair,Fair,1
2026-06-29,legacy_hr_system,employees.csv,2623,2623,Catalina,Gonzalez,D002,Human Resources,Contractor,,,4873.35,30-87654321-0,Beta Consulting,Fair,Good,Good,Fair,Poor,0
2026-06-29,legacy_hr_system,employees.csv,2624,2624,Charo,Ruiz,D004,Sales,Permanent,129371.35,,,,,Good,Excellent,Fair,Good,Poor,1
2026-06-29,legacy_hr_system,employees.csv,2625,2625,Juan Ignacio,Garcia,D004,Sales,Contractor,,3954.19,3242.13,30-99887766-1,Delta Consulting,Excellent,Fair,Excellent,Good,Excellent,0
2026-06-29,legacy_hr_system,employees.csv,2626,2626,Guadalupe,Molina,D001,Finance,Permanent,141941.41,,,,,Good,Good,Fair,Excellent,Good,0
2026-06-29,legacy_hr_system,employees.csv,2627,2627,Isabella,Quiroga,D001,Finance,Contractor,,3472.34,4357.85,30-11223344-5,Gamma Consulting,Fair,Excellent,Good,Excellent,Good,0
2026-06-29,legacy_hr_system,employees.csv,2628,2628,Tobias,Sosa,D003,IT,Permanent,130160.62,,,,,Good,Good,Good,Poor,Fair,0
2026-06-29,legacy_hr_system,employees.csv,2629,2629,Candela,Guzman,D002,Human Resources,Permanent,150883.72,,,,,Excellent,Fair,Excellent,Good,Poor,0
2026-06-29,legacy_hr_system,employees.csv,2630,2630,Francisco,Quiroga,D004,Sales,Contractor,,3697.85,3356.98,30-11223344-5,Gamma Consulting,Poor,Fair,Good,Good,Good,0
2026-06-29,legacy_hr_system,employees.csv,2631,2631,Camila,Sanchez,D005,Operations,Permanent,144604.75,,,,,Good,Good,Good,Fair,Good,0
2026-06-29,legacy_hr_system,employees.csv,2632,2632,Olivia,Alvarez,D005,Operations,Contractor,,2948.25,4572.87,30-12345678-9,Alpha Consulting,Good,Poor,Good,Excellent,Fair,1
2026-06-29,legacy_hr_system,employees.csv,2633,2633,Manuel,Dominguez,D003,IT,Permanent,122195.91,,,,,Good,Fair,Good,Excellent,Good,0
2026-06-29,legacy_hr_system,employees.csv,2634,2634,Agustin,Lopez,D003,IT,Permanent,115492.71,,,,,Excellent,Good,Good,Fair,Excellent,0
2026-06-29,legacy_hr_system,employees.csv,2635,2635,Olivia,Blanco,D005,Operations,Permanent,155751.22,,,,,Poor,Good,Good,Good,Poor,0
2026-06-29,legacy_hr_system,employees.csv,2636,2636,Giuliana,Fernandez,D003,IT,Permanent,117488.46,,,,,Good,Good,Excellent,Excellent,Good,0
2026-06-29,legacy_hr_system,employees.csv,2637,2637,Mateo Joaquin,Carrizo,D002,Human Resources,Permanent,86413.62,,,,,Excellent,Good,Good,Poor,Poor,0
2026-06-29,legacy_hr_system,employees.csv,2638,2638,Valentino,Rodriguez,D002,Human Resources,Permanent,108194.1,,,,,Fair,Fair,Good,Excellent,Good,0
2026-06-29,legacy_hr_system,employees.csv,2639,2639,Benjamin,Muñoz,D002,Human Resources,Contractor,,3142.96,5729.21,30-87654321-0,Beta Consulting,Good,Good,Good,Good,Good,0
2026-06-29,legacy_hr_system,employees.csv,2640,2640,Pilar,Benitez,D003,IT,Permanent,138092.84,,,,,Good,Good,Excellent,Fair,Good,0
2026-06-29,legacy_hr_system,employees.csv,2641,2641,Juan Sebastian,Rodriguez,D003,IT,Permanent,94483.94,,,,,Good,Poor,Good,Poor,Poor,0
2026-06-29,legacy_hr_system,employees.csv,2642,2642,Santino Benjamin,Ramirez,D003,IT,Permanent,194555.7,,,,,Good,Good,Good,Fair,Excellent,0
2026-06-29,legacy_hr_system,employees.csv,2643,2643,Facundo,Caceres,D002,Human Resources,Contractor,,3211.82,5775.39,30-99887766-1,Delta Consulting,Excellent,Good,Excellent,Fair,Excellent,1
2026-06-29,legacy_hr_system,employees.csv,2644,2644,Juan Martin,Flores,D004,Sales,Permanent,115448.57,,,,,Good,Excellent,Good,Good,Good,0
2026-06-29,legacy_hr_system,employees.csv,2645,2645,Joaquin,Gimenez,D005,Operations,Permanent,136000.78,,,,,Good,Good,Poor,Poor,Good,0
2026-06-29,legacy_hr_system,employees.csv,2646,2646,Nicolas,Acosta,D003,IT,Contractor,,3671.57,5718.19,30-11223344-5,Gamma Consulting,Excellent,Poor,Good,Good,Excellent,0
2026-06-29,legacy_hr_system,employees.csv,2647,2647,Benicio,Lopez,D005,Operations,Permanent,151721.05,,,,,Good,Fair,Fair,Fair,Good,0
2026-06-29,legacy_hr_system,employees.csv,2648,2648,Sofía,Silva,D001,Finance,Permanent,146165.91,,,,,Good,Good,Excellent,Fair,Fair,0
2026-06-29,legacy_hr_system,employees.csv,2649,2649,Thiago Leonel,Martinez,D005,Operations,Permanent,110547.4,,,,,Good,Good,Excellent,Fair,Good,0
2026-06-29,legacy_hr_system,employees.csv,2650,2650,Juan Bautista,Ramirez,D005,Operations,Contractor,,2542.6,4832.61,30-12345678-9,Alpha Consulting,Good,Good,Good,Good,Excellent,0
2026-06-29,legacy_hr_system,employees.csv,2651,2651,Manuel,Torres,D001,Finance,Contractor,,3746.5,4277.28,30-99887766-1,Delta Consulting,Excellent,Fair,Good,Poor,Excellent,0
2026-06-29,legacy_hr_system,employees.csv,2652,2652,Ema,Ortiz,D004,Sales,Permanent,151955.16,,,,,Excellent,Good,Fair,Good,Fair,0
2026-06-29,legacy_hr_system,employees.csv,2653,2653,Federico,Gomez,D005,Operations,Contractor,,4162.09,3583.68,30-11223344-5,Gamma Consulting,Fair,Good,Good,Excellent,Fair,0
2026-06-29,legacy_hr_system,employees.csv,2654,2654,Jazmin,Ledesma,D005,Operations,Permanent,94892.38,,,,,Good,Fair,Fair,Good,Good,0
2026-06-29,legacy_hr_system,employees.csv,2655,2655,Valentino,Ojeda,D003,IT,Contractor,,2887.7,4807.61,30-11223344-5,Gamma Consulting,Excellent,Good,Good,Good,Good,1
2026-06-29,legacy_hr_system,employees.csv,2656,2656,Dylan Benjamin,Velazquez,D004,Sales,Permanent,104262.99,,,,,Fair,Good,Good,Good,Good,1
2026-06-29,legacy_hr_system,employees.csv,2657,2657,Fausto,Medina,D005,Operations,Permanent,160566.08,,,,,Good,Poor,Good,Good,Fair,0
2026-06-29,legacy_hr_system,employees.csv,2658,2658,Bautista,Paez,D005,Operations,Permanent,132722.01,,,,,Good,Good,Excellent,Good,Good,0
2026-06-29,legacy_hr_system,employees.csv,2659,2659,Catalina,Herrera,D001,Finance,Contractor,,3031.56,3064.09,30-12345678-9,Alpha Consulting,Good,Good,Poor,Excellent,Good,0
2026-06-29,legacy_hr_system,employees.csv,2660,2660,Thiago Nicolas,Campos,D001,Finance,Permanent,80525.53,,,,,Fair,Excellent,Good,Good,Good,0
2026-06-29,legacy_hr_system,employees.csv,2661,2661,Bautista,Godoy,D003,IT,Permanent,128430.28,,,,,Good,Good,Poor,Excellent,Good,0
2026-06-29,legacy_hr_system,employees.csv,2662,2662,Lourdes,Sanchez,D004,Sales,Contractor,,1293.92,5512.64,30-87654321-0,Beta Consulting,Good,Good,Fair,Excellent,Good,0
2026-06-29,legacy_hr_system,employees.csv,2663,2663,Isabella,Romero,D005,Operations,Contractor,,2873.48,7743.09,30-11223344-5,Gamma Consulting,Excellent,Good,Good,Fair,Excellent,1
2026-06-29,legacy_hr_system,employees.csv,2664,2664,Santiago Benjamin,Herrera,D001,Finance,Contractor,,4846.33,4318.55,30-11223344-5,Gamma Consulting,Fair,Good,Good,Good,Good,0
2026-06-29,legacy_hr_system,employees.csv,2665,2665,Agustina,Herrera,D003,IT,Contractor,,2914.93,,30-87654321-0,Beta Consulting,Excellent,Poor,Excellent,Excellent,Good,0
2026-06-29,legacy_hr_system,employees.csv,2666,2666,Maria Paz,Flores,D002,Human Resources,Contractor,,,2861.97,30-12345678-9,Alpha Consulting,Good,Poor,Good,Fair,Fair,0
2026-06-29,legacy_hr_system,employees.csv,2667,2667,Thiago Daniel,Figueroa,D005,Operations,Permanent,332043.7,,,,,Fair,Fair,Fair,Fair,Good,0
2026-06-29,legacy_hr_system,employees.csv,2668,2668,Emilia,Gonzalez,D005,Operations,Permanent,101338.96,,,,,Excellent,Good,Excellent,Excellent,Fair,0
2026-06-29,legacy_hr_system,employees.csv,2669,2669,Thiago Gabriel,Cardozo,D004,Sales,Permanent,137482.13,,,,,Good,Poor,Excellent,Excellent,Excellent,0
2026-06-29,legacy_hr_system,employees.csv,2670,2670,Ian Benjamin,Ortiz,D005,Operations,Permanent,134906.21,,,,,Fair,Fair,Poor,Good,Good,0
2026-06-29,legacy_hr_system,employees.csv,2671,2671,Isabella,Herrera,D005,Operations,Contractor,,3855.82,3300.3,30-99887766-1,Delta Consulting,Excellent,Fair,Good,Good,Good,0
2026-06-29,legacy_hr_system,employees.csv,2672,2672,Mateo,Rodriguez,D003,IT,Permanent,50515.68,,,,,Fair,Good,Good,Good,Good,1
2026-06-29,legacy_hr_system,employees.csv,2673,2673,Juan Sebastian,Correa,D005,Operations,Permanent,145740.43,,,,,Good,Fair,Fair,Good,Excellent,0
2026-06-29,legacy_hr_system,employees.csv,2674,2674,Julian,Garcia,D003,IT,Permanent,95154.11,,,,,Excellent,Good,Good,Poor,Fair,0
2026-06-29,legacy_hr_system,employees.csv,2675,2675,Catalina,Gimenez,D002,Human Resources,Permanent,59445.36,,,,,Good,Good,Good,Good,Good,0
2026-06-29,legacy_hr_system,employees.csv,2676,2676,Mia Jazmin,Garcia,D002,Human Resources,Contractor,,3116.05,5293.18,30-99887766-1,Delta Consulting,Good,Excellent,Good,Good,Excellent,1
2026-06-29,legacy_hr_system,employees.csv,2677,2677,Valentino,Garcia,D005,Operations,Permanent,116338.29,,,,,Fair,Fair,Good,Fair,Excellent,1
2026-06-29,legacy_hr_system,employees.csv,2678,2678,Jazmín,Gonzalez,D005,Operations,Permanent,106264.55,,,,,Good,Good,Fair,Good,Excellent,0
2026-06-29,legacy_hr_system,employees.csv,2679,2679,Santino,Lopez,D004,Sales,Permanent,115219.13,,,,,Good,Fair,Fair,Good,Fair,0
2026-06-29,legacy_hr_system,employees.csv,2680,2680,Mia,Fernandez,D005,Operations,Permanent,108882.52,,,,,Good,Excellent,Good,Good,Good,0
2026-06-29,legacy_hr_system,employees.csv,2681,2681,Tomàs,Cordoba,D003,IT,Contractor,,1921.56,3785.32,30-99887766-1,Delta Consulting,Good,Good,Good,Excellent,Fair,0
2026-06-29,legacy_hr_system,employees.csv,2682,2682,Thiago Benjamin,Quiroga,D004,Sales,Permanent,135638.4,,,,,Good,Good,Good,Fair,Good,1
2026-06-29,legacy_hr_system,employees.csv,2683,2683,Pilar,Figueroa,D003,IT,Permanent,129650.36,,,,,Good,Fair,Good,Fair,Fair,0
2026-06-29,legacy_hr_system,employees.csv,2684,2684,Morena Jazmin,Romero,D002,Human Resources,Permanent,125041.79,,,,,Good,Good,Good,Fair,Good,1
2026-06-29,legacy_hr_system,employees.csv,2685,2685,Catalina,Fernandez,D003,IT,Permanent,90145.55,,,,,Excellent,Good,Good,Fair,Good,0
2026-06-29,legacy_hr_system,employees.csv,2686,2686,Lucas Benjamin,Fernandez,D003,IT,Permanent,114554.91,,,,,Good,Poor,Good,Excellent,Excellent,0
2026-06-29,legacy_hr_system,employees.csv,2687,2687,Guillermina,Toledo,D004,Sales,Contractor,,1258.35,4678.48,30-12345678-9,Alpha Consulting,Fair,Poor,Poor,Fair,Fair,0
2026-06-29,legacy_hr_system,employees.csv,2688,2688,Milo,Martinez,D005,Operations,Contractor,,4143.09,3025.87,30-12345678-9,Alpha Consulting,Good,Fair,Fair,Fair,Good,0
2026-06-29,legacy_hr_system,employees.csv,2689,2689,Simon,Godoy,D005,Operations,Contractor,,,4829.11,30-99887766-1,Delta Consulting,Good,Good,Fair,Excellent,Good,0
2026-06-29,legacy_hr_system,employees.csv,2690,2690,Sofia,Ponce,D003,IT,Permanent,157585.28,,,,,Good,Good,Poor,Good,Good,1
2026-06-29,legacy_hr_system,employees.csv,2691,2691,Lautaro,Moreno,D002,Human Resources,Contractor,,2641.42,3807.75,30-99887766-1,Delta Consulting,Fair,Good,Good,Excellent,Good,1
2026-06-29,legacy_hr_system,employees.csv,2692,2692,Zoe,Gomez,D005,Operations,Permanent,60932.31,,,,,Good,Good,Good,Fair,Good,1
2026-06-29,legacy_hr_system,employees.csv,2693,2693,Mateo,Ruiz,D003,IT,Permanent,123103.14,,,,,Poor,Good,Fair,Excellent,Good,0
2026-06-29,legacy_hr_system,employees.csv,2694,2694,Julieta,Cardozo,D004,Sales,Contractor,,4633.66,4777.36,30-87654321-0,Beta Consulting,Fair,Excellent,Fair,Good,Good,0
2026-06-29,legacy_hr_system,employees.csv,2695,2695,Gonzalo,Rojas,D003,IT,Contractor,,2982.18,4822.08,30-87654321-0,Beta Consulting,Good,Good,Good,Poor,Good,0
2026-06-29,legacy_hr_system,employees.csv,2696,2696,Olivia,Vega,D003,IT,Permanent,119667.24,,,,,Good,Fair,Excellent,Good,Good,0
2026-06-29,legacy_hr_system,employees.csv,2697,2697,Agustin,Fernandez,D004,Sales,Contractor,,2349.59,5323.28,30-11223344-5,Gamma Consulting,Good,Fair,Good,Good,Good,0
2026-06-29,legacy_hr_system,employees.csv,2698,2698,Tiziana,Gonzalez,D001,Finance,Contractor,,3180.61,4517.61,30-99887766-1,Delta Consulting,Good,Poor,Poor,Excellent,Excellent,0
2026-06-29,legacy_hr_system,employees.csv,2699,2699,Dylan,Acosta,D001,Finance,Contractor,,2219.71,5803.51,30-87654321-0,Beta Consulting,Excellent,Good,Good,Good,Good,1
2026-06-29,legacy_hr_system,employees.csv,2700,2700,Agostina,Soto,D001,Finance,Permanent,139941.08,,,,,Fair,Fair,Good,Good,Fair,0
2026-06-29,legacy_hr_system,employees.csv,2701,2701,Thiago Ezequiel,Gonzalez,D003,IT,Contractor,,2557.66,5501.82,30-87654321-0,Beta Consulting,Good,Fair,Good,Fair,Excellent,0
2026-06-29,legacy_hr_system,employees.csv,2702,2702,Bastian,Godoy,D002,Human Resources,Permanent,105072.87,,,,,Good,Good,Good,Good,Poor,0
2026-06-29,legacy_hr_system,employees.csv,2703,2703,Maximiliano,Benitez,D004,Sales,Contractor,,2374.4,3740.3,30-11223344-5,Gamma Consulting,Poor,Fair,Good,Good,Good,0
2026-06-29,legacy_hr_system,employees.csv,2704,2704,Bastian,Mendez,D001,Finance,Permanent,66867.94,,,,,Excellent,Good,Good,Good,Good,0
2026-06-29,legacy_hr_system,employees.csv,2705,2705,Ignacio,Perez,D004,Sales,Contractor,,3377.23,2668.86,30-12345678-9,Alpha Consulting,Excellent,Good,Good,Good,Excellent,1
2026-06-29,legacy_hr_system,employees.csv,2706,2706,Santino,Ferreyra,D001,Finance,Permanent,83146.69,,,,,Fair,Excellent,Good,Poor,Good,0
2026-06-29,legacy_hr_system,employees.csv,2707,2707,Francesca,Ramos,D001,Finance,Permanent,57732.36,,,,,Poor,Fair,Poor,Good,Fair,0
2026-06-29,legacy_hr_system,employees.csv,2708,2708,Lautaro Ezequiel,Ponce,D005,Operations,Contractor,,2931.14,4349.68,30-12345678-9,Alpha Consulting,Good,Good,Excellent,Excellent,Good,0
2026-06-29,legacy_hr_system,employees.csv,2709,2709,Salvador,Diaz,D001,Finance,Permanent,110199.11,,,,,Excellent,Excellent,Good,Fair,Excellent,0
2026-06-29,legacy_hr_system,employees.csv,2710,2710,Alma,Ledesma,D004,Sales,Contractor,,2165.94,3327.77,30-99887766-1,Delta Consulting,Fair,Excellent,Fair,Fair,Excellent,0
2026-06-29,legacy_hr_system,employees.csv,2711,2711,Joaquin,Molina,D004,Sales,Contractor,,3371.5,3949.45,30-99887766-1,Delta Consulting,Good,Good,Fair,Good,Poor,0
2026-06-29,legacy_hr_system,employees.csv,2712,2712,Felicitas,Rivero,D005,Operations,Contractor,,3253.09,3614.75,30-11223344-5,Gamma Consulting,Good,Excellent,Excellent,Good,Good,1
2026-06-29,legacy_hr_system,employees.csv,2713,2713,Benjamin,Gomez,D001,Finance,Permanent,125431.88,,,,,Excellent,Good,Fair,Fair,Fair,0
2026-06-29,legacy_hr_system,employees.csv,2714,2714,Santino,Acosta,D002,Human Resources,Contractor,,4042.62,5086.17,30-11223344-5,Gamma Consulting,Good,Fair,Poor,Fair,Fair,0
2026-06-29,legacy_hr_system,employees.csv,2715,2715,Delfina,Garcia,D003,IT,Contractor,,2670.07,4757.2,30-11223344-5,Gamma Consulting,Fair,Good,Excellent,Good,Good,0
2026-06-29,legacy_hr_system,employees.csv,2716,2716,Santiago,Gonzalez,D003,IT,Permanent,112780.04,,,,,Good,Good,Good,Good,Good,0
2026-06-29,legacy_hr_system,employees.csv,2717,2717,Catalina,Acuña,D001,Finance,Permanent,120236.41,,,,,Good,Good,Excellent,Good,Excellent,0
2026-06-29,legacy_hr_system,employees.csv,2718,2718,Ambar,Miranda,D005,Operations,Permanent,110231.67,,,,,Good,Good,Good,Excellent,Fair,0
2026-06-29,legacy_hr_system,employees.csv,2719,2719,Maria Guadalupe,Godoy,D001,Finance,Permanent,115069.94,,,,,Good,Good,Good,Good,Good,0
2026-06-29,legacy_hr_system,employees.csv,2720,2720,Paloma,Gomez,D005,Operations,Contractor,,3169.67,3506.64,30-12345678-9,Alpha Consulting,Excellent,Fair,Good,Poor,Excellent,0
2026-06-29,legacy_hr_system,employees.csv,2721,2721,Jazmín,Fernandez,D001,Finance,Permanent,89523.64,,,,,Poor,Good,Good,Good,Excellent,0
2026-06-29,legacy_hr_system,employees.csv,2722,2722,Ambar,Mendoza,D001,Finance,Permanent,78343.72,,,,,Good,Good,Excellent,Good,Good,0
2026-06-29,legacy_hr_system,employees.csv,2723,2723,Tiziano,Martin,D004,Sales,Permanent,71991.87,,,,,Good,Good,Excellent,Good,Good,0
2026-06-29,legacy_hr_system,employees.csv,2724,2724,Kiara,Ledesma,D004,Sales,Contractor,,2026.17,4659.46,30-87654321-0,Beta Consulting,Good,Fair,Excellent,Poor,Excellent,0
2026-06-29,legacy_hr_system,employees.csv,2725,2725,Valentina,Herrera,D001,Finance,Permanent,,,,,,Excellent,Excellent,Excellent,Good,Fair,1
2026-06-29,legacy_hr_system,employees.csv,2726,2726,Santiago Nicolas,Godoy,D003,IT,Contractor,,3410.89,4534.71,30-12345678-9,Alpha Consulting,Good,Poor,Excellent,Good,Excellent,0
2026-06-29,legacy_hr_system,employees.csv,2727,2727,Thiago Gabriel,Perez,D002,Human Resources,Permanent,60944.87,,,,,Good,Excellent,Good,Good,Fair,0
2026-06-29,legacy_hr_system,employees.csv,2728,2728,Pedro,Barrios,D001,Finance,Permanent,139649.27,,,,,Fair,Good,Good,Fair,Good,0
2026-06-29,legacy_hr_system,employees.csv,2729,2729,Milo,Sanchez,D002,Human Resources,Permanent,144323.96,,,,,Excellent,Good,Fair,Good,Excellent,0
2026-06-29,legacy_hr_system,employees.csv,2730,2730,Mateo,Rodriguez,D003,IT,Permanent,90184.12,,,,,Good,Excellent,Good,Good,Excellent,0
2026-06-29,legacy_hr_system,employees.csv,2731,2731,Santiago Benjamin,Alvarez,D002,Human Resources,Permanent,132605.75,,,,,Good,Good,Excellent,Good,Excellent,0
2026-06-29,legacy_hr_system,employees.csv,2732,2732,Ignacio,Rodriguez,D004,Sales,Contractor,,2314.8,4597.67,30-12345678-9,Alpha Consulting,Fair,Excellent,Fair,Good,Fair,0
2026-06-29,legacy_hr_system,employees.csv,2733,2733,Ivan,Perez,D003,IT,Permanent,82065.05,,,,,Good,Excellent,Good,Fair,Good,0
2026-06-29,legacy_hr_system,employees.csv,2734,2734,Simon,Aguirre,D001,Finance,Permanent,66206.81,,,,,Good,Good,Excellent,Excellent,Excellent,0
2026-06-29,legacy_hr_system,employees.csv,2735,2735,Dylan,Cabrera,D003,IT,Permanent,108515.48,,,,,Fair,Good,Good,Poor,Fair,0
2026-06-29,legacy_hr_system,employees.csv,2736,2736,Joaquin,Aguirre,D005,Operations,Permanent,116288.13,,,,,Good,Excellent,Good,Good,Good,0
2026-06-29,legacy_hr_system,employees.csv,2737,2737,Felipe,Vazquez,D003,IT,Contractor,,2681.86,3315.97,30-99887766-1,Delta Consulting,Poor,Good,Fair,Good,Excellent,0
2026-06-29,legacy_hr_system,employees.csv,2738,2738,Delfina,Moreno,D004,Sales,Contractor,,2680.08,4769.29,30-11223344-5,Gamma Consulting,Fair,Fair,Good,Good,Good,0
2026-06-29,legacy_hr_system,employees.csv,2739,2739,Ian Ezequiel,Vera,D003,IT,Permanent,118653.21,,,,,Poor,Good,Good,Good,Good,0
2026-06-29,legacy_hr_system,employees.csv,2740,2740,Santino,Rodriguez,D004,Sales,Contractor,,3146.0,3829.88,30-11223344-5,Gamma Consulting,Poor,Good,Fair,Good,Good,0
2026-06-29,legacy_hr_system,employees.csv,2741,2741,Franco,Martinez,D004,Sales,Permanent,155151.54,,,,,Good,Fair,Good,Good,Good,0
2026-06-29,legacy_hr_system,employees.csv,2742,2742,Tomàs,Escobar,D004,Sales,Permanent,84714.8,,,,,Good,Good,Good,Excellent,Good,1
2026-06-29,legacy_hr_system,employees.csv,2743,2743,Felipe,Godoy,D004,Sales,Contractor,,3390.05,5681.89,30-87654321-0,Beta Consulting,Good,Good,Good,Good,Good,0
2026-06-29,legacy_hr_system,employees.csv,2744,2744,Paula,Dominguez,D002,Human Resources,Contractor,,3384.73,4297.48,30-12345678-9,Alpha Consulting,Good,Excellent,Fair,Excellent,Good,0
2026-06-29,legacy_hr_system,employees.csv,2745,2745,Thiago Benjamin,Quiroga,D002,Human Resources,Contractor,,2577.36,5536.09,30-12345678-9,Alpha Consulting,Good,Good,Good,Poor,Excellent,0
2026-06-29,legacy_hr_system,employees.csv,2746,2746,Florencia,Silva,D005,Operations,Contractor,,1861.62,3529.88,30-99887766-1,Delta Consulting,Excellent,Good,Good,Good,Excellent,0
2026-06-29,legacy_hr_system,employees.csv,2747,2747,Agustina,Acuña,D002,Human Resources,Contractor,,2681.95,5737.65,30-12345678-9,Alpha Consulting,Poor,Good,Good,Fair,Poor,1
2026-06-29,legacy_hr_system,employees.csv,2748,2748,Morena,Benitez,D001,Finance,Permanent,131393.03,,,,,Excellent,Fair,Good,Excellent,Poor,1
2026-06-29,legacy_hr_system,employees.csv,2749,2749,Valentina Jazmin,Vargas,D004,Sales,Contractor,,2225.56,4189.69,30-11223344-5,Gamma Consulting,Fair,Good,Excellent,Good,Fair,0
2026-06-29,legacy_hr_system,employees.csv,2750,2750,Martín,Rojas,D002,Human Resources,Permanent,101570.31,,,,,Fair,Good,Good,Poor,Excellent,0
2026-06-29,legacy_hr_system,employees.csv,2751,2751,Benjamin,Moyano,D002,Human Resources,Contractor,,2432.17,,30-11223344-5,Gamma Consulting,Excellent,Good,Good,Good,Good,1
2026-06-29,legacy_hr_system,employees.csv,2752,2752,Sara,Suarez,D001,Finance,Permanent,78847.71,,,,,Good,Poor,Fair,Good,Excellent,0
2026-06-29,legacy_hr_system,employees.csv,2753,2753,Tiziano,Maidana,D001,Finance,Permanent,168263.43,,,,,Fair,Good,Good,Good,Excellent,1
2026-06-29,legacy_hr_system,employees.csv,2754,2754,Benicio,Castillo,D001,Finance,Permanent,144846.89,,,,,Fair,Good,Excellent,Fair,Good,0
2026-06-29,legacy_hr_system,employees.csv,2755,2755,Camila,Morales,D005,Operations,Permanent,152725.85,,,,,Fair,Excellent,Good,Poor,Good,1
2026-06-29,legacy_hr_system,employees.csv,2756,2756,Rafael,Gomez,D004,Sales,Contractor,,2629.65,4350.06,30-87654321-0,Beta Consulting,Poor,Good,Fair,Good,Fair,0
2026-06-29,legacy_hr_system,employees.csv,2757,2757,Mateo Benjamin,Soto,D003,IT,Permanent,77005.45,,,,,Excellent,Excellent,Good,Good,Excellent,1
2026-06-29,legacy_hr_system,employees.csv,2758,2758,Bautista,Medina,D005,Operations,Permanent,104260.13,,,,,Good,Poor,Good,Fair,Good,0
2026-06-29,legacy_hr_system,employees.csv,2759,2759,Camilo,Moreno,D001,Finance,Permanent,134809.65,,,,,Good,Fair,Excellent,Poor,Excellent,0
2026-06-29,legacy_hr_system,employees.csv,2760,2760,Joaquin,Gonzalez,D004,Sales,Contractor,,4036.85,3392.84,30-12345678-9,Alpha Consulting,Good,Good,Excellent,Poor,Fair,0
2026-06-29,legacy_hr_system,employees.csv,2761,2761,Olivia,Lopez,D002,Human Resources,Permanent,109034.82,,,,,Excellent,Fair,Good,Good,Fair,0
2026-06-29,legacy_hr_system,employees.csv,2762,2762,Juliana,Escobar,D005,Operations,Permanent,115461.02,,,,,Excellent,Excellent,Good,Excellent,Excellent,0
2026-06-29,legacy_hr_system,employees.csv,2763,2763,Agustín,Sosa,D001,Finance,Permanent,78126.32,,,,,Poor,Good,Good,Good,Excellent,0
2026-06-29,legacy_hr_system,employees.csv,2764,2764,Catalina,Godoy,D004,Sales,Permanent,137740.48,,,,,Fair,Excellent,Good,Good,Excellent,0
2026-06-29,legacy_hr_system,employees.csv,2765,2765,Abril,Fernandez,D005,Operations,Contractor,,2420.81,4304.61,30-12345678-9,Alpha Consulting,Poor,Good,Good,Fair,Excellent,1
2026-06-29,legacy_hr_system,employees.csv,2766,2766,Santiago,Muñoz,D005,Operations,Contractor,,2638.44,3710.66,30-12345678-9,Alpha Consulting,Good,Excellent,Fair,Good,Good,0
2026-06-29,legacy_hr_system,employees.csv,2767,2767,Mia,Aguirre,D004,Sales,Contractor,,2994.36,4284.39,30-12345678-9,Alpha Consulting,Fair,Good,Poor,Good,Good,0
2026-06-29,legacy_hr_system,employees.csv,2768,2768,Isabella,Rojas,D003,IT,Contractor,,2702.51,3771.54,30-87654321-0,Beta Consulting,Good,Good,Fair,Excellent,Poor,0
2026-06-29,legacy_hr_system,employees.csv,2769,2769,Julieta,Rojas,D005,Operations,Contractor,,3255.62,6153.62,30-99887766-1,Delta Consulting,Excellent,Good,Good,Good,Excellent,0
2026-06-29,legacy_hr_system,employees.csv,2770,2770,Miguel Angel,Acosta,D001,Finance,Permanent,124196.62,,,,,Good,Poor,Good,Excellent,Good,0
2026-06-29,legacy_hr_system,employees.csv,2771,2771,Jeronimo,Gonzalez,D002,Human Resources,Permanent,149883.55,,,,,Good,Good,Good,Excellent,Good,0
2026-06-29,legacy_hr_system,employees.csv,2772,2772,Isabella,Caceres,D004,Sales,Contractor,,1887.82,4657.76,30-12345678-9,Alpha Consulting,Excellent,Good,Good,Fair,Excellent,0
2026-06-29,legacy_hr_system,employees.csv,2773,2773,Martina,Gomez,D005,Operations,Permanent,87078.95,,,,,Fair,Good,Good,Poor,Good,0
2026-06-29,legacy_hr_system,employees.csv,2774,2774,Micaela,Carrizo,D005,Operations,Permanent,75692.25,,,,,Poor,Good,Excellent,Good,Good,0
2026-06-29,legacy_hr_system,employees.csv,2775,2775,Malena,Peralta,D003,IT,Permanent,,,,,,Good,Good,Good,Good,Fair,0
2026-06-29,legacy_hr_system,employees.csv,2776,2776,Francisca,Fernandez,D002,Human Resources,Contractor,,3953.52,5450.02,30-87654321-0,Beta Consulting,Good,Fair,Good,Good,Excellent,0
2026-06-29,legacy_hr_system,employees.csv,2777,2777,Clara,Blanco,D004,Sales,Permanent,127290.14,,,,,Good,Fair,Good,Good,Excellent,1
2026-06-29,legacy_hr_system,employees.csv,2778,2778,Martina,Fernandez,D003,IT,Permanent,74018.98,,,,,Good,Poor,Good,Good,Poor,0
2026-06-29,legacy_hr_system,employees.csv,2779,2779,Ambar,Herrera,D003,IT,Permanent,114111.58,,,,,Fair,Good,Fair,Fair,Excellent,0
2026-06-29,legacy_hr_system,employees.csv,2780,2780,Bastian,Gonzalez,D004,Sales,Permanent,129051.0,,,,,Good,Good,Poor,Fair,Excellent,0
2026-06-29,legacy_hr_system,employees.csv,2781,2781,Constanza,Fernandez,D002,Human Resources,Permanent,125266.09,,,,,Good,Excellent,Fair,Excellent,Fair,0
2026-06-29,legacy_hr_system,employees.csv,2782,2782,Joaquin,Rodriguez,D002,Human Resources,Permanent,64686.19,,,,,Good,Excellent,Good,Good,Good,0
2026-06-29,legacy_hr_system,employees.csv,2783,2783,Julieta,Arias,D002,Human Resources,Permanent,93290.46,,,,,Good,Good,Good,Excellent,Good,0
2026-06-29,legacy_hr_system,employees.csv,2784,2784,Facundo,Lopez,D005,Operations,Permanent,118077.67,,,,,Good,Excellent,Good,Fair,Fair,1
2026-06-29,legacy_hr_system,employees.csv,2785,2785,Salvador,Maldonado,D003,IT,Contractor,,3429.03,2303.87,30-11223344-5,Gamma Consulting,Excellent,Poor,Poor,Poor,Excellent,0
2026-06-29,legacy_hr_system,employees.csv,2786,2786,Santino,Aguirre,D005,Operations,Permanent,115136.28,,,,,Fair,Fair,Good,Excellent,Fair,0
2026-06-29,legacy_hr_system,employees.csv,2787,2787,Lourdes,Diaz,D004,Sales,Permanent,124291.46,,,,,Excellent,Fair,Good,Excellent,Poor,0
2026-06-29,legacy_hr_system,employees.csv,2788,2788,Luciana,Flores,D001,Finance,Permanent,145488.36,,,,,Good,Good,Poor,Fair,Good,0
2026-06-29,legacy_hr_system,employees.csv,2789,2789,Nina,Chavez,D005,Operations,Permanent,140785.73,,,,,Fair,Fair,Good,Poor,Poor,0
2026-06-29,legacy_hr_system,employees.csv,2790,2790,Agostina,Romero,D004,Sales,Permanent,137477.14,,,,,Fair,Good,Fair,Excellent,Excellent,0
2026-06-29,legacy_hr_system,employees.csv,2791,2791,Candelaria,Silva,D005,Operations,Contractor,,2360.05,2592.0,30-87654321-0,Beta Consulting,Excellent,Good,Good,Poor,Good,0
2026-06-29,legacy_hr_system,employees.csv,2792,2792,Valentino,Miranda,D001,Finance,Contractor,,2685.56,5501.63,30-87654321-0,Beta Consulting,Good,Good,Excellent,Excellent,Good,0
2026-06-29,legacy_hr_system,employees.csv,2793,2793,Geronimo,Coronel,D004,Sales,Permanent,161803.64,,,,,Poor,Good,Fair,Good,Excellent,0
2026-06-29,legacy_hr_system,employees.csv,2794,2794,Mia,Romero,D005,Operations,Permanent,141316.47,,,,,Good,Good,Good,Good,Good,0
2026-06-29,legacy_hr_system,employees.csv,2795,2795,Juan Ignacio,Fernandez,D003,IT,Permanent,132880.22,,,,,Fair,Excellent,Good,Poor,Good,0
2026-06-29,legacy_hr_system,employees.csv,2796,2796,Renata,Quiroga,D003,IT,Permanent,131389.19,,,,,Excellent,Good,Good,Excellent,Excellent,0
2026-06-29,legacy_hr_system,employees.csv,2797,2797,Nicolas,Benitez,D003,IT,Permanent,103316.44,,,,,Good,Good,Good,Good,Excellent,0
2026-06-29,legacy_hr_system,employees.csv,2798,2798,Gabriel,Gonzalez,D002,Human Resources,Permanent,116098.19,,,,,Excellent,Good,Good,Excellent,Good,0
2026-06-29,legacy_hr_system,employees.csv,2799,2799,Santino,Farias,D002,Human Resources,Permanent,170072.09,,,,,Good,Good,Excellent,Fair,Good,0
2026-06-29,legacy_hr_system,employees.csv,2800,2800,Tomas,Ramos,D005,Operations,Contractor,,2245.95,6114.78,30-11223344-5,Gamma Consulting,Good,Good,Fair,Fair,Excellent,0
2026-06-29,legacy_hr_system,employees.csv,2801,2801,Benjamin,Suarez,D001,Finance,Permanent,110339.16,,,,,Good,Good,Excellent,Good,Good,0
2026-06-29,legacy_hr_system,employees.csv,2802,2802,Benjamin,Lopez,D001,Finance,Permanent,159762.96,,,,,Good,Excellent,Excellent,Good,Good,0
2026-06-29,legacy_hr_system,employees.csv,2803,2803,Catalina,Ferreyra,D005,Operations,Permanent,77795.55,,,,,Good,Good,Good,Poor,Poor,0
2026-06-29,legacy_hr_system,employees.csv,2804,2804,Angelina,Ramirez,D004,Sales,Permanent,137577.13,,,,,Good,Excellent,Excellent,Good,Good,0
2026-06-29,legacy_hr_system,employees.csv,2805,2805,Micaela,Ramos,D002,Human Resources,Contractor,,2410.58,3084.73,30-11223344-5,Gamma Consulting,Good,Good,Excellent,Good,Excellent,0
2026-06-29,legacy_hr_system,employees.csv,2806,2806,Helena,Diaz,D002,Human Resources,Permanent,126556.02,,,,,Good,Good,Poor,Excellent,Good,0
2026-06-29,legacy_hr_system,employees.csv,2807,2807,Santino Benjamin,Pereyra,D005,Operations,Contractor,,,3655.06,30-99887766-1,Delta Consulting,Excellent,Good,Poor,Good,Fair,0
2026-06-29,legacy_hr_system,employees.csv,2808,2808,Renata,Acuña,D001,Finance,Permanent,75029.52,,,,,Good,Fair,Poor,Good,Good,0
2026-06-29,legacy_hr_system,employees.csv,2809,2809,Tomas,Gonzalez,D004,Sales,Permanent,117244.66,,,,,Good,Fair,Fair,Good,Poor,0
2026-06-29,legacy_hr_system,employees.csv,2810,2810,Joaquin,Gimenez,D001,Finance,Contractor,,2930.05,5048.32,30-12345678-9,Alpha Consulting,Fair,Good,Good,Good,Fair,0
2026-06-29,legacy_hr_system,employees.csv,2811,2811,Maria Guadalupe,Morales,D001,Finance,Permanent,148487.84,,,,,Excellent,Excellent,Good,Excellent,Good,0
2026-06-29,legacy_hr_system,employees.csv,2812,2812,Sofia Belen,Sosa,D003,IT,Contractor,,2952.47,6355.5,30-99887766-1,Delta Consulting,Good,Excellent,Excellent,Excellent,Excellent,0
2026-06-29,legacy_hr_system,employees.csv,2813,2813,Benjamin,Martinez,D003,IT,Permanent,126727.04,,,,,Good,Excellent,Good,Fair,Good,0
2026-06-29,legacy_hr_system,employees.csv,2814,2814,Juan Ignacio,Pereyra,D001,Finance,Permanent,109607.2,,,,,Good,Poor,Good,Fair,Good,0
2026-06-29,legacy_hr_system,employees.csv,2815,2815,Catalina,Sosa,D002,Human Resources,Permanent,71652.98,,,,,Good,Fair,Fair,Poor,Excellent,0
2026-06-29,legacy_hr_system,employees.csv,2816,2816,Alejo,Rojas,D004,Sales,Contractor,,2789.87,4163.61,30-99887766-1,Delta Consulting,Good,Fair,Fair,Good,Good,0
2026-06-29,legacy_hr_system,employees.csv,2817,2817,Delfina,Vazquez,D003,IT,Contractor,,3768.24,4962.48,30-99887766-1,Delta Consulting,Excellent,Fair,Good,Poor,Good,0
2026-06-29,legacy_hr_system,employees.csv,2818,2818,Milagros,Perez,D001,Finance,Contractor,,2056.5,4672.25,30-99887766-1,Delta Consulting,Poor,Good,Good,Good,Excellent,0
2026-06-29,legacy_hr_system,employees.csv,2819,2819,Santiago,Figueroa,D004,Sales,Contractor,,3537.22,6028.03,30-99887766-1,Delta Consulting,Excellent,Excellent,Good,Good,Fair,0
2026-06-29,legacy_hr_system,employees.csv,2820,2820,Ramiro,Martin,D004,Sales,Permanent,146625.12,,,,,Good,Excellent,Fair,Excellent,Excellent,0
2026-06-29,legacy_hr_system,employees.csv,2821,2821,Agustin,Lopez,D001,Finance,Permanent,142825.4,,,,,Good,Good,Good,Good,Fair,0
2026-06-29,legacy_hr_system,employees.csv,2822,2822,Valentina ,Gonzalez,D002,Human Resources,Permanent,121802.58,,,,,Excellent,Excellent,Good,Good,Good,0
2026-06-29,legacy_hr_system,employees.csv,2823,2823,Mia Valentina,Garcia,D002,Human Resources,Permanent,131649.36,,,,,Good,Fair,Good,Good,Good,0
2026-06-29,legacy_hr_system,employees.csv,2824,2824,Lorenzo,Romero,D001,Finance,Permanent,157485.15,,,,,Excellent,Good,Excellent,Excellent,Fair,0
2026-06-29,legacy_hr_system,employees.csv,2825,2825,Luciana,Navarro,D003,IT,Contractor,,1933.78,4150.56,30-87654321-0,Beta Consulting,Good,Good,Poor,Excellent,Good,0
2026-06-29,legacy_hr_system,employees.csv,2826,2826,Martina,Villalba,D002,Human Resources,Permanent,96822.94,,,,,Good,Good,Good,Fair,Good,0
2026-06-29,legacy_hr_system,employees.csv,2827,2827,Carmela,Lopez,D004,Sales,Contractor,,3303.32,5730.22,30-11223344-5,Gamma Consulting,Excellent,Good,Good,Good,Good,0
2026-06-29,legacy_hr_system,employees.csv,2828,2828,Martín,Suarez,D003,IT,Contractor,,2522.42,2109.7,30-87654321-0,Beta Consulting,Excellent,Excellent,Good,Fair,Fair,0
2026-06-29,legacy_hr_system,employees.csv,2829,2829,Juan Ignacio,Escobar,D002,Human Resources,Contractor,,2670.22,5413.47,30-99887766-1,Delta Consulting,Good,Good,Fair,Fair,Fair,0
2026-06-29,legacy_hr_system,employees.csv,2830,2830,Joaquín,Luna,D002,Human Resources,Permanent,136128.9,,,,,Poor,Good,Good,Poor,Poor,0
2026-06-29,legacy_hr_system,employees.csv,2831,2831,Juan Cruz,Diaz,D003,IT,Contractor,,3342.55,4220.01,30-11223344-5,Gamma Consulting,Poor,Good,Good,Good,Good,0
2026-06-29,legacy_hr_system,employees.csv,2832,2832,Amparo,Romero,D005,Operations,Permanent,,,,,,Excellent,Fair,Good,Fair,Fair,0
2026-06-29,legacy_hr_system,employees.csv,2833,2833,Fausto,Romero,D004,Sales,Contractor,,3412.24,3665.72,30-11223344-5,Gamma Consulting,Excellent,Good,Excellent,Good,Good,0
2026-06-29,legacy_hr_system,employees.csv,2834,2834,Santino,Ponce,D003,IT,Contractor,,4747.28,5070.51,30-87654321-0,Beta Consulting,Fair,Excellent,Good,Excellent,Good,0
2026-06-29,legacy_hr_system,employees.csv,2835,2835,Tiziana,Torres,D004,Sales,Permanent,102580.55,,,,,Poor,Fair,Fair,Good,Good,0
2026-06-29,legacy_hr_system,employees.csv,2836,2836,Delfina,Herrera,D003,IT,Contractor,,2510.89,4407.06,30-12345678-9,Alpha Consulting,Excellent,Excellent,Good,Fair,Good,0
2026-06-29,legacy_hr_system,employees.csv,2837,2837,Pilar,Paez,D002,Human Resources,Contractor,,2808.4,5616.83,30-11223344-5,Gamma Consulting,Fair,Good,Poor,Good,Fair,0
2026-06-29,legacy_hr_system,employees.csv,2838,2838,Felipe,Soria,D001,Finance,Permanent,125592.49,,,,,Good,Good,Good,Fair,Excellent,0
2026-06-29,legacy_hr_system,employees.csv,2839,2839,Facundo,Alvarez,D005,Operations,Permanent,98051.05,,,,,Good,Good,Good,Good,Good,0
2026-06-29,legacy_hr_system,employees.csv,2840,2840,Valentino,Muñoz,D004,Sales,Permanent,176713.22,,,,,Fair,Poor,Poor,Fair,Excellent,0
2026-06-29,legacy_hr_system,employees.csv,2841,2841,Agustín,Bravo,D002,Human Resources,Contractor,,3039.45,5268.84,30-11223344-5,Gamma Consulting,Good,Fair,Good,Good,Fair,0
2026-06-29,legacy_hr_system,employees.csv,2842,2842,Sofia,Fernandez,D002,Human Resources,Permanent,101753.2,,,,,Good,Excellent,Fair,Poor,Good,0
2026-06-29,legacy_hr_system,employees.csv,2843,2843,Helena,Rodriguez,D001,Finance,Permanent,130893.47,,,,,Excellent,Fair,Excellent,Fair,Fair,0
2026-06-29,legacy_hr_system,employees.csv,2844,2844,Valentino,Roldan,D005,Operations,Permanent,129333.3,,,,,Poor,Excellent,Fair,Fair,Fair,0
2026-06-29,legacy_hr_system,employees.csv,2845,2845,Malena,Lopez,D002,Human Resources,Permanent,63310.52,,,,,Good,Good,Excellent,Fair,Excellent,1
2026-06-29,legacy_hr_system,employees.csv,2846,2846,Alma,Cruz,D005,Operations,Contractor,,4612.22,5790.64,30-99887766-1,Delta Consulting,Fair,Good,Good,Good,Fair,0
2026-06-29,legacy_hr_system,employees.csv,2847,2847,Juan Martin,Caceres,D003,IT,Contractor,,2682.24,3397.73,30-11223344-5,Gamma Consulting,Fair,Fair,Good,Excellent,Poor,1
2026-06-29,legacy_hr_system,employees.csv,2848,2848,Luca,Cabrera,D003,IT,Permanent,130426.85,,,,,Fair,Excellent,Excellent,Good,Good,0
2026-06-29,legacy_hr_system,employees.csv,2849,2849,Mateo,Valdez,D005,Operations,Contractor,,3069.36,4855.67,30-11223344-5,Gamma Consulting,Excellent,Good,Fair,Excellent,Excellent,0
2026-06-29,legacy_hr_system,employees.csv,2850,2850,Ian,Rodriguez,D004,Sales,Permanent,125747.32,,,,,Good,Fair,Fair,Fair,Good,0
2026-06-29,legacy_hr_system,employees.csv,2851,2851,Jazmín,Aguirre,D001,Finance,Permanent,135187.23,,,,,Good,Good,Good,Fair,Excellent,0
2026-06-29,legacy_hr_system,employees.csv,2852,2852,Jeronimo,Luna,D001,Finance,Permanent,163419.17,,,,,Excellent,Good,Good,Good,Good,0
2026-06-29,legacy_hr_system,employees.csv,2853,2853,Luana,Garcia,D002,Human Resources,Contractor,,3454.48,3450.34,30-87654321-0,Beta Consulting,Good,Good,Good,Good,Good,0
2026-06-29,legacy_hr_system,employees.csv,2854,2854,Sebastian,Ponce,D003,IT,Permanent,160876.89,,,,,Excellent,Good,Excellent,Poor,Good,0
2026-06-29,legacy_hr_system,employees.csv,2855,2855,Emma,Romero,D003,IT,Permanent,169218.44,,,,,Good,Fair,Good,Excellent,Poor,0
2026-06-29,legacy_hr_system,employees.csv,2856,2856,Clara,Paez,D002,Human Resources,Contractor,,5521.65,3376.51,30-12345678-9,Alpha Consulting,Good,Good,Good,Good,Good,0
2026-06-29,legacy_hr_system,employees.csv,2857,2857,Mia,Fernandez,D004,Sales,Permanent,127286.46,,,,,Good,Poor,Good,Fair,Poor,0
2026-06-29,legacy_hr_system,employees.csv,2858,2858,Dante,Gonzalez,D005,Operations,Permanent,57537.04,,,,,Fair,Good,Good,Fair,Good,0
2026-06-29,legacy_hr_system,employees.csv,2859,2859,Giovanni,Gonzalez,D002,Human Resources,Permanent,136594.47,,,,,Good,Excellent,Good,Excellent,Poor,0
2026-06-29,legacy_hr_system,employees.csv,2860,2860,Valentin,Vazquez,D003,IT,Permanent,103553.99,,,,,Good,Good,Good,Good,Good,0
2026-06-29,legacy_hr_system,employees.csv,2861,2861,Martina,Pereyra,D003,IT,Permanent,,,,,,Poor,Poor,Good,Good,Fair,0
2026-06-29,legacy_hr_system,employees.csv,2862,2862,Jazmin,Figueroa,D002,Human Resources,Permanent,96761.55,,,,,Good,Excellent,Poor,Fair,Good,0
2026-06-29,legacy_hr_system,employees.csv,2863,2863,Tobias,Acosta,D003,IT,Permanent,69324.51,,,,,Good,Good,Good,Good,Good,0
2026-06-29,legacy_hr_system,employees.csv,2864,2864,Emma,Castro,D002,Human Resources,Permanent,105862.09,,,,,Fair,Good,Excellent,Fair,Excellent,0
2026-06-29,legacy_hr_system,employees.csv,2865,2865,Benjamin,Ojeda,D004,Sales,Permanent,60735.37,,,,,Fair,Good,Good,Good,Fair,0
2026-06-29,legacy_hr_system,employees.csv,2866,2866,Maria Guadalupe,Fernandez,D002,Human Resources,Permanent,142532.98,,,,,Fair,Good,Good,Excellent,Good,0
2026-06-29,legacy_hr_system,employees.csv,2867,2867,Juana,Moreno,D004,Sales,Contractor,,,4528.46,30-12345678-9,Alpha Consulting,Good,Good,Good,Fair,Fair,0
2026-06-29,legacy_hr_system,employees.csv,2868,2868,Catalina,Suarez,D002,Human Resources,Permanent,57665.65,,,,,Fair,Excellent,Good,Good,Good,0
2026-06-29,legacy_hr_system,employees.csv,2869,2869,Julieta,Quiroga,D001,Finance,Permanent,110391.07,,,,,Fair,Good,Good,Good,Good,0
2026-06-29,legacy_hr_system,employees.csv,2870,2870,Alma Mia,Cardozo,D004,Sales,Permanent,169301.34,,,,,Fair,Excellent,Good,Excellent,Excellent,1
2026-06-29,legacy_hr_system,employees.csv,2871,2871,Benjamin,Medina,D003,IT,Permanent,130819.44,,,,,Good,Good,Good,Good,Excellent,0
2026-06-29,legacy_hr_system,employees.csv,2872,2872,Thiago Nahuel,Hernandez,D004,Sales,Contractor,,2309.21,4468.8,30-99887766-1,Delta Consulting,Poor,Excellent,Good,Poor,Fair,0
2026-06-29,legacy_hr_system,employees.csv,2873,2873,Lola,Caceres,D001,Finance,Contractor,,3014.41,4972.63,30-99887766-1,Delta Consulting,Excellent,Good,Good,Good,Good,0
2026-06-29,legacy_hr_system,employees.csv,2874,2874,Thiago,Medina,D004,Sales,Permanent,78994.25,,,,,Good,Fair,Good,Fair,Excellent,0
2026-06-29,legacy_hr_system,employees.csv,2875,2875,Juan Manuel,Guzman,D001,Finance,Permanent,137777.02,,,,,Fair,Excellent,Poor,Fair,Poor,1
2026-06-29,legacy_hr_system,employees.csv,2876,2876,Bautista,Escobar,D004,Sales,Contractor,,836.49,3870.12,30-11223344-5,Gamma Consulting,Excellent,Good,Good,Good,Excellent,0
2026-06-29,legacy_hr_system,employees.csv,2877,2877,Ignacio,Gonzalez,D001,Finance,Contractor,,2609.38,5133.33,30-87654321-0,Beta Consulting,Poor,Fair,Good,Good,Good,0
2026-06-29,legacy_hr_system,employees.csv,2878,2878,Pedro,Perez,D004,Sales,Permanent,,,,,,Excellent,Good,Good,Excellent,Poor,0
2026-06-29,legacy_hr_system,employees.csv,2879,2879,Rosario,Molina,D001,Finance,Permanent,77833.11,,,,,Good,Fair,Excellent,Excellent,Good,0
2026-06-29,legacy_hr_system,employees.csv,2880,2880,Geronimo,Caceres,D003,IT,Permanent,90450.21,,,,,Fair,Good,Fair,Poor,Good,0
2026-06-29,legacy_hr_system,employees.csv,2881,2881,Catalina,Lucero,D002,Human Resources,Permanent,125960.4,,,,,Good,Good,Good,Good,Excellent,0
2026-06-29,legacy_hr_system,employees.csv,2882,2882,Abril,Rodriguez,D003,IT,Permanent,117627.98,,,,,Good,Excellent,Good,Good,Fair,0
2026-06-29,legacy_hr_system,employees.csv,2883,2883,Rosario,Peralta,D004,Sales,Contractor,,2536.7,4019.17,30-99887766-1,Delta Consulting,Fair,Good,Good,Excellent,Fair,0
2026-06-29,legacy_hr_system,employees.csv,2884,2884,Tomas Benjamin,Gomez,D004,Sales,Contractor,,3556.93,3982.31,30-99887766-1,Delta Consulting,Good,Excellent,Good,Good,Good,0
2026-06-29,legacy_hr_system,employees.csv,2885,2885,Guadalupe,Rios,D005,Operations,Contractor,,2929.53,6669.94,30-99887766-1,Delta Consulting,Good,Good,Excellent,Excellent,Fair,0
2026-06-29,legacy_hr_system,employees.csv,2886,2886,Guadalupe,Lopez,D002,Human Resources,Permanent,77289.52,,,,,Good,Excellent,Good,Fair,Fair,0
2026-06-29,legacy_hr_system,employees.csv,2887,2887,Lautaro Benjamin,Rodriguez,D005,Operations,Permanent,64444.72,,,,,Fair,Good,Fair,Good,Excellent,1
2026-06-29,legacy_hr_system,employees.csv,2888,2888,Paloma,Diaz,D002,Human Resources,Contractor,,3626.87,3821.36,30-87654321-0,Beta Consulting,Poor,Good,Good,Good,Good,0
2026-06-29,legacy_hr_system,employees.csv,2889,2889,Lautaro Gabriel,Martinez,D002,Human Resources,Contractor,,2745.41,3718.84,30-12345678-9,Alpha Consulting,Poor,Excellent,Excellent,Excellent,Fair,0
2026-06-29,legacy_hr_system,employees.csv,2890,2890,Santino,Suarez,D001,Finance,Permanent,112206.0,,,,,Good,Fair,Fair,Good,Fair,1
2026-06-29,legacy_hr_system,employees.csv,2891,2891,Luisana,Silva,D002,Human Resources,Permanent,167956.14,,,,,Poor,Good,Good,Good,Good,1
2026-06-29,legacy_hr_system,employees.csv,2892,2892,Rafael,Diaz,D005,Operations,Contractor,,3641.7,5362.22,30-12345678-9,Alpha Consulting,Good,Good,Poor,Fair,Good,0
2026-06-29,legacy_hr_system,employees.csv,2893,2893,Maria Emilia,Martinez,D001,Finance,Permanent,77513.19,,,,,Good,Excellent,Poor,Excellent,Fair,0
2026-06-29,legacy_hr_system,employees.csv,2894,2894,Benicio,Perez,D002,Human Resources,Contractor,,2079.08,1660.92,30-99887766-1,Delta Consulting,Good,Good,Poor,Fair,Good,0
2026-06-29,legacy_hr_system,employees.csv,2895,2895,Agostina,Garcia,D003,IT,Contractor,,2352.5,5456.7,30-12345678-9,Alpha Consulting,Fair,Poor,Good,Poor,Fair,0
2026-06-29,legacy_hr_system,employees.csv,2896,2896,Isabella,Romero,D003,IT,Contractor,,3413.56,4278.49,30-87654321-0,Beta Consulting,Good,Fair,Excellent,Good,Good,0
2026-06-29,legacy_hr_system,employees.csv,2897,2897,Pilar,Pereyra,D004,Sales,Contractor,,2982.16,3811.11,30-11223344-5,Gamma Consulting,Poor,Excellent,Good,Excellent,Good,0
2026-06-29,legacy_hr_system,employees.csv,2898,2898,Juan Ignacio,Vega,D005,Operations,Permanent,126142.77,,,,,Poor,Fair,Good,Excellent,Fair,0
2026-06-29,legacy_hr_system,employees.csv,2899,2899,Agostina,Rojas,D004,Sales,Permanent,142976.35,,,,,Good,Excellent,Good,Good,Fair,0
2026-06-29,legacy_hr_system,employees.csv,2900,2900,Juana,Rios,D005,Operations,Contractor,,1707.29,4799.65,30-87654321-0,Beta Consulting,Good,Good,Good,Poor,Good,0
2026-06-29,legacy_hr_system,employees.csv,2901,2901,Juan,Leiva,D004,Sales,Contractor,,3745.95,4084.9,30-87654321-0,Beta Consulting,Good,Good,Good,Excellent,Good,0
2026-06-29,legacy_hr_system,employees.csv,2902,2902,Alma Valentina,Acuña,D005,Operations,Permanent,141021.02,,,,,Good,Excellent,Good,Excellent,Good,0
2026-06-29,legacy_hr_system,employees.csv,2903,2903,Bautista,Paez,D002,Human Resources,Permanent,204439.63,,,,,Poor,Good,Fair,Good,Good,0
2026-06-29,legacy_hr_system,employees.csv,2904,2904,Malena,Rodriguez,D005,Operations,Permanent,116869.72,,,,,Fair,Good,Excellent,Good,Good,0
2026-06-29,legacy_hr_system,employees.csv,2905,2905,Alfonsina,Garcia,D002,Human Resources,Permanent,131799.21,,,,,Poor,Fair,Good,Excellent,Fair,1
2026-06-29,legacy_hr_system,employees.csv,2906,2906,Maximiliano,Gomez,D003,IT,Contractor,,2409.55,4681.25,30-12345678-9,Alpha Consulting,Good,Poor,Poor,Poor,Good,0
2026-06-29,legacy_hr_system,employees.csv,2907,2907,Victoria,Quiroga,D001,Finance,Contractor,,3368.22,4694.84,30-99887766-1,Delta Consulting,Good,Good,Excellent,Excellent,Fair,0
2026-06-29,legacy_hr_system,employees.csv,2908,2908,Guillermina,Hernandez,D003,IT,Contractor,,2184.24,4706.36,30-11223344-5,Gamma Consulting,Fair,Good,Good,Good,Fair,0
2026-06-29,legacy_hr_system,employees.csv,2909,2909,Maximo,Morales,D004,Sales,Permanent,163865.88,,,,,Fair,Good,Excellent,Fair,Excellent,0
2026-06-29,legacy_hr_system,employees.csv,2910,2910,Juana,Martin,D002,Human Resources,Permanent,133459.07,,,,,Good,Fair,Good,Good,Poor,0
2026-06-29,legacy_hr_system,employees.csv,2911,2911,Juan Pablo,Fernandez,D001,Finance,Contractor,,3769.59,4262.99,30-87654321-0,Beta Consulting,Excellent,Excellent,Fair,Good,Excellent,0
2026-06-29,legacy_hr_system,employees.csv,2912,2912,Lautaro,Acosta,D004,Sales,Contractor,,3599.92,4779.27,30-12345678-9,Alpha Consulting,Good,Excellent,Fair,Excellent,Good,0
2026-06-29,legacy_hr_system,employees.csv,2913,2913,Mia Valentina,Garcia,D002,Human Resources,Contractor,,2239.27,4818.52,30-87654321-0,Beta Consulting,Good,Excellent,Good,Fair,Good,0
2026-06-29,legacy_hr_system,employees.csv,2914,2914,Isabella,Hernandez,D002,Human Resources,Contractor,,2206.64,3867.12,30-12345678-9,Alpha Consulting,Fair,Good,Excellent,Poor,Fair,0
2026-06-29,legacy_hr_system,employees.csv,2915,2915,Francisco,Duarte,D004,Sales,Contractor,,,4797.24,30-99887766-1,Delta Consulting,Excellent,Fair,Good,Good,Good,0
2026-06-29,legacy_hr_system,employees.csv,2916,2916,Mia Valentina,Ramirez,D003,IT,Contractor,,2048.61,5553.99,30-11223344-5,Gamma Consulting,Good,Fair,Excellent,Good,Good,0
2026-06-29,legacy_hr_system,employees.csv,2917,2917,Alma,Moreno,D005,Operations,Permanent,137160.19,,,,,Good,Fair,Good,Excellent,Good,1
2026-06-29,legacy_hr_system,employees.csv,2918,2918,Juan Cruz,Luna,D002,Human Resources,Permanent,98858.15,,,,,Good,Poor,Good,Good,Excellent,0
2026-06-29,legacy_hr_system,employees.csv,2919,2919,Genaro,Mansilla,D004,Sales,Contractor,,1769.93,,30-99887766-1,Delta Consulting,Good,Fair,Excellent,Fair,Good,0
2026-06-29,legacy_hr_system,employees.csv,2920,2920,Tomàs,Sanchez,D003,IT,Permanent,106621.69,,,,,Fair,Good,Poor,Good,Poor,0
2026-06-29,legacy_hr_system,employees.csv,2921,2921,Valentino,Caceres,D004,Sales,Contractor,,3090.51,4136.88,30-87654321-0,Beta Consulting,Good,Good,Good,Good,Excellent,1
2026-06-29,legacy_hr_system,employees.csv,2922,2922,Joaquin,Perez,D004,Sales,Permanent,59776.29,,,,,Good,Excellent,Good,Good,Good,0
2026-06-29,legacy_hr_system,employees.csv,2923,2923,Pilar,Valdez,D004,Sales,Contractor,,2689.32,4194.38,30-87654321-0,Beta Consulting,Good,Good,Good,Fair,Fair,1
2026-06-29,legacy_hr_system,employees.csv,2924,2924,Milo,Gonzalez,D003,IT,Contractor,,3506.93,3801.8,30-12345678-9,Alpha Consulting,Good,Fair,Fair,Good,Excellent,1
2026-06-29,legacy_hr_system,employees.csv,2925,2925,Benicio,Medina,D001,Finance,Unknown,170360.24,,,,,Good,Good,Excellent,Fair,Excellent,0
2026-06-29,legacy_hr_system,employees.csv,2926,2926,Mateo,Blanco,D002,Human Resources,Contractor,,1470.69,5811.17,30-87654321-0,Beta Consulting,Good,Good,Good,Poor,Good,0
2026-06-29,legacy_hr_system,employees.csv,2927,2927,Luz Milagros,Garcia,D005,Operations,Permanent,113270.43,,,,,Good,Poor,Good,Poor,Excellent,0
2026-06-29,legacy_hr_system,employees.csv,2928,2928,Renzo,Mansilla,D001,Finance,Permanent,145787.55,,,,,Excellent,Good,Good,Good,Good,0
2026-06-29,legacy_hr_system,employees.csv,2929,2929,Helena,Carrizo,D001,Finance,Permanent,122394.04,,,,,Good,Good,Poor,Excellent,Good,0
2026-06-29,legacy_hr_system,employees.csv,2930,2930,Felipe,Martinez,D001,Finance,Permanent,154186.67,,,,,Good,Good,Good,Good,Good,0
2026-06-29,legacy_hr_system,employees.csv,2931,2931,Martina,Sanchez,D004,Sales,Contractor,,2690.11,3401.38,30-11223344-5,Gamma Consulting,Excellent,Fair,Fair,Excellent,Excellent,0
2026-06-29,legacy_hr_system,employees.csv,2932,2932,Juan Ignacio,Perez,D005,Operations,Permanent,162615.13,,,,,Poor,Excellent,Good,Fair,Fair,0
2026-06-29,legacy_hr_system,employees.csv,2933,2933,Santiago,Ortiz,D004,Sales,Contractor,,2909.22,4721.56,30-99887766-1,Delta Consulting,Poor,Fair,Good,Good,Good,0
2026-06-29,legacy_hr_system,employees.csv,2934,2934,Martina,Sanchez,D005,Operations,Permanent,157042.56,,,,,Fair,Good,Good,Poor,Good,0
2026-06-29,legacy_hr_system,employees.csv,2935,2935,Alma,Torres,D001,Finance,Contractor,,2174.44,5095.49,30-12345678-9,Alpha Consulting,Good,Good,Excellent,Good,Poor,0
2026-06-29,legacy_hr_system,employees.csv,2936,2936,Juan Pablo,Lopez,D003,IT,Permanent,102303.16,,,,,Good,Good,Good,Poor,Good,0
2026-06-29,legacy_hr_system,employees.csv,2937,2937,Julieta,Ayala,D005,Operations,Contractor,,2894.26,4572.28,30-99887766-1,Delta Consulting,Good,Good,Good,Excellent,Fair,0
2026-06-29,legacy_hr_system,employees.csv,2938,2938,Lola,Aguirre,D003,IT,Contractor,,1799.82,3721.16,30-11223344-5,Gamma Consulting,Poor,Fair,Fair,Fair,Fair,0
2026-06-29,legacy_hr_system,employees.csv,2939,2939,Felipe,Medina,D001,Finance,Permanent,160532.19,,,,,Good,Good,Good,Good,Fair,0
2026-06-29,legacy_hr_system,employees.csv,2940,2940,Juan Cruz,Gonzalez,D002,Human Resources,Permanent,146585.74,,,,,Good,Excellent,Good,Excellent,Fair,0
2026-06-29,legacy_hr_system,employees.csv,2941,2941,Tiziano Benjamin,Bravo,D002,Human Resources,Contractor,,2949.89,4743.12,30-11223344-5,Gamma Consulting,Poor,Good,Good,Excellent,Good,0
2026-06-29,legacy_hr_system,employees.csv,2942,2942,Ignacio,Vega,D005,Operations,Contractor,,2764.61,5856.58,30-87654321-0,Beta Consulting,Poor,Excellent,Good,Fair,Good,0
2026-06-29,legacy_hr_system,employees.csv,2943,2943,Agustin,Garcia,D001,Finance,Contractor,,2839.72,4731.84,30-87654321-0,Beta Consulting,Good,Good,Fair,Poor,Good,0
2026-06-29,legacy_hr_system,employees.csv,2944,2944,Juan David,Chavez,D005,Operations,Permanent,154380.9,,,,,Poor,Good,Good,Excellent,Good,0
2026-06-29,legacy_hr_system,employees.csv,2945,2945,Dante,Fernandez,D004,Sales,Permanent,96678.86,,,,,Excellent,Good,Good,Fair,Good,0
2026-06-29,legacy_hr_system,employees.csv,2946,2946,Tiziano,Barrios,D002,Human Resources,Permanent,166763.68,,,,,Fair,Good,Good,Good,Excellent,0
2026-06-29,legacy_hr_system,employees.csv,2947,2947,Simon,Ledesma,D003,IT,Permanent,74086.16,,,,,Fair,Good,Excellent,Excellent,Fair,0
2026-06-29,legacy_hr_system,employees.csv,2948,2948,Maria Paz,Mendoza,D003,IT,Permanent,168889.26,,,,,Fair,Good,Poor,Excellent,Excellent,0
2026-06-29,legacy_hr_system,employees.csv,2949,2949,Valentino,Molina,D002,Human Resources,Contractor,,2701.86,4257.3,30-99887766-1,Delta Consulting,Good,Good,Excellent,Excellent,Excellent,0
2026-06-29,legacy_hr_system,employees.csv,2950,2950,Julieta,Ruiz,D004,Sales,Contractor,,1487.99,4045.21,30-99887766-1,Delta Consulting,Poor,Poor,Fair,Poor,Good,0
2026-06-29,legacy_hr_system,employees.csv,2951,2951,Maite,Acosta,D001,Finance,Contractor,,2168.15,3892.35,30-87654321-0,Beta Consulting,Good,Excellent,Excellent,Good,Good,0
2026-06-29,legacy_hr_system,employees.csv,2952,2952,Catalina,Rodriguez,D002,Human Resources,Permanent,115880.67,,,,,Good,Good,Fair,Fair,Good,0
2026-06-29,legacy_hr_system,employees.csv,2953,2953,Santino Benjamin,Nuñez,D004,Sales,Contractor,,3766.23,4707.6,30-12345678-9,Alpha Consulting,Fair,Good,Good,Good,Good,0
2026-06-29,legacy_hr_system,employees.csv,2954,2954,Delfina,Maidana,D003,IT,Permanent,129230.3,,,,,Good,Good,Fair,Good,Excellent,0
2026-06-29,legacy_hr_system,employees.csv,2955,2955,Victoria,Gonzalez,D003,IT,Permanent,87134.42,,,,,Fair,Excellent,Excellent,Good,Fair,0
2026-06-29,legacy_hr_system,employees.csv,2956,2956,Mateo Benjamin,Acosta,D005,Operations,Permanent,93577.38,,,,,Good,Fair,Fair,Good,Good,0
2026-06-29,legacy_hr_system,employees.csv,2957,2957,Felicitas,Rodriguez,D005,Operations,Permanent,173961.75,,,,,Good,Fair,Excellent,Good,Excellent,0
2026-06-29,legacy_hr_system,employees.csv,2958,2958,Bianca,Diaz,D002,Human Resources,Permanent,97943.97,,,,,Good,Good,Good,Good,Good,0
2026-06-29,legacy_hr_system,employees.csv,2959,2959,Josefina,Juarez,D002,Human Resources,Contractor,,4324.97,4256.94,30-12345678-9,Alpha Consulting,Excellent,Fair,Fair,Good,Good,0
2026-06-29,legacy_hr_system,employees.csv,2960,2960,Juan David,Bustos,D003,IT,Permanent,120068.64,,,,,Good,Good,Excellent,Good,Excellent,0
2026-06-29,legacy_hr_system,employees.csv,2961,2961,Guadalupe,Fernandez,D005,Operations,Contractor,,3856.29,5771.89,30-87654321-0,Beta Consulting,Good,Good,Excellent,Good,Excellent,0
2026-06-29,legacy_hr_system,employees.csv,2962,2962,Elena,Torres,D004,Sales,Permanent,116675.62,,,,,Fair,Good,Good,Fair,Good,0
2026-06-29,legacy_hr_system,employees.csv,2963,2963,Thiago,Garcia,D001,Finance,Contractor,,2689.41,4444.08,30-99887766-1,Delta Consulting,Poor,Fair,Good,Good,Good,0
2026-06-29,legacy_hr_system,employees.csv,2964,2964,Lautaro,Bravo,D004,Sales,Permanent,130138.73,,,,,Excellent,Excellent,Good,Excellent,Good,0
2026-06-29,legacy_hr_system,employees.csv,2965,2965,Francisca,Rodriguez,D001,Finance,Contractor,,3713.04,4504.23,30-12345678-9,Alpha Consulting,Good,Good,Good,Good,Fair,0
2026-06-29,legacy_hr_system,employees.csv,2966,2966,Ian Benjamin,Acosta,D005,Operations,Contractor,,3495.11,6138.36,30-11223344-5,Gamma Consulting,Excellent,Good,Excellent,Good,Fair,1
2026-06-29,legacy_hr_system,employees.csv,2967,2967,Samuel,Cordoba,D005,Operations,Contractor,,3305.05,4811.65,30-11223344-5,Gamma Consulting,Fair,Good,Good,Good,Good,0
2026-06-29,legacy_hr_system,employees.csv,2968,2968,Emilia,Cordoba,D004,Sales,Permanent,74432.68,,,,,Good,Excellent,Excellent,Good,Excellent,0
2026-06-29,legacy_hr_system,employees.csv,2969,2969,Faustino,Flores,D001,Finance,Contractor,,895.42,4888.38,30-99887766-1,Delta Consulting,Fair,Fair,Good,Good,Excellent,0
2026-06-29,legacy_hr_system,employees.csv,2970,2970,Kiara,Fernandez,D004,Sales,Contractor,,2924.14,3985.22,30-99887766-1,Delta Consulting,Good,Poor,Good,Good,Good,0
2026-06-29,legacy_hr_system,employees.csv,2971,2971,Maria Victoria,Rodriguez,D005,Operations,Permanent,127305.91,,,,,Good,Poor,Excellent,Excellent,Good,1
2026-06-29,legacy_hr_system,employees.csv,2972,2972,Sofia,Herrera,D003,IT,Contractor,,2951.68,5627.78,30-12345678-9,Alpha Consulting,Good,Fair,Fair,Excellent,Good,0
2026-06-29,legacy_hr_system,employees.csv,2973,2973,Joaquina,Velazquez,D001,Finance,Permanent,122583.33,,,,,Good,Excellent,Good,Fair,Good,0
2026-06-29,legacy_hr_system,employees.csv,2974,2974,Bautista,Campos,D001,Finance,Permanent,97592.3,,,,,Good,Good,Good,Poor,Fair,0
2026-06-29,legacy_hr_system,employees.csv,2975,2975,Matilda,Rodriguez,D004,Sales,Permanent,149704.99,,,,,Excellent,Good,Good,Good,Good,0
2026-06-29,legacy_hr_system,employees.csv,2976,2976,Renata,Avila,D004,Sales,Contractor,,2826.3,5026.54,30-87654321-0,Beta Consulting,Good,Good,Poor,Excellent,Good,0
2026-06-29,legacy_hr_system,employees.csv,2977,2977,Renata,Castro,D005,Operations,Contractor,,2618.07,3850.17,30-87654321-0,Beta Consulting,Good,Good,Fair,Fair,Good,0
2026-06-29,legacy_hr_system,employees.csv,2978,2978,Paloma,Navarro,D002,Human Resources,Contractor,,3067.33,4512.83,30-12345678-9,Alpha Consulting,Good,Excellent,Poor,Good,Good,0
2026-06-29,legacy_hr_system,employees.csv,2979,2979,Valentino,Lopez,D001,Finance,Contractor,,3383.86,4231.35,30-12345678-9,Alpha Consulting,Good,Poor,Excellent,Excellent,Good,0
2026-06-29,legacy_hr_system,employees.csv,2980,2980,Olivia,Castro,D005,Operations,Permanent,64909.21,,,,,Good,Good,Excellent,Good,Good,0
2026-06-29,legacy_hr_system,employees.csv,2981,2981,Martina,Paz,D004,Sales,Contractor,,2653.78,5293.82,30-99887766-1,Delta Consulting,Good,Good,Good,Fair,Fair,0
2026-06-29,legacy_hr_system,employees.csv,2982,2982,Miguel Angel,Sanchez,D005,Operations,Permanent,111078.72,,,,,Good,Good,Good,Excellent,Excellent,1
2026-06-29,legacy_hr_system,employees.csv,2983,2983,Lucas,Medina,D001,Finance,Permanent,112608.5,,,,,Excellent,Good,Good,Good,Good,0
2026-06-29,legacy_hr_system,employees.csv,2984,2984,Martina,Gonzalez,D001,Finance,Permanent,149591.3,,,,,Good,Excellent,Poor,Poor,Good,0
2026-06-29,legacy_hr_system,employees.csv,2985,2985,Thiago Benjamin,Moyano,D003,IT,Permanent,98640.8,,,,,Good,Poor,Good,Excellent,Good,1
2026-06-29,legacy_hr_system,employees.csv,2986,2986,Miguel Angel,Herrera,D003,IT,Contractor,,1765.76,4339.37,30-99887766-1,Delta Consulting,Fair,Fair,Fair,Excellent,Good,0
2026-06-29,legacy_hr_system,employees.csv,2987,2987,Ambar,Escobar,D002,Human Resources,Permanent,,,,,,Good,Excellent,Good,Fair,Good,0
2026-06-29,legacy_hr_system,employees.csv,2988,2988,Ciro,Aguirre,D005,Operations,Contractor,,2227.0,4324.62,30-12345678-9,Alpha Consulting,Good,Poor,Excellent,Excellent,Fair,0
2026-06-29,legacy_hr_system,employees.csv,2989,2989,Luciano,Martinez,D001,Finance,Unknown,134745.17,,,,,Good,Good,Excellent,Good,Excellent,0
2026-06-29,legacy_hr_system,employees.csv,2990,2990,Juan Ignacio,Garcia,D002,Human Resources,Permanent,119721.34,,,,,Excellent,Fair,Excellent,Good,Good,0
2026-06-29,legacy_hr_system,employees.csv,2991,2991,Priscila,Rodriguez,D001,Finance,Contractor,,3245.58,6313.41,30-12345678-9,Alpha Consulting,Good,Good,Excellent,Good,Excellent,0
2026-06-29,legacy_hr_system,employees.csv,2992,2992,Thiago Valentin,Nuñez,D003,IT,Permanent,109713.63,,,,,Fair,Good,Good,Good,Poor,0
2026-06-29,legacy_hr_system,employees.csv,2993,2993,Tiziano,Aguero,D005,Operations,Contractor,,3222.68,3990.79,30-12345678-9,Alpha Consulting,Excellent,Fair,Poor,Good,Good,0
2026-06-29,legacy_hr_system,employees.csv,2994,2994,Lucía,Herrera,D003,IT,Contractor,,2322.91,3915.09,30-11223344-5,Gamma Consulting,Excellent,Fair,Excellent,Good,Fair,0
2026-06-29,legacy_hr_system,employees.csv,2995,2995,Juliana,Gomez,D001,Finance,Contractor,,2616.99,4859.48,30-11223344-5,Gamma Consulting,Fair,Fair,Fair,Poor,Excellent,0
2026-06-29,legacy_hr_system,employees.csv,2996,2996,Agustina,Silva,D002,Human Resources,Contractor,,4879.26,3783.96,30-99887766-1,Delta Consulting,Fair,Excellent,Good,Good,Good,0
2026-06-29,legacy_hr_system,employees.csv,2997,2997,Juan Gabriel,Lopez,D001,Finance,Contractor,,2666.7,4436.88,30-11223344-5,Gamma Consulting,Good,Excellent,Good,Fair,Good,0
2026-06-29,legacy_hr_system,employees.csv,2998,2998,Isabella,Sanchez,D004,Sales,Permanent,131873.97,,,,,Good,Fair,Fair,Good,Good,0
2026-06-29,legacy_hr_system,employees.csv,2999,2999,Enzo,Fernandez,D003,IT,Permanent,127906.52,,,,,Fair,Good,Excellent,Good,Fair,0
2026-06-29,legacy_hr_system,employees.csv,3000,3000,Mateo,Perez,D005,Operations,Contractor,,4027.28,2073.61,30-87654321-0,Beta Consulting,Fair,Good,Good,Fair,Good,1
2026-06-29,legacy_hr_system,employees.csv,3001,3001,Ciro,Bustos,D001,Finance,Permanent,48392.1,,,,,Good,Excellent,Good,Poor,Good,1
2026-06-29,legacy_hr_system,employees.csv,3002,3002,Benicio,Garcia,D004,Sales,Permanent,105123.65,,,,,Good,Excellent,Good,Fair,Poor,0
2026-06-29,legacy_hr_system,employees.csv,3003,3003,Julia,Maidana,D002,Human Resources,Permanent,152919.01,,,,,Good,Good,Fair,Poor,Excellent,0
2026-06-29,legacy_hr_system,employees.csv,3004,3004,Agustina,Vazquez,D002,Human Resources,Contractor,,1747.48,1492.37,30-12345678-9,Alpha Consulting,Good,Poor,Excellent,Good,Good,1
2026-06-29,legacy_hr_system,employees.csv,3005,3005,Joaquin,Gomez,D001,Finance,Contractor,,3456.94,,30-12345678-9,Alpha Consulting,Good,Good,Good,Good,Poor,0
2026-06-29,legacy_hr_system,employees.csv,3006,3006,Gonzalo,Molina,D003,IT,Permanent,87293.75,,,,,Poor,Excellent,Good,Good,Fair,0
2026-06-29,legacy_hr_system,employees.csv,3007,3007,Luna,Rivero,D005,Operations,Permanent,90433.81,,,,,Good,Fair,Poor,Excellent,Fair,0
2026-06-29,legacy_hr_system,employees.csv,3008,3008,Ramiro,Sanchez,D001,Finance,Contractor,,2224.21,4610.54,30-99887766-1,Delta Consulting,Poor,Excellent,Fair,Good,Good,0
2026-06-29,legacy_hr_system,employees.csv,3009,3009,Ramiro,Castillo,D005,Operations,Permanent,101210.54,,,,,Fair,Fair,Good,Good,Fair,0
2026-06-29,legacy_hr_system,employees.csv,3010,3010,Catalina,Silva,D003,IT,Contractor,,3395.25,1645.37,30-12345678-9,Alpha Consulting,Good,Fair,Good,Excellent,Poor,0
2026-06-29,legacy_hr_system,employees.csv,3011,3011,Gael,Gonzalez,D001,Finance,Contractor,,2314.52,3373.95,30-11223344-5,Gamma Consulting,Good,Good,Excellent,Good,Poor,0
2026-06-29,legacy_hr_system,employees.csv,3012,3012,Maximo,Torres,D002,Human Resources,Permanent,112309.78,,,,,Good,Good,Good,Poor,Good,0
2026-06-29,legacy_hr_system,employees.csv,3013,3013,Pilar,Romero,D002,Human Resources,Permanent,103858.57,,,,,Good,Good,Excellent,Good,Fair,0
2026-06-29,legacy_hr_system,employees.csv,3014,3014,Thiago Emanuel,Gomez,D005,Operations,Contractor,,3638.28,2640.66,30-87654321-0,Beta Consulting,Good,Excellent,Good,Good,Fair,0
2026-06-29,legacy_hr_system,employees.csv,3015,3015,Felipe,Diaz,D002,Human Resources,Permanent,121364.74,,,,,Good,Good,Good,Excellent,Good,0
2026-06-29,legacy_hr_system,employees.csv,3016,3016,Santiago,Escobar,D003,IT,Contractor,,3446.67,6356.65,30-87654321-0,Beta Consulting,Poor,Good,Good,Excellent,Poor,0
2026-06-29,legacy_hr_system,employees.csv,3017,3017,Mora,Rivero,D004,Sales,Contractor,,2614.59,4824.46,30-11223344-5,Gamma Consulting,Fair,Good,Fair,Good,Good,0
2026-06-29,legacy_hr_system,employees.csv,3018,3018,Bruno,Rojas,D005,Operations,Permanent,65884.12,,,,,Poor,Poor,Good,Good,Good,0
2026-06-29,legacy_hr_system,employees.csv,3019,3019,Nicolas,Navarro,D001,Finance,Permanent,48241.31,,,,,Good,Poor,Fair,Good,Poor,0
2026-06-29,legacy_hr_system,employees.csv,3020,3020,Juan Ignacio,Medina,D003,IT,Contractor,,3675.82,4494.44,30-99887766-1,Delta Consulting,Fair,Fair,Good,Good,Poor,0
2026-06-29,legacy_hr_system,employees.csv,3021,3021,Bautista,Maldonado,D004,Sales,Permanent,155355.38,,,,,Good,Good,Fair,Good,Good,0
2026-06-29,legacy_hr_system,employees.csv,3022,3022,Thiago Gabriel,Suarez,D001,Finance,Contractor,,1901.28,5019.9,30-87654321-0,Beta Consulting,Excellent,Fair,Fair,Good,Excellent,0
2026-06-29,legacy_hr_system,employees.csv,3023,3023,Josefina,Torres,D004,Sales,Permanent,176064.54,,,,,Good,Good,Fair,Good,Good,0
2026-06-29,legacy_hr_system,employees.csv,3024,3024,Augusto,Paez,D004,Sales,Permanent,132591.17,,,,,Good,Good,Good,Excellent,Fair,0
2026-06-29,legacy_hr_system,employees.csv,3025,3025,Matias,Coronel,D001,Finance,Contractor,,3221.27,4508.56,30-99887766-1,Delta Consulting,Good,Excellent,Good,Good,Excellent,0
2026-06-29,legacy_hr_system,employees.csv,3026,3026,Alma,Vega,D002,Human Resources,Contractor,,1743.29,5855.57,30-11223344-5,Gamma Consulting,Fair,Poor,Poor,Good,Good,0
2026-06-29,legacy_hr_system,employees.csv,3027,3027,Martina,Maldonado,D003,IT,Permanent,101674.27,,,,,Fair,Excellent,Good,Good,Good,1
2026-06-29,legacy_hr_system,employees.csv,3028,3028,Delfina,Mendez,D001,Finance,Permanent,135134.5,,,,,Good,Good,Fair,Good,Good,0
2026-06-29,legacy_hr_system,employees.csv,3029,3029,Valentino,Martinez,D003,IT,Contractor,,6998.28,3320.54,30-99887766-1,Delta Consulting,Good,Good,Fair,Poor,Good,0
2026-06-29,legacy_hr_system,employees.csv,3030,3030,Juan Ignacio,Fernandez,D001,Finance,Contractor,,4148.07,,30-99887766-1,Delta Consulting,Good,Fair,Fair,Good,Good,0
2026-06-29,legacy_hr_system,employees.csv,3031,3031,Bautista,Ledesma,D003,IT,Contractor,,4162.62,4421.77,30-99887766-1,Delta Consulting,Excellent,Fair,Good,Excellent,Good,0
2026-06-29,legacy_hr_system,employees.csv,3032,3032,Martín,Rodriguez,D003,IT,Contractor,,1526.48,5392.07,30-87654321-0,Beta Consulting,Good,Poor,Good,Good,Good,0
2026-06-29,legacy_hr_system,employees.csv,3033,3033,Octavio,Navarro,D004,Sales,Permanent,102303.23,,,,,Excellent,Good,Fair,Good,Fair,0
2026-06-29,legacy_hr_system,employees.csv,3034,3034,Martina,Gomez,D002,Human Resources,Permanent,140960.66,,,,,Good,Good,Fair,Fair,Fair,0
2026-06-29,legacy_hr_system,employees.csv,3035,3035,Geronimo,Gutierrez,D002,Human Resources,Permanent,120756.33,,,,,Good,Excellent,Fair,Excellent,Excellent,0
2026-06-29,legacy_hr_system,employees.csv,3036,3036,Isabella,Gomez,D004,Sales,Permanent,73706.45,,,,,Good,Good,Poor,Good,Good,0
2026-06-29,legacy_hr_system,employees.csv,3037,3037,Valentina,Rodriguez,D005,Operations,Contractor,,3131.44,6696.22,30-87654321-0,Beta Consulting,Poor,Poor,Good,Good,Good,0
2026-06-29,legacy_hr_system,employees.csv,3038,3038,Valentina ,Navarro,D002,Human Resources,Permanent,134789.59,,,,,Good,Excellent,Excellent,Good,Good,0
2026-06-29,legacy_hr_system,employees.csv,3039,3039,Sofia Belen,Ayala,D002,Human Resources,Contractor,,2953.99,5575.34,30-11223344-5,Gamma Consulting,Good,Fair,Good,Fair,Good,0
2026-06-29,legacy_hr_system,employees.csv,3040,3040,Sofia,Mendoza,D001,Finance,Contractor,,3168.53,4709.53,30-87654321-0,Beta Consulting,Excellent,Good,Good,Excellent,Fair,0
2026-06-29,legacy_hr_system,employees.csv,3041,3041,Santiago,Sosa,D001,Finance,Permanent,87251.24,,,,,Good,Excellent,Good,Good,Good,0
2026-06-29,legacy_hr_system,employees.csv,3042,3042,Catalina,Farias,D004,Sales,Permanent,127015.44,,,,,Good,Excellent,Good,Good,Good,0
2026-06-29,legacy_hr_system,employees.csv,3043,3043,Thiago Joaquin,Duarte,D005,Operations,Contractor,,,3663.94,30-99887766-1,Delta Consulting,Fair,Good,Good,Fair,Good,0
2026-06-29,legacy_hr_system,employees.csv,3044,3044,Lautaro,Lopez,D003,IT,Contractor,,4139.6,4408.29,30-11223344-5,Gamma Consulting,Fair,Fair,Excellent,Good,Excellent,0
2026-06-29,legacy_hr_system,employees.csv,3045,3045,Guillermina,Ojeda,D003,IT,Contractor,,2289.78,5497.63,30-12345678-9,Alpha Consulting,Poor,Fair,Good,Good,Good,0
2026-06-29,legacy_hr_system,employees.csv,3046,3046,Emma,Ortiz,D003,IT,Contractor,,2770.56,5259.51,30-12345678-9,Alpha Consulting,Poor,Good,Good,Excellent,Good,0
2026-06-29,legacy_hr_system,employees.csv,3047,3047,Santino,Silva,D003,IT,Permanent,111247.24,,,,,Good,Good,Good,Fair,Excellent,0
2026-06-29,legacy_hr_system,employees.csv,3048,3048,Benjamin,Diaz,D001,Finance,Contractor,,,4993.56,30-12345678-9,Alpha Consulting,Good,Good,Excellent,Good,Good,0
2026-06-29,legacy_hr_system,employees.csv,3049,3049,Santiago,Garcia,D002,Human Resources,Permanent,128726.91,,,,,Good,Good,Good,Poor,Fair,0
2026-06-29,legacy_hr_system,employees.csv,3050,3050,Santino Nicolas,Rojas,D004,Sales,Permanent,60134.05,,,,,Good,Excellent,Good,Good,Poor,0
2026-06-29,legacy_hr_system,employees.csv,3051,3051,Martin,Gomez,D001,Finance,Contractor,,2103.01,5429.41,30-12345678-9,Alpha Consulting,Fair,Excellent,Good,Fair,Good,0
2026-06-29,legacy_hr_system,employees.csv,3052,3052,Delfina,Gimenez,D001,Finance,Contractor,,2894.29,3976.27,30-11223344-5,Gamma Consulting,Good,Fair,Good,Good,Excellent,0
2026-06-29,legacy_hr_system,employees.csv,3053,3053,Lucia,Torres,D005,Operations,Permanent,79242.78,,,,,Good,Good,Good,Excellent,Good,0
2026-06-29,legacy_hr_system,employees.csv,3054,3054,Salvador,Benitez,D003,IT,Permanent,87607.91,,,,,Fair,Good,Poor,Good,Excellent,0
2026-06-29,legacy_hr_system,employees.csv,3055,3055,Gino,Lopez,D004,Sales,Permanent,59346.04,,,,,Poor,Good,Fair,Good,Good,0
2026-06-29,legacy_hr_system,employees.csv,3056,3056,Benicio,Alvarez,D004,Sales,Contractor,,2918.98,3901.56,30-99887766-1,Delta Consulting,Good,Good,Fair,Good,Fair,0
2026-06-29,legacy_hr_system,employees.csv,3057,3057,Delfina,Martinez,D001,Finance,Contractor,,2226.73,4431.88,30-87654321-0,Beta Consulting,Good,Good,Good,Good,Good,0
2026-06-29,legacy_hr_system,employees.csv,3058,3058,Santino,Velazquez,D003,IT,Contractor,,3291.18,6593.2,30-87654321-0,Beta Consulting,Good,Excellent,Excellent,Fair,Good,1
2026-06-29,legacy_hr_system,employees.csv,3059,3059,Juan Ignacio,Gomez,D001,Finance,Permanent,74643.5,,,,,Fair,Good,Good,Good,Poor,0
2026-06-29,legacy_hr_system,employees.csv,3060,3060,Valentino,Coronel,D001,Finance,Permanent,154781.43,,,,,Good,Excellent,Good,Excellent,Good,0
2026-06-29,legacy_hr_system,employees.csv,3061,3061,Federico,Castro,D002,Human Resources,Permanent,149193.05,,,,,Good,Excellent,Good,Fair,Good,0
2026-06-29,legacy_hr_system,employees.csv,3062,3062,Martina,Romero,D003,IT,Contractor,,2376.73,4703.24,30-87654321-0,Beta Consulting,Excellent,Good,Good,Excellent,Poor,0
2026-06-29,legacy_hr_system,employees.csv,3063,3063,Juan Ignacio,Garcia,D002,Human Resources,Contractor,,2633.89,4685.69,30-87654321-0,Beta Consulting,Fair,Good,Good,Good,Excellent,1
2026-06-29,legacy_hr_system,employees.csv,3064,3064,Juan Martin,Sanchez,D004,Sales,Permanent,165273.93,,,,,Poor,Fair,Good,Excellent,Excellent,0
2026-06-29,legacy_hr_system,employees.csv,3065,3065,Candelaria,Acosta,D003,IT,Permanent,138168.19,,,,,Good,Excellent,Good,Good,Good,1
2026-06-29,legacy_hr_system,employees.csv,3066,3066,Nicolas,Garcia,D004,Sales,Contractor,,3406.89,4069.69,30-12345678-9,Alpha Consulting,Good,Poor,Poor,Fair,Good,0
2026-06-29,legacy_hr_system,employees.csv,3067,3067,Ian,Lopez,D001,Finance,Permanent,75478.3,,,,,Good,Good,Good,Good,Fair,0
2026-06-29,legacy_hr_system,employees.csv,3068,3068,Bautista,Mansilla,D001,Finance,Contractor,,2833.23,5706.61,30-99887766-1,Delta Consulting,Good,Fair,Fair,Poor,Excellent,0
2026-06-29,legacy_hr_system,employees.csv,3069,3069,Agustin,Peralta,D005,Operations,Permanent,74184.96,,,,,Good,Poor,Excellent,Good,Good,1
2026-06-29,legacy_hr_system,employees.csv,3070,3070,Joaquin,Franco,D001,Finance,Permanent,88347.32,,,,,Fair,Excellent,Excellent,Excellent,Good,0
2026-06-29,legacy_hr_system,employees.csv,3071,3071,Morena,Gomez,D004,Sales,Permanent,123788.03,,,,,Excellent,Good,Fair,Good,Excellent,0
2026-06-29,legacy_hr_system,employees.csv,3072,3072,Simon,Dominguez,D003,IT,Permanent,90460.36,,,,,Fair,Good,Fair,Excellent,Good,1
2026-06-29,legacy_hr_system,employees.csv,3073,3073,Catalina,Fernandez,D002,Human Resources,Permanent,96224.3,,,,,Good,Good,Excellent,Excellent,Excellent,0
2026-06-29,legacy_hr_system,employees.csv,3074,3074,Camila,Luna,D001,Finance,Permanent,107292.04,,,,,Excellent,Fair,Good,Excellent,Excellent,0
2026-06-29,legacy_hr_system,employees.csv,3075,3075,Santino,Blanco,D002,Human Resources,Permanent,79031.48,,,,,Excellent,Good,Excellent,Good,Excellent,0
2026-06-29,legacy_hr_system,employees.csv,3076,3076,Maria Belen,Rodriguez,D001,Finance,Contractor,,2220.7,5203.43,30-99887766-1,Delta Consulting,Good,Good,Good,Good,Good,0
2026-06-29,legacy_hr_system,employees.csv,3077,3077,Candelaria,Romero,D004,Sales,Permanent,80778.91,,,,,Fair,Good,Fair,Excellent,Good,1
2026-06-29,legacy_hr_system,employees.csv,3078,3078,Mia,Olivera,D005,Operations,Permanent,72063.84,,,,,Excellent,Poor,Fair,Good,Good,0
2026-06-29,legacy_hr_system,employees.csv,3079,3079,Juan Ignacio,Mansilla,D003,IT,Contractor,,2495.98,5231.96,30-12345678-9,Alpha Consulting,Excellent,Poor,Poor,Fair,Poor,0
2026-06-29,legacy_hr_system,employees.csv,3080,3080,Lisandro,Garcia,D005,Operations,Permanent,114092.35,,,,,Excellent,Fair,Fair,Fair,Good,0
2026-06-29,legacy_hr_system,employees.csv,3081,3081,Luz Milagros,Nuñez,D003,IT,Permanent,106062.57,,,,,Fair,Good,Excellent,Fair,Poor,0
2026-06-29,legacy_hr_system,employees.csv,3082,3082,Victoria,Caceres,D001,Finance,Contractor,,3035.49,2754.29,30-99887766-1,Delta Consulting,Good,Good,Excellent,Fair,Fair,0
2026-06-29,legacy_hr_system,employees.csv,3083,3083,Mia Valentina,Ruiz,D004,Sales,Contractor,,3395.76,4883.44,30-12345678-9,Alpha Consulting,Good,Good,Good,Fair,Fair,0
2026-06-29,legacy_hr_system,employees.csv,3084,3084,Agustin,Juarez,D001,Finance,Permanent,107720.75,,,,,Good,Good,Good,Poor,Poor,0
2026-06-29,legacy_hr_system,employees.csv,3085,3085,Lola,Suarez,D002,Human Resources,Unknown,,3804.74,3372.5,30-99887766-1,Delta Consulting,Excellent,Good,Excellent,Excellent,Good,0
2026-06-29,legacy_hr_system,employees.csv,3086,3086,Victoria,Vazquez,D003,IT,Permanent,153837.27,,,,,Good,Fair,Good,Excellent,Good,0
2026-06-29,legacy_hr_system,employees.csv,3087,3087,Santino,Martinez,D005,Operations,Permanent,124634.81,,,,,Good,Excellent,Fair,Excellent,Good,0
2026-06-29,legacy_hr_system,employees.csv,3088,3088,Guillermina,Morales,D001,Finance,Contractor,,2730.76,4480.13,30-87654321-0,Beta Consulting,Poor,Poor,Good,Fair,Excellent,0
2026-06-29,legacy_hr_system,employees.csv,3089,3089,Valentino,Gomez,D002,Human Resources,Contractor,,2914.19,5720.28,30-87654321-0,Beta Consulting,Good,Good,Good,Good,Good,0
2026-06-29,legacy_hr_system,employees.csv,3090,3090,Isabella,Rodriguez,D004,Sales,Contractor,,2138.66,3737.48,30-11223344-5,Gamma Consulting,Excellent,Good,Good,Excellent,Good,0
2026-06-29,legacy_hr_system,employees.csv,3091,3091,Agostina,Valdez,D005,Operations,Permanent,151089.09,,,,,Good,Good,Good,Excellent,Good,0
2026-06-29,legacy_hr_system,employees.csv,3092,3092,Olivia,Peralta,D003,IT,Permanent,102133.95,,,,,Excellent,Good,Good,Good,Good,0
2026-06-29,legacy_hr_system,employees.csv,3093,3093,Felipe,Rios,D004,Sales,Permanent,147015.99,,,,,Good,Poor,Good,Fair,Excellent,0
2026-06-29,legacy_hr_system,employees.csv,3094,3094,Catalina,Rodriguez,D001,Finance,Permanent,170983.08,,,,,Excellent,Poor,Fair,Excellent,Excellent,0
2026-06-29,legacy_hr_system,employees.csv,3095,3095,Gonzalo,Vazquez,D002,Human Resources,Permanent,107946.15,,,,,Excellent,Good,Fair,Good,Fair,1
2026-06-29,legacy_hr_system,employees.csv,3096,3096,Geronimo,Diaz,D001,Finance,Contractor,,3545.09,3346.31,30-12345678-9,Alpha Consulting,Good,Excellent,Good,Fair,Fair,0
2026-06-29,legacy_hr_system,employees.csv,3097,3097,Antonella,Aguirre,D005,Operations,Permanent,142642.0,,,,,Poor,Good,Good,Excellent,Fair,0
2026-06-29,legacy_hr_system,employees.csv,3098,3098,Thiago Benjamin,Romero,D001,Finance,Permanent,125982.72,,,,,Fair,Good,Fair,Fair,Poor,0
2026-06-29,legacy_hr_system,employees.csv,3099,3099,Alma Mia,Molina,D004,Sales,Permanent,134191.15,,,,,Good,Good,Excellent,Fair,Good,0
2026-06-29,legacy_hr_system,employees.csv,3100,3100,Oriana,Gonzalez,D005,Operations,Permanent,100632.84,,,,,Good,Good,Good,Excellent,Good,1
2026-06-29,legacy_hr_system,employees.csv,3101,3101,Lorenzo,Avila,D005,Operations,Permanent,70167.5,,,,,Good,Fair,Good,Fair,Good,0
2026-06-29,legacy_hr_system,employees.csv,3102,3102,Olivia,Sanchez,D005,Operations,Contractor,,3402.6,2436.6,30-11223344-5,Gamma Consulting,Fair,Poor,Good,Excellent,Fair,0
2026-06-29,legacy_hr_system,employees.csv,3103,3103,Thiago,Medina,D002,Human Resources,Contractor,,2746.12,5441.18,30-12345678-9,Alpha Consulting,Fair,Excellent,Good,Good,Good,0
2026-06-29,legacy_hr_system,employees.csv,3104,3104,Martina,Castro,D005,Operations,Permanent,125756.93,,,,,Good,Fair,Good,Fair,Good,0
2026-06-29,legacy_hr_system,employees.csv,3105,3105,Candela,Sanchez,D004,Sales,Permanent,178450.28,,,,,Good,Good,Good,Good,Good,0
2026-06-29,legacy_hr_system,employees.csv,3106,3106,Lucia,Aguirre,D003,IT,Permanent,150753.27,,,,,Fair,Good,Excellent,Good,Good,0
2026-06-29,legacy_hr_system,employees.csv,3107,3107,Valentino,Vera,D004,Sales,Permanent,100383.05,,,,,Good,Fair,Good,Good,Poor,0
2026-06-29,legacy_hr_system,employees.csv,3108,3108,Pilar,Gomez,D004,Sales,Permanent,120819.4,,,,,Fair,Poor,Excellent,Good,Fair,0
2026-06-29,legacy_hr_system,employees.csv,3109,3109,Amparo,Dominguez,D005,Operations,Permanent,118578.88,,,,,Fair,Poor,Good,Good,Excellent,0
2026-06-29,legacy_hr_system,employees.csv,3110,3110,Ramiro,Silva,D001,Finance,Contractor,,1734.26,3559.6,30-99887766-1,Delta Consulting,Good,Good,Good,Good,Fair,0
2026-06-29,legacy_hr_system,employees.csv,3111,3111,Agustin,Roldan,D003,IT,Unknown,,2551.39,2463.78,30-99887766-1,Delta Consulting,Good,Excellent,Good,Good,Good,1
2026-06-29,legacy_hr_system,employees.csv,3112,3112,Bianca,Ruiz,D001,Finance,Contractor,,3037.99,4250.93,30-12345678-9,Alpha Consulting,Good,Good,Fair,Fair,Excellent,0
2026-06-29,legacy_hr_system,employees.csv,3113,3113,Morena,Valdez,D002,Human Resources,Contractor,,1661.68,4904.21,30-12345678-9,Alpha Consulting,Fair,Good,Good,Good,Excellent,0
2026-06-29,legacy_hr_system,employees.csv,3114,3114,Ana Paula,Sosa,D002,Human Resources,Permanent,141476.18,,,,,Fair,Fair,Good,Fair,Good,0
2026-06-29,legacy_hr_system,employees.csv,3115,3115,Maria Belen,Sanchez,D004,Sales,Permanent,126811.03,,,,,Good,Good,Good,Good,Excellent,0
2026-06-29,legacy_hr_system,employees.csv,3116,3116,Martina,Gonzalez,D005,Operations,Contractor,,2740.75,5091.44,30-11223344-5,Gamma Consulting,Excellent,Good,Poor,Good,Excellent,0
2026-06-29,legacy_hr_system,employees.csv,3117,3117,Luana,Sosa,D002,Human Resources,Permanent,140406.61,,,,,Good,Fair,Good,Good,Fair,0
2026-06-29,legacy_hr_system,employees.csv,3118,3118,Thiago Nicolas,Gonzalez,D003,IT,Permanent,129222.11,,,,,Good,Fair,Good,Good,Fair,0
2026-06-29,legacy_hr_system,employees.csv,3119,3119,Uma,Romero,D004,Sales,Permanent,95261.63,,,,,Good,Fair,Poor,Good,Excellent,0
2026-06-29,legacy_hr_system,employees.csv,3120,3120,Catalina,Romero,D003,IT,Contractor,,3221.28,5695.48,30-99887766-1,Delta Consulting,Poor,Fair,Good,Good,Excellent,0
2026-06-29,legacy_hr_system,employees.csv,3121,3121,Benicio,Sosa,D005,Operations,Contractor,,2522.7,6597.94,30-11223344-5,Gamma Consulting,Good,Fair,Poor,Excellent,Good,0
2026-06-29,legacy_hr_system,employees.csv,3122,3122,Antonella,Martinez,D002,Human Resources,Unknown,,2579.5,4532.41,30-11223344-5,Gamma Consulting,Poor,Fair,Fair,Good,Good,0
2026-06-29,legacy_hr_system,employees.csv,3123,3123,Lara,Luna,D001,Finance,Contractor,,2462.01,4723.27,30-99887766-1,Delta Consulting,Good,Good,Excellent,Poor,Good,0
2026-06-29,legacy_hr_system,employees.csv,3124,3124,Thiago Emanuel,Rodriguez,D002,Human Resources,Contractor,,1606.22,3953.96,30-11223344-5,Gamma Consulting,Good,Good,Good,Fair,Excellent,0
2026-06-29,legacy_hr_system,employees.csv,3125,3125,Julieta,Romero,D001,Finance,Contractor,,2126.3,4635.34,30-11223344-5,Gamma Consulting,Excellent,Fair,Good,Good,Excellent,0
2026-06-29,legacy_hr_system,employees.csv,3126,3126,Benjamin,Romero,D004,Sales,Permanent,149833.42,,,,,Good,Excellent,Good,Good,Excellent,0
2026-06-29,legacy_hr_system,employees.csv,3127,3127,Malena,Guzman,D002,Human Resources,Permanent,139380.19,,,,,Good,Good,Good,Good,Good,0
2026-06-29,legacy_hr_system,employees.csv,3128,3128,Tiziano,Mendoza,D002,Human Resources,Permanent,48850.22,,,,,Good,Good,Good,Good,Good,0
2026-06-29,legacy_hr_system,employees.csv,3129,3129,Thiago Benjamin,Ledesma,D003,IT,Permanent,181262.09,,,,,Excellent,Excellent,Good,Fair,Good,0
2026-06-29,legacy_hr_system,employees.csv,3130,3130,Salvador,Velazquez,D002,Human Resources,Contractor,,3236.22,3723.5,30-11223344-5,Gamma Consulting,Good,Fair,Good,Good,Excellent,1
2026-06-29,legacy_hr_system,employees.csv,3131,3131,Olivia,Alvarez,D005,Operations,Permanent,124713.84,,,,,Excellent,Excellent,Good,Fair,Fair,0
2026-06-29,legacy_hr_system,employees.csv,3132,3132,Franco,Cordoba,D004,Sales,Contractor,,3140.95,3833.15,30-87654321-0,Beta Consulting,Good,Excellent,Good,Good,Good,1
2026-06-29,legacy_hr_system,employees.csv,3133,3133,Santino,Peralta,D001,Finance,Permanent,125937.5,,,,,Poor,Good,Good,Fair,Fair,0
2026-06-29,legacy_hr_system,employees.csv,3134,3134,Alma,Gimenez,D003,IT,Permanent,101775.83,,,,,Excellent,Fair,Good,Good,Excellent,0
2026-06-29,legacy_hr_system,employees.csv,3135,3135,Bautista Benjamin,Romero,D003,IT,Permanent,107869.14,,,,,Good,Good,Excellent,Good,Good,0
2026-06-29,legacy_hr_system,employees.csv,3136,3136,Mora,Torres,D004,Sales,Permanent,99411.63,,,,,Good,Good,Good,Good,Good,0
2026-06-29,legacy_hr_system,employees.csv,3137,3137,Lorenzo,Aguirre,D002,Human Resources,Contractor,,1853.86,4645.84,30-11223344-5,Gamma Consulting,Poor,Good,Excellent,Fair,Fair,0
2026-06-29,legacy_hr_system,employees.csv,3138,3138,Thiago Leonel,Caceres,D003,IT,Permanent,137558.98,,,,,Good,Fair,Good,Good,Good,0
2026-06-29,legacy_hr_system,employees.csv,3139,3139,Maite,Rojas,D002,Human Resources,Contractor,,3411.91,5319.93,30-11223344-5,Gamma Consulting,Good,Excellent,Excellent,Excellent,Good,0
2026-06-29,legacy_hr_system,employees.csv,3140,3140,Emilia,Gonzalez,D003,IT,Permanent,129730.21,,,,,Good,Good,Good,Fair,Poor,0
2026-06-29,legacy_hr_system,employees.csv,3141,3141,Máximo,Ruiz,D001,Finance,Permanent,104018.24,,,,,Poor,Good,Good,Fair,Fair,0
2026-06-29,legacy_hr_system,employees.csv,3142,3142,Francisco,Villalba,D003,IT,Permanent,145189.92,,,,,Good,Good,Good,Excellent,Fair,0
2026-06-29,legacy_hr_system,employees.csv,3143,3143,Catalina,Farias,D003,IT,Permanent,79274.47,,,,,Fair,Excellent,Good,Excellent,Fair,0
2026-06-29,legacy_hr_system,employees.csv,3144,3144,Catalina,Romero,D001,Finance,Permanent,92979.86,,,,,Good,Excellent,Fair,Fair,Good,0
2026-06-29,legacy_hr_system,employees.csv,3145,3145,Bautista,Figueroa,D004,Sales,Permanent,91074.0,,,,,Fair,Good,Excellent,Good,Fair,0
2026-06-29,legacy_hr_system,employees.csv,3146,3146,Agustin,Diaz,D005,Operations,Permanent,152401.68,,,,,Good,Good,Fair,Excellent,Fair,0
2026-06-29,legacy_hr_system,employees.csv,3147,3147,Violeta,Ferreyra,D002,Human Resources,Contractor,,3754.23,4987.31,30-99887766-1,Delta Consulting,Good,Good,Good,Excellent,Good,1
2026-06-29,legacy_hr_system,employees.csv,3148,3148,Julieta,Cordoba,D003,IT,Contractor,,3857.54,3620.72,30-11223344-5,Gamma Consulting,Fair,Good,Excellent,Excellent,Excellent,0
2026-06-29,legacy_hr_system,employees.csv,3149,3149,Lorenzo,Rojas,D002,Human Resources,Permanent,130457.85,,,,,Excellent,Good,Fair,Fair,Fair,0
2026-06-29,legacy_hr_system,employees.csv,3150,3150,Sofia,Ruiz,D001,Finance,Permanent,116244.77,,,,,Excellent,Good,Fair,Excellent,Good,1
2026-06-29,legacy_hr_system,employees.csv,3151,3151,Lucía,Acosta,D002,Human Resources,Permanent,145406.46,,,,,Fair,Poor,Good,Fair,Fair,0
2026-06-29,legacy_hr_system,employees.csv,3152,3152,Paulina,Lopez,D001,Finance,Contractor,,2907.82,4115.06,30-11223344-5,Gamma Consulting,Good,Excellent,Fair,Fair,Fair,0
2026-06-29,legacy_hr_system,employees.csv,3153,3153,Benjamin,Quiroga,D001,Finance,Contractor,,3432.73,5376.17,30-87654321-0,Beta Consulting,Fair,Fair,Good,Good,Fair,0
2026-06-29,legacy_hr_system,employees.csv,3154,3154,Morena Jazmin,Silva,D001,Finance,Permanent,99949.64,,,,,Poor,Good,Poor,Good,Good,0
2026-06-29,legacy_hr_system,employees.csv,3155,3155,Delfina,Soto,D005,Operations,Contractor,,11804.56,3441.56,30-12345678-9,Alpha Consulting,Excellent,Good,Fair,Good,Poor,0
2026-06-29,legacy_hr_system,employees.csv,3156,3156,Thiago Nicolas,Herrera,D002,Human Resources,Contractor,,1001.55,4700.46,30-87654321-0,Beta Consulting,Fair,Excellent,Good,Good,Good,0
2026-06-29,legacy_hr_system,employees.csv,3157,3157,Maria Luz,Rojas,D004,Sales,Permanent,138267.16,,,,,Excellent,Good,Good,Good,Poor,1
2026-06-29,legacy_hr_system,employees.csv,3158,3158,Mora,Vazquez,D005,Operations,Contractor,,3209.65,2550.44,30-99887766-1,Delta Consulting,Poor,Fair,Good,Good,Good,0
2026-06-29,legacy_hr_system,employees.csv,3159,3159,Lorenzo,Ortiz,D003,IT,Contractor,,2719.32,2281.65,30-87654321-0,Beta Consulting,Good,Fair,Good,Poor,Excellent,0
2026-06-29,legacy_hr_system,employees.csv,3160,3160,Lucía,Pereyra,D005,Operations,Contractor,,4095.76,3413.95,30-11223344-5,Gamma Consulting,Excellent,Good,Good,Good,Excellent,0
2026-06-29,legacy_hr_system,employees.csv,3161,3161,Guadalupe,Fernandez,D001,Finance,Permanent,,,,,,Fair,Good,Excellent,Good,Good,1
2026-06-29,legacy_hr_system,employees.csv,3162,3162,Felipe,Castillo,D004,Sales,Permanent,148376.09,,,,,Fair,Good,Fair,Fair,Poor,0
2026-06-29,legacy_hr_system,employees.csv,3163,3163,Julieta,Benitez,D002,Human Resources,Permanent,92982.29,,,,,Poor,Good,Good,Excellent,Good,1
2026-06-29,legacy_hr_system,employees.csv,3164,3164,Juan Cruz,Rivero,D001,Finance,Permanent,86016.45,,,,,Good,Good,Poor,Excellent,Excellent,0
2026-06-29,legacy_hr_system,employees.csv,3165,3165,Bautista,Diaz,D004,Sales,Contractor,,3280.3,3655.68,30-99887766-1,Delta Consulting,Poor,Excellent,Good,Poor,Good,0
2026-06-29,legacy_hr_system,employees.csv,3166,3166,Renata,Paz,D001,Finance,Contractor,,3081.99,4017.17,30-87654321-0,Beta Consulting,Fair,Good,Fair,Good,Good,0
2026-06-29,legacy_hr_system,employees.csv,3167,3167,Mia Valentina,Perez,D001,Finance,Contractor,,1575.07,2269.53,30-87654321-0,Beta Consulting,Poor,Good,Excellent,Good,Fair,0
2026-06-29,legacy_hr_system,employees.csv,3168,3168,Juan Martin,Ramirez,D001,Finance,Contractor,,3181.35,3938.44,30-12345678-9,Alpha Consulting,Good,Fair,Good,Good,Fair,0
2026-06-29,legacy_hr_system,employees.csv,3169,3169,Santino,Lopez,D003,IT,Contractor,,2557.53,5195.86,30-99887766-1,Delta Consulting,Good,Good,Good,Good,Excellent,0
2026-06-29,legacy_hr_system,employees.csv,3170,3170,Emma,Rivero,D002,Human Resources,Contractor,,3938.75,4227.46,30-12345678-9,Alpha Consulting,Good,Poor,Fair,Good,Poor,0
2026-06-29,legacy_hr_system,employees.csv,3171,3171,Malena,Castro,D004,Sales,Contractor,,2727.52,5000.14,30-87654321-0,Beta Consulting,Good,Good,Good,Excellent,Poor,0
2026-06-29,legacy_hr_system,employees.csv,3172,3172,Lorenzo,Moreno,D001,Finance,Permanent,79291.93,,,,,Excellent,Fair,Good,Excellent,Good,0
2026-06-29,legacy_hr_system,employees.csv,3173,3173,Martina,Fernandez,D005,Operations,Permanent,126694.59,,,,,Poor,Good,Excellent,Poor,Poor,0
2026-06-29,legacy_hr_system,employees.csv,3174,3174,Valentino,Perez,D002,Human Resources,Contractor,,3441.51,5180.23,30-99887766-1,Delta Consulting,Fair,Fair,Good,Excellent,Fair,0
2026-06-29,legacy_hr_system,employees.csv,3175,3175,Benjamin Ezequiel,Dominguez,D001,Finance,Permanent,61897.42,,,,,Fair,Fair,Good,Good,Good,0
2026-06-29,legacy_hr_system,employees.csv,3176,3176,Joaquin,Roldan,D001,Finance,Permanent,97159.34,,,,,Fair,Good,Excellent,Poor,Good,0
2026-06-29,legacy_hr_system,employees.csv,3177,3177,Ciro Benjamin,Suarez,D003,IT,Permanent,93652.1,,,,,Fair,Good,Excellent,Good,Good,0
2026-06-29,legacy_hr_system,employees.csv,3178,3178,Benjamin,Mendez,D001,Finance,Permanent,122996.61,,,,,Good,Good,Good,Fair,Fair,0
2026-06-29,legacy_hr_system,employees.csv,3179,3179,Catalina,Juarez,D002,Human Resources,Contractor,,3384.6,5996.71,30-11223344-5,Gamma Consulting,Excellent,Fair,Excellent,Poor,Good,0
2026-06-29,legacy_hr_system,employees.csv,3180,3180,Mateo Ezequiel,Mendoza,D003,IT,Permanent,,,,,,Poor,Good,Good,Good,Poor,0
2026-06-29,legacy_hr_system,employees.csv,3181,3181,Lola,Torres,D005,Operations,Permanent,105072.83,,,,,Good,Good,Fair,Good,Excellent,0
2026-06-29,legacy_hr_system,employees.csv,3182,3182,Milagros,Gomez,D005,Operations,Permanent,154490.16,,,,,Excellent,Good,Excellent,Good,Poor,0
2026-06-29,legacy_hr_system,employees.csv,3183,3183,Thiago Joaquin,Muñoz,D003,IT,Permanent,128897.31,,,,,Good,Good,Good,Good,Good,0
2026-06-29,legacy_hr_system,employees.csv,3184,3184,Valentino,Gomez,D002,Human Resources,Permanent,158029.55,,,,,Good,Excellent,Good,Fair,Good,0
2026-06-29,legacy_hr_system,employees.csv,3185,3185,Abril,Maidana,D004,Sales,Contractor,,3230.98,3342.88,30-12345678-9,Alpha Consulting,Good,Good,Good,Poor,Fair,1
2026-06-29,legacy_hr_system,employees.csv,3186,3186,Maximo,Rivero,D004,Sales,Contractor,,1933.5,2948.49,30-87654321-0,Beta Consulting,Fair,Good,Good,Good,Good,0
2026-06-29,legacy_hr_system,employees.csv,3187,3187,Maria Guadalupe,Soria,D005,Operations,Contractor,,3529.64,5688.6,30-99887766-1,Delta Consulting,Good,Fair,Good,Poor,Poor,0
2026-06-29,legacy_hr_system,employees.csv,3188,3188,Valentina,Cruz,D001,Finance,Permanent,175480.86,,,,,Good,Good,Excellent,Good,Fair,0
2026-06-29,legacy_hr_system,employees.csv,3189,3189,Emma,Gomez,D002,Human Resources,Contractor,,3674.48,5662.84,30-12345678-9,Alpha Consulting,Poor,Good,Fair,Fair,Excellent,0
2026-06-29,legacy_hr_system,employees.csv,3190,3190,Micaela,Romero,D005,Operations,Contractor,,2535.99,3343.58,30-11223344-5,Gamma Consulting,Fair,Fair,Good,Good,Fair,0
2026-06-29,legacy_hr_system,employees.csv,3191,3191,Maria Victoria,Alvarez,D001,Finance,Permanent,145502.38,,,,,Poor,Good,Good,Good,Good,0
2026-06-29,legacy_hr_system,employees.csv,3192,3192,Lautaro Ezequiel,Martinez,D004,Sales,Permanent,132530.42,,,,,Excellent,Good,Good,Excellent,Good,0
2026-06-29,legacy_hr_system,employees.csv,3193,3193,Ciro,Fernandez,D005,Operations,Permanent,123223.33,,,,,Poor,Good,Fair,Good,Good,0
2026-06-29,legacy_hr_system,employees.csv,3194,3194,Joaquin,Valdez,D004,Sales,Permanent,131621.14,,,,,Good,Good,Fair,Good,Good,0
2026-06-29,legacy_hr_system,employees.csv,3195,3195,Simon,Perez,D004,Sales,Permanent,129695.56,,,,,Good,Poor,Fair,Good,Good,1
2026-06-29,legacy_hr_system,employees.csv,3196,3196,Salvador,Aguirre,D004,Sales,Contractor,,4027.05,5794.99,30-99887766-1,Delta Consulting,Good,Good,Fair,Good,Good,1
2026-06-29,legacy_hr_system,employees.csv,3197,3197,Thiago,Duarte,D002,Human Resources,Permanent,136326.61,,,,,Good,Good,Fair,Fair,Poor,0
2026-06-29,legacy_hr_system,employees.csv,3198,3198,Josefina,Flores,D001,Finance,Permanent,145374.09,,,,,Good,Good,Good,Excellent,Good,0
2026-06-29,legacy_hr_system,employees.csv,3199,3199,Thiago Ezequiel,Soto,D001,Finance,Permanent,135421.88,,,,,Poor,Good,Excellent,Good,Good,0
2026-06-29,legacy_hr_system,employees.csv,3200,3200,Emiliano,Maidana,D002,Human Resources,Permanent,106164.91,,,,,Excellent,Good,Poor,Good,Good,0
2026-06-29,legacy_hr_system,employees.csv,3201,3201,Guadalupe,Vera,D001,Finance,Contractor,,3605.25,3105.5,30-99887766-1,Delta Consulting,Good,Poor,Fair,Good,Excellent,0
2026-06-29,legacy_hr_system,employees.csv,3202,3202,Tobias,Gonzalez,D002,Human Resources,Permanent,151616.75,,,,,Good,Fair,Good,Excellent,Good,0
2026-06-29,legacy_hr_system,employees.csv,3203,3203,Nahiara,Juarez,D003,IT,Permanent,84164.31,,,,,Fair,Excellent,Fair,Fair,Good,0
2026-06-29,legacy_hr_system,employees.csv,3204,3204,Maite,Dominguez,D005,Operations,Permanent,128574.1,,,,,Good,Fair,Good,Excellent,Poor,0
2026-06-29,legacy_hr_system,employees.csv,3205,3205,Nahiara Jazmin,Ledesma,D005,Operations,Contractor,,2323.88,5053.39,30-11223344-5,Gamma Consulting,Excellent,Good,Good,Excellent,Fair,0
2026-06-29,legacy_hr_system,employees.csv,3206,3206,Francesco,Martinez,D004,Sales,Permanent,118982.24,,,,,Poor,Poor,Good,Fair,Good,1
2026-06-29,legacy_hr_system,employees.csv,3207,3207,Nicolas,Sanchez,D004,Sales,Permanent,72157.32,,,,,Good,Good,Good,Good,Excellent,0
2026-06-29,legacy_hr_system,employees.csv,3208,3208,Gino,Torres,D002,Human Resources,Permanent,132620.99,,,,,Good,Excellent,Good,Poor,Excellent,1
2026-06-29,legacy_hr_system,employees.csv,3209,3209,Nina,Gomez,D003,IT,Permanent,102662.38,,,,,Poor,Poor,Poor,Fair,Good,0
2026-06-29,legacy_hr_system,employees.csv,3210,3210,Mateo Ezequiel,Mendez,D004,Sales,Permanent,146434.4,,,,,Fair,Excellent,Fair,Good,Fair,0
2026-06-29,legacy_hr_system,employees.csv,3211,3211,Francesca,Bustos,D003,IT,Contractor,,3001.06,4895.42,30-11223344-5,Gamma Consulting,Good,Fair,Excellent,Fair,Good,0
2026-06-29,legacy_hr_system,employees.csv,3212,3212,Francesca,Bravo,D004,Sales,Permanent,91272.93,,,,,Excellent,Excellent,Excellent,Excellent,Good,0
2026-06-29,legacy_hr_system,employees.csv,3213,3213,Valentina,Gomez,D001,Finance,Permanent,102320.03,,,,,Excellent,Excellent,Good,Good,Good,0
2026-06-29,legacy_hr_system,employees.csv,3214,3214,Gael,Martinez,D001,Finance,Permanent,106240.84,,,,,Excellent,Fair,Fair,Excellent,Fair,0
2026-06-29,legacy_hr_system,employees.csv,3215,3215,Sofia,Paez,D003,IT,Contractor,,3685.36,6177.38,30-12345678-9,Alpha Consulting,Good,Good,Good,Good,Good,0
2026-06-29,legacy_hr_system,employees.csv,3216,3216,Santino Gabriel,Morales,D003,IT,Permanent,95844.85,,,,,Excellent,Good,Good,Excellent,Excellent,0
2026-06-29,legacy_hr_system,employees.csv,3217,3217,Emiliano,Vazquez,D005,Operations,Permanent,152305.44,,,,,Good,Fair,Good,Fair,Excellent,0
2026-06-29,legacy_hr_system,employees.csv,3218,3218,Lola,Gonzalez,D003,IT,Permanent,54909.68,,,,,Good,Poor,Excellent,Excellent,Poor,0
2026-06-29,legacy_hr_system,employees.csv,3219,3219,Mateo Ezequiel,Paz,D004,Sales,Permanent,84174.32,,,,,Good,Good,Good,Fair,Excellent,0
2026-06-29,legacy_hr_system,employees.csv,3220,3220,Nahiara Jazmin,Herrera,D001,Finance,Contractor,,2232.98,3147.49,30-11223344-5,Gamma Consulting,Good,Good,Good,Good,Excellent,0
2026-06-29,legacy_hr_system,employees.csv,3221,3221,Renata,Mansilla,D005,Operations,Permanent,72492.35,,,,,Fair,Good,Good,Excellent,Excellent,0
2026-06-29,legacy_hr_system,employees.csv,3222,3222,Lucio,Lucero,D004,Sales,Permanent,132389.97,,,,,Poor,Poor,Good,Excellent,Excellent,0
2026-06-29,legacy_hr_system,employees.csv,3223,3223,Tobias,Paz,D002,Human Resources,Permanent,113577.97,,,,,Fair,Excellent,Fair,Good,Good,0
2026-06-29,legacy_hr_system,employees.csv,3224,3224,Genaro,Gimenez,D005,Operations,Permanent,131382.16,,,,,Excellent,Good,Good,Excellent,Good,0
2026-06-29,legacy_hr_system,employees.csv,3225,3225,Lautaro,Juarez,D002,Human Resources,Permanent,140714.18,,,,,Excellent,Good,Poor,Poor,Poor,0
2026-06-29,legacy_hr_system,employees.csv,3226,3226,Zoe Valentina,Ponce,D001,Finance,Permanent,127968.51,,,,,Good,Good,Good,Good,Excellent,0
2026-06-29,legacy_hr_system,employees.csv,3227,3227,Facundo,Gonzalez,D004,Sales,Permanent,139732.9,,,,,Poor,Good,Fair,Poor,Poor,1
2026-06-29,legacy_hr_system,employees.csv,3228,3228,Isabella,Moreno,D003,IT,Permanent,117914.03,,,,,Good,Good,Good,Good,Good,0
2026-06-29,legacy_hr_system,employees.csv,3229,3229,Agustín,Arias,D005,Operations,Permanent,84390.2,,,,,Excellent,Good,Good,Poor,Fair,0
2026-06-29,legacy_hr_system,employees.csv,3230,3230,Valentino,Ruiz,D004,Sales,Permanent,151734.43,,,,,Poor,Good,Fair,Good,Fair,0
2026-06-29,legacy_hr_system,employees.csv,3231,3231,Lucía,Sanchez,D002,Human Resources,Contractor,,2528.71,3564.4,30-87654321-0,Beta Consulting,Good,Good,Good,Fair,Good,0
2026-06-29,legacy_hr_system,employees.csv,3232,3232,Catalina,Fernandez,D004,Sales,Permanent,114662.46,,,,,Excellent,Poor,Fair,Fair,Good,0
2026-06-29,legacy_hr_system,employees.csv,3233,3233,Agustina,Martin,D001,Finance,Contractor,,2269.75,4082.57,30-12345678-9,Alpha Consulting,Fair,Good,Poor,Good,Good,0
2026-06-29,legacy_hr_system,employees.csv,3234,3234,Ludmila,Coronel,D004,Sales,Permanent,130321.62,,,,,Good,Excellent,Excellent,Excellent,Good,0
2026-06-29,legacy_hr_system,employees.csv,3235,3235,Thiago Leonel,Castillo,D004,Sales,Contractor,,3278.67,3602.17,30-99887766-1,Delta Consulting,Good,Good,Good,Excellent,Good,0
2026-06-29,legacy_hr_system,employees.csv,3236,3236,Sol,Sanchez,D002,Human Resources,Permanent,105368.84,,,,,Good,Excellent,Excellent,Good,Good,0
2026-06-29,legacy_hr_system,employees.csv,3237,3237,Jazmin,Ponce,D001,Finance,Contractor,,3859.47,4996.4,30-11223344-5,Gamma Consulting,Poor,Good,Excellent,Excellent,Good,0
2026-06-29,legacy_hr_system,employees.csv,3238,3238,Thiago Benjamin,Castillo,D001,Finance,Contractor,,4660.05,5680.13,30-12345678-9,Alpha Consulting,Fair,Excellent,Excellent,Good,Excellent,0
2026-06-29,legacy_hr_system,employees.csv,3239,3239,Ezequiel,Figueroa,D003,IT,Permanent,154328.79,,,,,Poor,Excellent,Excellent,Excellent,Good,1
2026-06-29,legacy_hr_system,employees.csv,3240,3240,Sofia,Ramirez,D002,Human Resources,Permanent,78363.94,,,,,Good,Good,Fair,Good,Good,0
2026-06-29,legacy_hr_system,employees.csv,3241,3241,Joaquin,Hernandez,D005,Operations,Contractor,,3611.09,4446.89,30-11223344-5,Gamma Consulting,Good,Good,Poor,Good,Good,1
2026-06-29,legacy_hr_system,employees.csv,3242,3242,Juan David,Cruz,D003,IT,Permanent,103470.55,,,,,Good,Fair,Excellent,Fair,Excellent,0
2026-06-29,legacy_hr_system,employees.csv,3243,3243,Francisco,Duarte,D002,Human Resources,Permanent,125040.46,,,,,Excellent,Fair,Excellent,Good,Good,0
2026-06-29,legacy_hr_system,employees.csv,3244,3244,Thiago Gabriel,Moreno,D001,Finance,Permanent,148356.35,,,,,Fair,Good,Fair,Good,Good,0
2026-06-29,legacy_hr_system,employees.csv,3245,3245,Lucía,Barrios,D004,Sales,Permanent,135024.95,,,,,Fair,Good,Good,Poor,Fair,0
2026-06-29,legacy_hr_system,employees.csv,3246,3246,Martin,Diaz,D002,Human Resources,Permanent,93645.79,,,,,Good,Good,Fair,Fair,Fair,0
2026-06-29,legacy_hr_system,employees.csv,3247,3247,Constanza,Lopez,D003,IT,Contractor,,3593.97,3862.41,30-11223344-5,Gamma Consulting,Poor,Good,Excellent,Poor,Good,0
2026-06-29,legacy_hr_system,employees.csv,3248,3248,Lola,Flores,D001,Finance,Permanent,126500.49,,,,,Fair,Fair,Good,Fair,Fair,0
2026-06-29,legacy_hr_system,employees.csv,3249,3249,Thiago Benjamin,Rodriguez,D002,Human Resources,Permanent,110899.5,,,,,Good,Good,Good,Good,Fair,0
2026-06-29,legacy_hr_system,employees.csv,3250,3250,Guadalupe,Duarte,D002,Human Resources,Permanent,113434.01,,,,,Poor,Good,Good,Good,Fair,0
2026-06-29,legacy_hr_system,employees.csv,3251,3251,Juan Ignacio,Muñoz,D002,Human Resources,Contractor,,3612.99,3459.81,30-99887766-1,Delta Consulting,Good,Fair,Excellent,Fair,Poor,0
2026-06-29,legacy_hr_system,employees.csv,3252,3252,Lorenzo,Ayala,D005,Operations,Permanent,178355.85,,,,,Excellent,Fair,Excellent,Good,Good,0
2026-06-29,legacy_hr_system,employees.csv,3253,3253,Facundo,Peralta,D001,Finance,Permanent,65367.42,,,,,Excellent,Fair,Good,Fair,Good,0
2026-06-29,legacy_hr_system,employees.csv,3254,3254,Juan Ignacio,Vera,D003,IT,Permanent,102069.97,,,,,Fair,Excellent,Good,Poor,Good,0
2026-06-29,legacy_hr_system,employees.csv,3255,3255,Santiago,Guzman,D003,IT,Permanent,131106.36,,,,,Fair,Fair,Good,Poor,Good,0
2026-06-29,legacy_hr_system,employees.csv,3256,3256,Sofia Belen,Garcia,D005,Operations,Contractor,,3467.45,4399.52,30-11223344-5,Gamma Consulting,Fair,Fair,Excellent,Good,Fair,0
2026-06-29,legacy_hr_system,employees.csv,3257,3257,Morena,Fernandez,D004,Sales,Contractor,,2954.09,4910.55,30-12345678-9,Alpha Consulting,Good,Fair,Fair,Fair,Fair,1
2026-06-29,legacy_hr_system,employees.csv,3258,3258,Jazmín,Juarez,D003,IT,Contractor,,2815.14,5893.18,30-87654321-0,Beta Consulting,Fair,Good,Poor,Poor,Poor,0
2026-06-29,legacy_hr_system,employees.csv,3259,3259,Jeronimo,Garcia,D004,Sales,Permanent,145180.47,,,,,Good,Fair,Good,Good,Excellent,1
2026-06-29,legacy_hr_system,employees.csv,3260,3260,Agostina,Ramirez,D004,Sales,Contractor,,3698.26,3533.84,30-87654321-0,Beta Consulting,Poor,Good,Excellent,Good,Good,1
2026-06-29,legacy_hr_system,employees.csv,3261,3261,Renata,Fernandez,D004,Sales,Unknown,117618.35,,,,,Good,Fair,Excellent,Good,Good,0
2026-06-29,legacy_hr_system,employees.csv,3262,3262,Juana,Perez,D004,Sales,Permanent,110986.02,,,,,Excellent,Fair,Excellent,Good,Excellent,0
2026-06-29,legacy_hr_system,employees.csv,3263,3263,Ana Paula,Barrios,D002,Human Resources,Permanent,89831.96,,,,,Good,Good,Good,Good,Good,0
2026-06-29,legacy_hr_system,employees.csv,3264,3264,Thiago,Castillo,D004,Sales,Contractor,,3288.13,3962.35,30-11223344-5,Gamma Consulting,Excellent,Good,Poor,Excellent,Poor,0
2026-06-29,legacy_hr_system,employees.csv,3265,3265,Malena,Gonzalez,D005,Operations,Permanent,139662.11,,,,,Excellent,Poor,Fair,Good,Excellent,0
2026-06-29,legacy_hr_system,employees.csv,3266,3266,Valentino,Sanchez,D002,Human Resources,Permanent,87894.25,,,,,Good,Good,Good,Excellent,Good,0
2026-06-29,legacy_hr_system,employees.csv,3267,3267,Helena,Castillo,D004,Sales,Contractor,,4375.23,3603.67,30-99887766-1,Delta Consulting,Poor,Good,Excellent,Poor,Good,0
2026-06-29,legacy_hr_system,employees.csv,3268,3268,Luz Milagros,Vega,D003,IT,Permanent,126579.07,,,,,Fair,Good,Good,Good,Poor,0
2026-06-29,legacy_hr_system,employees.csv,3269,3269,Abril,Perez,D005,Operations,Permanent,143755.78,,,,,Poor,Fair,Good,Excellent,Good,0
2026-06-29,legacy_hr_system,employees.csv,3270,3270,Catalina,Rodriguez,D001,Finance,Permanent,102880.79,,,,,Excellent,Good,Fair,Fair,Poor,0
2026-06-29,legacy_hr_system,employees.csv,3271,3271,Ignacio,Martinez,D003,IT,Permanent,145574.06,,,,,Good,Good,Good,Good,Good,0
2026-06-29,legacy_hr_system,employees.csv,3272,3272,Luz Maria,Franco,D001,Finance,Contractor,,2016.65,5952.12,30-87654321-0,Beta Consulting,Excellent,Good,Good,Fair,Fair,0
2026-06-29,legacy_hr_system,employees.csv,3273,3273,Luisana,Martin,D005,Operations,Permanent,120424.48,,,,,Good,Good,Good,Good,Good,1
2026-06-29,legacy_hr_system,employees.csv,3274,3274,Matias,Cardozo,D003,IT,Permanent,102107.66,,,,,Good,Excellent,Good,Good,Fair,0
2026-06-29,legacy_hr_system,employees.csv,3275,3275,Martina,Perez,D001,Finance,Contractor,,2760.65,5308.92,30-11223344-5,Gamma Consulting,Fair,Fair,Excellent,Good,Good,0
2026-06-29,legacy_hr_system,employees.csv,3276,3276,Ana Paula,Sanchez,D005,Operations,Contractor,,2532.44,3750.64,30-99887766-1,Delta Consulting,Good,Good,Poor,Excellent,Excellent,0
2026-06-29,legacy_hr_system,employees.csv,3277,3277,Camila,Torres,D004,Sales,Permanent,113353.9,,,,,Poor,Excellent,Excellent,Good,Fair,0
2026-06-29,legacy_hr_system,employees.csv,3278,3278,León,Castro,D003,IT,Contractor,,2058.43,6320.54,30-87654321-0,Beta Consulting,Good,Good,Good,Fair,Excellent,0
2026-06-29,legacy_hr_system,employees.csv,3279,3279,Clara,Perez,D004,Sales,Permanent,103008.16,,,,,Good,Excellent,Fair,Fair,Excellent,0
2026-06-29,legacy_hr_system,employees.csv,3280,3280,Juan Bautista,Soria,D004,Sales,Contractor,,3665.29,4709.47,30-12345678-9,Alpha Consulting,Fair,Excellent,Good,Excellent,Good,0
2026-06-29,legacy_hr_system,employees.csv,3281,3281,Enzo,Fernandez,D003,IT,Permanent,90463.98,,,,,Good,Poor,Good,Poor,Good,0
2026-06-29,legacy_hr_system,employees.csv,3282,3282,Josefina,Pereyra,D001,Finance,Contractor,,2995.24,5284.0,30-87654321-0,Beta Consulting,Good,Good,Good,Good,Good,0
2026-06-29,legacy_hr_system,employees.csv,3283,3283,Valentino,Gomez,D004,Sales,Permanent,114352.16,,,,,Good,Good,Fair,Good,Good,0
2026-06-29,legacy_hr_system,employees.csv,3284,3284,Martina,Fernandez,D001,Finance,Permanent,155793.39,,,,,Good,Good,Good,Good,Good,0
2026-06-29,legacy_hr_system,employees.csv,3285,3285,Luna,Miranda,D001,Finance,Permanent,150645.46,,,,,Poor,Good,Good,Good,Poor,0
2026-06-29,legacy_hr_system,employees.csv,3286,3286,Lautaro Ezequiel,Blanco,D003,IT,Permanent,147567.45,,,,,Good,Good,Good,Excellent,Excellent,0
2026-06-29,legacy_hr_system,employees.csv,3287,3287,Emilia,Lucero,D004,Sales,Permanent,106210.3,,,,,Good,Good,Good,Good,Excellent,0
2026-06-29,legacy_hr_system,employees.csv,3288,3288,Mora,Coronel,D001,Finance,Permanent,87604.73,,,,,Fair,Good,Good,Fair,Good,0
2026-06-29,legacy_hr_system,employees.csv,3289,3289,Thiago Benjamin,Sanchez,D001,Finance,Permanent,101592.37,,,,,Excellent,Good,Good,Excellent,Good,1
2026-06-29,legacy_hr_system,employees.csv,3290,3290,Uma,Sanchez,D002,Human Resources,Contractor,,3156.99,5045.79,30-12345678-9,Alpha Consulting,Good,Good,Good,Fair,Fair,0
2026-06-29,legacy_hr_system,employees.csv,3291,3291,Jeronimo,Coronel,D002,Human Resources,Permanent,54852.86,,,,,Good,Good,Fair,Good,Good,0
2026-06-29,legacy_hr_system,employees.csv,3292,3292,Felipe,Roldan,D004,Sales,Contractor,,2993.51,4658.09,30-99887766-1,Delta Consulting,Excellent,Excellent,Good,Good,Good,0
2026-06-29,legacy_hr_system,employees.csv,3293,3293,Milagros,Figueroa,D003,IT,Permanent,111673.67,,,,,Excellent,Excellent,Fair,Good,Good,0
2026-06-29,legacy_hr_system,employees.csv,3294,3294,Isabella,Fernandez,D005,Operations,Contractor,,4033.02,4921.78,30-87654321-0,Beta Consulting,Fair,Good,Good,Good,Good,0
2026-06-29,legacy_hr_system,employees.csv,3295,3295,Francisco,Gonzalez,D001,Finance,Contractor,,4048.15,4284.04,30-12345678-9,Alpha Consulting,Poor,Excellent,Excellent,Good,Good,0
2026-06-29,legacy_hr_system,employees.csv,3296,3296,Thiago Benjamin,Vega,D003,IT,Contractor,,3749.98,6135.07,30-87654321-0,Beta Consulting,Good,Good,Good,Excellent,Good,0
2026-06-29,legacy_hr_system,employees.csv,3297,3297,Lorenzo,Toledo,D001,Finance,Contractor,,16197.4,3407.86,30-12345678-9,Alpha Consulting,Fair,Fair,Fair,Good,Fair,0
2026-06-29,legacy_hr_system,employees.csv,3298,3298,Dylan,Gonzalez,D004,Sales,Contractor,,2797.06,4154.84,30-87654321-0,Beta Consulting,Fair,Fair,Good,Good,Fair,0
2026-06-29,legacy_hr_system,employees.csv,3299,3299,Benicio,Vega,D001,Finance,Permanent,134677.64,,,,,Excellent,Excellent,Fair,Good,Excellent,0
2026-06-29,legacy_hr_system,employees.csv,3300,3300,Pilar,Aguirre,D005,Operations,Contractor,,3549.08,3661.11,30-11223344-5,Gamma Consulting,Excellent,Poor,Poor,Good,Good,0
2026-06-29,legacy_hr_system,employees.csv,3301,3301,Juan Gabriel,Aguero,D001,Finance,Permanent,122035.16,,,,,Good,Excellent,Good,Excellent,Good,0
2026-06-29,legacy_hr_system,employees.csv,3302,3302,Juan Ignacio,Gomez,D003,IT,Contractor,,1384.06,5941.95,30-99887766-1,Delta Consulting,Good,Good,Fair,Good,Good,0
2026-06-29,legacy_hr_system,employees.csv,3303,3303,Joaquina,Lopez,D001,Finance,Permanent,104628.77,,,,,Fair,Fair,Good,Good,Excellent,0
2026-06-29,legacy_hr_system,employees.csv,3304,3304,Mateo,Gimenez,D004,Sales,Permanent,121675.92,,,,,Poor,Good,Fair,Good,Good,0
2026-06-29,legacy_hr_system,employees.csv,3305,3305,Victoria,Paez,D004,Sales,Permanent,110710.51,,,,,Good,Good,Poor,Good,Excellent,1
2026-06-29,legacy_hr_system,employees.csv,3306,3306,Maria Victoria,Nuñez,D002,Human Resources,Contractor,,3916.82,,30-87654321-0,Beta Consulting,Good,Poor,Good,Excellent,Fair,0
2026-06-29,legacy_hr_system,employees.csv,3307,3307,Emanuel,Pereyra,D003,IT,Permanent,119501.69,,,,,Fair,Excellent,Excellent,Fair,Good,0
2026-06-29,legacy_hr_system,employees.csv,3308,3308,Franco,Ramirez,D001,Finance,Contractor,,2915.34,4046.36,30-12345678-9,Alpha Consulting,Good,Poor,Good,Excellent,Fair,0
2026-06-29,legacy_hr_system,employees.csv,3309,3309,Bautista,Vazquez,D005,Operations,Contractor,,4380.98,3612.67,30-11223344-5,Gamma Consulting,Good,Fair,Excellent,Good,Excellent,1
2026-06-29,legacy_hr_system,employees.csv,3310,3310,Amparo,Paez,D001,Finance,Permanent,143153.89,,,,,Good,Poor,Good,Good,Fair,0
2026-06-29,legacy_hr_system,employees.csv,3311,3311,Benjamin,Castillo,D005,Operations,Contractor,,3285.0,5761.52,30-11223344-5,Gamma Consulting,Good,Good,Good,Fair,Good,0
2026-06-29,legacy_hr_system,employees.csv,3312,3312,Thiago Ezequiel,Ruiz,D001,Finance,Contractor,,2466.25,3767.03,30-99887766-1,Delta Consulting,Fair,Excellent,Excellent,Good,Poor,0
2026-06-29,legacy_hr_system,employees.csv,3313,3313,Salvador,Duarte,D004,Sales,Permanent,152882.1,,,,,Poor,Good,Fair,Fair,Poor,0
2026-06-29,legacy_hr_system,employees.csv,3314,3314,Luana,Fernandez,D001,Finance,Permanent,132759.64,,,,,Fair,Good,Good,Fair,Fair,1
2026-06-29,legacy_hr_system,employees.csv,3315,3315,Catalina,Rivero,D003,IT,Contractor,,1764.05,3960.69,30-87654321-0,Beta Consulting,Poor,Good,Good,Poor,Fair,0
2026-06-29,legacy_hr_system,employees.csv,3316,3316,Milagros,Acosta,D005,Operations,Permanent,,,,,,Good,Good,Good,Good,Good,0
2026-06-29,legacy_hr_system,employees.csv,3317,3317,Ivan,Luna,D003,IT,Permanent,145132.93,,,,,Excellent,Good,Excellent,Fair,Excellent,0
2026-06-29,legacy_hr_system,employees.csv,3318,3318,Benjamin,Valdez,D002,Human Resources,Permanent,99623.08,,,,,Poor,Fair,Fair,Good,Good,0
2026-06-29,legacy_hr_system,employees.csv,3319,3319,Ambar,Duarte,D002,Human Resources,Permanent,32572.32,,,,,Good,Good,Fair,Fair,Poor,0
2026-06-29,legacy_hr_system,employees.csv,3320,3320,Juan Cruz,Ojeda,D004,Sales,Permanent,135696.7,,,,,Poor,Good,Good,Good,Good,1
2026-06-29,legacy_hr_system,employees.csv,3321,3321,Abril,Campos,D003,IT,Permanent,83390.38,,,,,Fair,Excellent,Poor,Fair,Fair,0
2026-06-29,legacy_hr_system,employees.csv,3322,3322,Franco,Diaz,D005,Operations,Permanent,59479.84,,,,,Good,Good,Fair,Excellent,Good,0
2026-06-29,legacy_hr_system,employees.csv,3323,3323,Isabella,Moreno,D005,Operations,Permanent,35030.22,,,,,Excellent,Fair,Poor,Poor,Good,0
2026-06-29,legacy_hr_system,employees.csv,3324,3324,Juan Cruz,Rodriguez,D001,Finance,Contractor,,3651.18,4628.62,30-99887766-1,Delta Consulting,Poor,Good,Poor,Good,Good,0
2026-06-29,legacy_hr_system,employees.csv,3325,3325,Bautista,Moyano,D001,Finance,Permanent,113230.31,,,,,Good,Good,Good,Excellent,Fair,0
2026-06-29,legacy_hr_system,employees.csv,3326,3326,Olivia,Ruiz,D003,IT,Permanent,161670.73,,,,,Good,Good,Good,Poor,Good,0
2026-06-29,legacy_hr_system,employees.csv,3327,3327,Joaquin,Soto,D003,IT,Permanent,139119.74,,,,,Fair,Good,Good,Excellent,Poor,0
2026-06-29,legacy_hr_system,employees.csv,3328,3328,Mateo Ezequiel,Gomez,D003,IT,Permanent,168489.0,,,,,Excellent,Fair,Good,Good,Good,0
2026-06-29,legacy_hr_system,employees.csv,3329,3329,Elena,Lopez,D001,Finance,Unknown,,1885.81,4465.45,30-99887766-1,Delta Consulting,Good,Fair,Poor,Good,Excellent,0
2026-06-29,legacy_hr_system,employees.csv,3330,3330,Fausto,Garcia,D001,Finance,Permanent,71498.6,,,,,Good,Excellent,Poor,Excellent,Good,0
2026-06-29,legacy_hr_system,employees.csv,3331,3331,Gonzalo,Ferreyra,D001,Finance,Contractor,,2816.49,4251.38,30-12345678-9,Alpha Consulting,Excellent,Good,Excellent,Excellent,Good,0
2026-06-29,legacy_hr_system,employees.csv,3332,3332,Juan Ignacio,Aguirre,D003,IT,Contractor,,3501.29,4545.56,30-12345678-9,Alpha Consulting,Excellent,Excellent,Good,Excellent,Fair,0
2026-06-29,legacy_hr_system,employees.csv,3333,3333,Lorenzo,Cordoba,D002,Human Resources,Permanent,138702.21,,,,,Good,Poor,Fair,Good,Fair,0
2026-06-29,legacy_hr_system,employees.csv,3334,3334,Josefina,Castillo,D005,Operations,Contractor,,3562.75,,30-99887766-1,Delta Consulting,Excellent,Good,Good,Excellent,Good,0
2026-06-29,legacy_hr_system,employees.csv,3335,3335,Valentino,Carrizo,D004,Sales,Contractor,,2747.76,3558.98,30-99887766-1,Delta Consulting,Poor,Good,Poor,Fair,Poor,1
2026-06-29,legacy_hr_system,employees.csv,3336,3336,Ludmila,Gutierrez,D004,Sales,Permanent,127382.51,,,,,Excellent,Poor,Fair,Good,Excellent,0
2026-06-29,legacy_hr_system,employees.csv,3337,3337,Morena,Cruz,D004,Sales,Permanent,95931.6,,,,,Excellent,Fair,Good,Good,Good,0
2026-06-29,legacy_hr_system,employees.csv,3338,3338,Agustin,Ortiz,D002,Human Resources,Contractor,,4185.57,4216.78,30-87654321-0,Beta Consulting,Excellent,Good,Excellent,Good,Good,0
2026-06-29,legacy_hr_system,employees.csv,3339,3339,Pedro,Navarro,D002,Human Resources,Permanent,103032.71,,,,,Good,Good,Good,Good,Good,0
2026-06-29,legacy_hr_system,employees.csv,3340,3340,Nina,Cabrera,D002,Human Resources,Permanent,105860.53,,,,,Good,Excellent,Good,Good,Excellent,0
2026-06-29,legacy_hr_system,employees.csv,3341,3341,Lorenzo,Flores,D005,Operations,Permanent,141552.52,,,,,Fair,Fair,Fair,Poor,Excellent,1
2026-06-29,legacy_hr_system,employees.csv,3342,3342,Martina,Romero,D002,Human Resources,Permanent,115267.59,,,,,Good,Fair,Good,Fair,Excellent,0
2026-06-29,legacy_hr_system,employees.csv,3343,3343,Malena,Martinez,D002,Human Resources,Contractor,,,6165.35,30-99887766-1,Delta Consulting,Fair,Good,Good,Good,Poor,0
2026-06-29,legacy_hr_system,employees.csv,3344,3344,Ramiro,Fernandez,D004,Sales,Contractor,,2315.06,4535.57,30-99887766-1,Delta Consulting,Good,Fair,Fair,Excellent,Fair,0
2026-06-29,legacy_hr_system,employees.csv,3345,3345,Guillermina,Morales,D001,Finance,Permanent,139569.18,,,,,Excellent,Fair,Excellent,Good,Good,0
2026-06-29,legacy_hr_system,employees.csv,3346,3346,Bruno,Garcia,D003,IT,Contractor,,1694.93,4980.26,30-12345678-9,Alpha Consulting,Fair,Poor,Good,Excellent,Good,0
2026-06-29,legacy_hr_system,employees.csv,3347,3347,Lorenzo,Barrios,D005,Operations,Permanent,88346.77,,,,,Poor,Good,Good,Excellent,Fair,1
2026-06-29,legacy_hr_system,employees.csv,3348,3348,Jazmin,Fernandez,D002,Human Resources,Permanent,144683.48,,,,,Excellent,Excellent,Fair,Good,Fair,0
2026-06-29,legacy_hr_system,employees.csv,3349,3349,Juan Ignacio,Barrios,D002,Human Resources,Permanent,,,,,,Good,Good,Excellent,Good,Good,0
2026-06-29,legacy_hr_system,employees.csv,3350,3350,Maite,Pereyra,D005,Operations,Contractor,,14216.88,5605.83,30-99887766-1,Delta Consulting,Fair,Fair,Poor,Fair,Excellent,0
2026-06-29,legacy_hr_system,employees.csv,3351,3351,Juana,Gonzalez,D004,Sales,Contractor,,3689.15,4751.32,30-11223344-5,Gamma Consulting,Fair,Excellent,Poor,Fair,Good,0
2026-06-29,legacy_hr_system,employees.csv,3352,3352,Bautista,Gonzalez,D001,Finance,Permanent,113060.97,,,,,Good,Good,Good,Poor,Excellent,0
2026-06-29,legacy_hr_system,employees.csv,3353,3353,Santino,Flores,D004,Sales,Permanent,102707.41,,,,,Good,Poor,Good,Good,Excellent,0
2026-06-29,legacy_hr_system,employees.csv,3354,3354,Catalina,Dominguez,D005,Operations,Permanent,164131.04,,,,,Fair,Good,Excellent,Excellent,Excellent,0
2026-06-29,legacy_hr_system,employees.csv,3355,3355,Tiziano,Perez,D002,Human Resources,Permanent,99015.14,,,,,Poor,Good,Good,Excellent,Good,0
2026-06-29,legacy_hr_system,employees.csv,3356,3356,Valentina,Rodriguez,D002,Human Resources,Permanent,88888.02,,,,,Good,Poor,Fair,Fair,Excellent,0
2026-06-29,legacy_hr_system,employees.csv,3357,3357,Juan Bautista,Gomez,D005,Operations,Permanent,139961.07,,,,,Excellent,Good,Good,Good,Good,1
2026-06-29,legacy_hr_system,employees.csv,3358,3358,Antonella,Lopez,D005,Operations,Permanent,96115.9,,,,,Excellent,Good,Excellent,Good,Fair,0
2026-06-29,legacy_hr_system,employees.csv,3359,3359,Joaquin,Ruiz,D002,Human Resources,Permanent,91498.1,,,,,Good,Good,Good,Fair,Good,0
2026-06-29,legacy_hr_system,employees.csv,3360,3360,Catalina,Lucero,D002,Human Resources,Contractor,,1845.12,4017.09,30-11223344-5,Gamma Consulting,Excellent,Good,Fair,Good,Excellent,0
2026-06-29,legacy_hr_system,employees.csv,3361,3361,Juana,Nuñez,D001,Finance,Contractor,,2933.83,4743.09,30-12345678-9,Alpha Consulting,Excellent,Excellent,Good,Good,Good,0
2026-06-29,legacy_hr_system,employees.csv,3362,3362,Facundo,Carrizo,D004,Sales,Contractor,,3761.04,5026.9,30-87654321-0,Beta Consulting,Good,Excellent,Good,Poor,Excellent,0
2026-06-29,legacy_hr_system,employees.csv,3363,3363,Julian,Perez,D001,Finance,Permanent,114273.83,,,,,Good,Good,Fair,Excellent,Good,0
2026-06-29,legacy_hr_system,employees.csv,3364,3364,Nahiara,Hernandez,D003,IT,Permanent,114054.13,,,,,Good,Fair,Good,Poor,Fair,0
2026-06-29,legacy_hr_system,employees.csv,3365,3365,Santiago,Lopez,D005,Operations,Permanent,135304.72,,,,,Good,Fair,Fair,Good,Good,1
2026-06-29,legacy_hr_system,employees.csv,3366,3366,Thiago Valentin,Juarez,D004,Sales,Contractor,,4018.06,4626.31,30-99887766-1,Delta Consulting,Fair,Good,Good,Fair,Good,0
2026-06-29,legacy_hr_system,employees.csv,3367,3367,Luna,Gomez,D003,IT,Permanent,105926.07,,,,,Excellent,Excellent,Good,Good,Excellent,0
2026-06-29,legacy_hr_system,employees.csv,3368,3368,Mateo Benjamin,Gonzalez,D003,IT,Permanent,90214.02,,,,,Fair,Good,Excellent,Fair,Excellent,0
2026-06-29,legacy_hr_system,employees.csv,3369,3369,Juan Ignacio,Lopez,D002,Human Resources,Permanent,76643.84,,,,,Good,Good,Good,Good,Good,0
2026-06-29,legacy_hr_system,employees.csv,3370,3370,Jazmin,Ledesma,D001,Finance,Permanent,139988.09,,,,,Excellent,Good,Fair,Good,Poor,0
2026-06-29,legacy_hr_system,employees.csv,3371,3371,Joaquina,Martin,D002,Human Resources,Permanent,137339.36,,,,,Fair,Fair,Good,Good,Good,0
2026-06-29,legacy_hr_system,employees.csv,3372,3372,Juan Martin,Suarez,D005,Operations,Contractor,,3461.89,4371.34,30-11223344-5,Gamma Consulting,Good,Good,Poor,Good,Good,0
2026-06-29,legacy_hr_system,employees.csv,3373,3373,Ana Paula,Valdez,D003,IT,Contractor,,4125.55,4015.88,30-11223344-5,Gamma Consulting,Good,Good,Poor,Fair,Good,0
2026-06-29,legacy_hr_system,employees.csv,3374,3374,Benicio,Peralta,D001,Finance,Contractor,,3764.22,4461.26,30-12345678-9,Alpha Consulting,Excellent,Good,Excellent,Good,Good,0
2026-06-29,legacy_hr_system,employees.csv,3375,3375,Helena,Ruiz,D002,Human Resources,Permanent,101749.48,,,,,Fair,Good,Excellent,Excellent,Excellent,0
2026-06-29,legacy_hr_system,employees.csv,3376,3376,Julieta,Gomez,D005,Operations,Permanent,137775.91,,,,,Poor,Excellent,Poor,Good,Poor,1
2026-06-29,legacy_hr_system,employees.csv,3377,3377,Benjamin,Gomez,D005,Operations,Permanent,132289.08,,,,,Fair,Good,Fair,Good,Fair,0
2026-06-29,legacy_hr_system,employees.csv,3378,3378,Benjamin,Valdez,D003,IT,Contractor,,3285.58,4581.28,30-87654321-0,Beta Consulting,Excellent,Poor,Good,Poor,Good,0
2026-06-29,legacy_hr_system,employees.csv,3379,3379,Alma Mia,Diaz,D003,IT,Contractor,,2969.69,6888.37,30-11223344-5,Gamma Consulting,Good,Excellent,Good,Fair,Good,0
2026-06-29,legacy_hr_system,employees.csv,3380,3380,Lara,Ferreyra,D004,Sales,Permanent,155527.7,,,,,Good,Fair,Excellent,Excellent,Good,0
2026-06-29,legacy_hr_system,employees.csv,3381,3381,Lorenzo,Morales,D005,Operations,Permanent,141684.81,,,,,Fair,Fair,Good,Poor,Good,0
2026-06-29,legacy_hr_system,employees.csv,3382,3382,Francesco,Lopez,D001,Finance,Permanent,123353.97,,,,,Good,Good,Poor,Fair,Poor,0
2026-06-29,legacy_hr_system,employees.csv,3383,3383,Julieta,Medina,D001,Finance,Contractor,,3805.73,5017.99,30-12345678-9,Alpha Consulting,Fair,Good,Poor,Excellent,Fair,0
2026-06-29,legacy_hr_system,employees.csv,3384,3384,Agustin,Gonzalez,D005,Operations,Permanent,120786.14,,,,,Good,Excellent,Good,Good,Good,0
2026-06-29,legacy_hr_system,employees.csv,3385,3385,Mateo,Fernandez,D002,Human Resources,Contractor,,2757.15,4419.08,30-87654321-0,Beta Consulting,Excellent,Poor,Good,Good,Excellent,0
2026-06-29,legacy_hr_system,employees.csv,3386,3386,Federico,Soto,D002,Human Resources,Contractor,,463.66,4710.6,30-99887766-1,Delta Consulting,Good,Fair,Good,Good,Good,1
2026-06-29,legacy_hr_system,employees.csv,3387,3387,Agustin,Mendez,D004,Sales,Contractor,,2609.22,6092.67,30-87654321-0,Beta Consulting,Good,Good,Fair,Fair,Good,1
2026-06-29,legacy_hr_system,employees.csv,3388,3388,Maria Victoria,Diaz,D002,Human Resources,Permanent,120580.32,,,,,Fair,Poor,Good,Good,Good,0
2026-06-29,legacy_hr_system,employees.csv,3389,3389,Franco,Miranda,D005,Operations,Contractor,,2048.83,4450.12,30-11223344-5,Gamma Consulting,Fair,Poor,Good,Good,Excellent,1
2026-06-29,legacy_hr_system,employees.csv,3390,3390,Isabella,Gonzalez,D005,Operations,Permanent,88616.37,,,,,Excellent,Good,Good,Good,Poor,0
2026-06-29,legacy_hr_system,employees.csv,3391,3391,Agustín,Vera,D003,IT,Contractor,,3378.73,4790.95,30-11223344-5,Gamma Consulting,Good,Poor,Good,Fair,Good,0
2026-06-29,legacy_hr_system,employees.csv,3392,3392,Giovanni,Farias,D001,Finance,Permanent,148735.19,,,,,Good,Fair,Fair,Excellent,Good,1
2026-06-29,legacy_hr_system,employees.csv,3393,3393,Tiziano Benjamin,Luna,D003,IT,Contractor,,2367.29,4534.01,30-11223344-5,Gamma Consulting,Fair,Fair,Poor,Excellent,Good,1
2026-06-29,legacy_hr_system,employees.csv,3394,3394,Lautaro Benjamin,Garcia,D003,IT,Permanent,79049.35,,,,,Good,Poor,Good,Good,Good,0
2026-06-29,legacy_hr_system,employees.csv,3395,3395,Pilar,Suarez,D005,Operations,Contractor,,3561.2,5018.87,30-99887766-1,Delta Consulting,Fair,Fair,Good,Good,Good,0
2026-06-29,legacy_hr_system,employees.csv,3396,3396,Salvador,Cabrera,D005,Operations,Contractor,,3396.64,4501.62,30-99887766-1,Delta Consulting,Good,Good,Fair,Excellent,Good,0
2026-06-29,legacy_hr_system,employees.csv,3397,3397,Agostina,Maldonado,D002,Human Resources,Contractor,,3331.82,6104.34,30-12345678-9,Alpha Consulting,Good,Poor,Good,Poor,Good,0
2026-06-29,legacy_hr_system,employees.csv,3398,3398,Pilar,Vera,D004,Sales,Permanent,111447.17,,,,,Good,Fair,Good,Fair,Good,0
2026-06-29,legacy_hr_system,employees.csv,3399,3399,Bruno,Flores,D001,Finance,Permanent,124159.36,,,,,Good,Good,Excellent,Excellent,Fair,0
2026-06-29,legacy_hr_system,employees.csv,3400,3400,Josefina,Rodriguez,D003,IT,Permanent,87416.21,,,,,Poor,Good,Good,Good,Poor,0
2026-06-29,legacy_hr_system,employees.csv,3401,3401,Uma,Ramirez,D001,Finance,Contractor,,2305.39,4597.81,30-87654321-0,Beta Consulting,Excellent,Poor,Excellent,Fair,Fair,0
2026-06-29,legacy_hr_system,employees.csv,3402,3402,Agustin,Aguirre,D002,Human Resources,Permanent,153118.01,,,,,Good,Good,Good,Excellent,Good,0
2026-06-29,legacy_hr_system,employees.csv,3403,3403,Luisana,Sosa,D005,Operations,Contractor,,2794.98,4264.08,30-87654321-0,Beta Consulting,Excellent,Excellent,Good,Good,Good,0
2026-06-29,legacy_hr_system,employees.csv,3404,3404,Genaro,Gonzalez,D003,IT,Contractor,,2674.49,3965.24,30-87654321-0,Beta Consulting,Fair,Good,Good,Good,Poor,1
2026-06-29,legacy_hr_system,employees.csv,3405,3405,Emilia,Lopez,D002,Human Resources,Permanent,128849.14,,,,,Good,Good,Excellent,Good,Good,1
2026-06-29,legacy_hr_system,employees.csv,3406,3406,Alma,Martinez,D003,IT,Permanent,75082.27,,,,,Fair,Fair,Excellent,Excellent,Good,0
2026-06-29,legacy_hr_system,employees.csv,3407,3407,Delfina,Bustos,D005,Operations,Permanent,158428.19,,,,,Good,Good,Fair,Fair,Fair,0
2026-06-29,legacy_hr_system,employees.csv,3408,3408,Alma,Juarez,D004,Sales,Contractor,,2467.66,5221.9,30-12345678-9,Alpha Consulting,Poor,Excellent,Excellent,Poor,Good,0
2026-06-29,legacy_hr_system,employees.csv,3409,3409,Valentina Jazmin,Ferreyra,D001,Finance,Permanent,81900.04,,,,,Good,Good,Good,Good,Excellent,0
2026-06-29,legacy_hr_system,employees.csv,3410,3410,Valentino,Garcia,D003,IT,Permanent,140065.2,,,,,Poor,Good,Excellent,Poor,Good,0
2026-06-29,legacy_hr_system,employees.csv,3411,3411,Luz Milagros,Campos,D001,Finance,Permanent,140158.34,,,,,Good,Good,Fair,Good,Fair,0
2026-06-29,legacy_hr_system,employees.csv,3412,3412,Zoe Jazmin,Peralta,D002,Human Resources,Permanent,131526.06,,,,,Fair,Excellent,Fair,Excellent,Good,0
2026-06-29,legacy_hr_system,employees.csv,3413,3413,Abril,Arias,D001,Finance,Permanent,90167.14,,,,,Good,Fair,Good,Good,Good,0
2026-06-29,legacy_hr_system,employees.csv,3414,3414,Juan,Farias,D002,Human Resources,Contractor,,3199.64,3316.94,30-99887766-1,Delta Consulting,Fair,Good,Excellent,Good,Excellent,0
2026-06-29,legacy_hr_system,employees.csv,3415,3415,Julian,Garcia,D003,IT,Contractor,,2797.79,5529.41,30-12345678-9,Alpha Consulting,Good,Good,Good,Good,Poor,0
2026-06-29,legacy_hr_system,employees.csv,3416,3416,Lautaro Ezequiel,Carrizo,D001,Finance,Contractor,,3637.36,4515.18,30-12345678-9,Alpha Consulting,Excellent,Excellent,Good,Good,Good,0
2026-06-29,legacy_hr_system,employees.csv,3417,3417,Valentino,Diaz,D004,Sales,Permanent,90755.8,,,,,Fair,Poor,Good,Fair,Good,0
2026-06-29,legacy_hr_system,employees.csv,3418,3418,Sofía,Gomez,D002,Human Resources,Unknown,,3516.47,4519.38,30-87654321-0,Beta Consulting,Good,Good,Fair,Fair,Excellent,1
2026-06-29,legacy_hr_system,employees.csv,3419,3419,Ciro,Toledo,D005,Operations,Permanent,50390.53,,,,,Excellent,Good,Excellent,Excellent,Excellent,0
2026-06-29,legacy_hr_system,employees.csv,3420,3420,Julieta,Diaz,D001,Finance,Contractor,,3626.1,4475.77,30-87654321-0,Beta Consulting,Fair,Good,Good,Good,Good,0
2026-06-29,legacy_hr_system,employees.csv,3421,3421,Isabella,Gonzalez,D001,Finance,Permanent,156073.54,,,,,Good,Good,Fair,Good,Good,0
2026-06-29,legacy_hr_system,employees.csv,3422,3422,Justina,Sosa,D005,Operations,Contractor,,2123.78,1323.3,30-12345678-9,Alpha Consulting,Good,Excellent,Good,Good,Good,0
2026-06-29,legacy_hr_system,employees.csv,3423,3423,Mateo,Rivero,D001,Finance,Contractor,,3223.27,4791.56,30-87654321-0,Beta Consulting,Good,Good,Excellent,Good,Good,0
2026-06-29,legacy_hr_system,employees.csv,3424,3424,Luciano Benjamin,Gonzalez,D005,Operations,Permanent,69279.85,,,,,Excellent,Fair,Good,Excellent,Good,0
2026-06-29,legacy_hr_system,employees.csv,3425,3425,Bautista,Flores,D001,Finance,Contractor,,2217.2,7255.22,30-11223344-5,Gamma Consulting,Good,Good,Good,Fair,Good,0
2026-06-29,legacy_hr_system,employees.csv,3426,3426,Ana Paula,Gomez,D002,Human Resources,Permanent,110831.68,,,,,Good,Good,Good,Poor,Good,0
2026-06-29,legacy_hr_system,employees.csv,3427,3427,Francisco,Perez,D005,Operations,Permanent,141928.77,,,,,Good,Good,Fair,Excellent,Good,0
2026-06-29,legacy_hr_system,employees.csv,3428,3428,Alma,Sosa,D005,Operations,Permanent,100480.21,,,,,Good,Poor,Excellent,Good,Good,0
2026-06-29,legacy_hr_system,employees.csv,3429,3429,Isabella,Lucero,D005,Operations,Permanent,57290.91,,,,,Fair,Excellent,Good,Fair,Fair,0
2026-06-29,legacy_hr_system,employees.csv,3430,3430,Thiago Benjamin,Fernandez,D003,IT,Permanent,114892.25,,,,,Excellent,Good,Fair,Excellent,Good,0
2026-06-29,legacy_hr_system,employees.csv,3431,3431,Helena,Gutierrez,D003,IT,Permanent,112031.86,,,,,Fair,Good,Excellent,Good,Good,1
2026-06-29,legacy_hr_system,employees.csv,3432,3432,Valentina ,Vega,D004,Sales,Permanent,108003.65,,,,,Poor,Poor,Good,Good,Excellent,0
2026-06-29,legacy_hr_system,employees.csv,3433,3433,Gabriel,Benitez,D005,Operations,Permanent,116560.77,,,,,Excellent,Excellent,Fair,Good,Good,0
2026-06-29,legacy_hr_system,employees.csv,3434,3434,Facundo,Mansilla,D003,IT,Contractor,,3211.41,4349.88,30-11223344-5,Gamma Consulting,Excellent,Good,Excellent,Good,Excellent,0
2026-06-29,legacy_hr_system,employees.csv,3435,3435,Santino,Gomez,D003,IT,Permanent,82079.81,,,,,Good,Excellent,Fair,Good,Good,0
2026-06-29,legacy_hr_system,employees.csv,3436,3436,Tomas,Vargas,D004,Sales,Permanent,134585.54,,,,,Fair,Good,Excellent,Good,Excellent,1
2026-06-29,legacy_hr_system,employees.csv,3437,3437,Abigail,Paz,D004,Sales,Contractor,,1440.5,2449.64,30-12345678-9,Alpha Consulting,Good,Good,Poor,Good,Fair,0
2026-06-29,legacy_hr_system,employees.csv,3438,3438,Martina,Gomez,D004,Sales,Contractor,,3591.34,5007.02,30-11223344-5,Gamma Consulting,Good,Good,Good,Excellent,Excellent,1
2026-06-29,legacy_hr_system,employees.csv,3439,3439,Agustín,Aguero,D001,Finance,Permanent,118278.14,,,,,Good,Fair,Good,Fair,Excellent,0
2026-06-29,legacy_hr_system,employees.csv,3440,3440,Thiago Emanuel,Fernandez,D003,IT,Permanent,78136.54,,,,,Good,Good,Good,Good,Poor,0
2026-06-29,legacy_hr_system,employees.csv,3441,3441,Juana,Benitez,D005,Operations,Permanent,98762.67,,,,,Excellent,Poor,Excellent,Poor,Good,1
2026-06-29,legacy_hr_system,employees.csv,3442,3442,Juan Bautista,Ponce,D005,Operations,Permanent,112117.6,,,,,Good,Good,Good,Fair,Good,0
2026-06-29,legacy_hr_system,employees.csv,3443,3443,Santino,Moreno,D005,Operations,Permanent,72123.18,,,,,Good,Fair,Good,Good,Fair,0
2026-06-29,legacy_hr_system,employees.csv,3444,3444,Ignacio,Fernandez,D002,Human Resources,Permanent,97829.14,,,,,Good,Good,Fair,Good,Excellent,0
2026-06-29,legacy_hr_system,employees.csv,3445,3445,Juan Francisco,Benitez,D004,Sales,Permanent,139569.91,,,,,Good,Fair,Good,Excellent,Fair,0
2026-06-29,legacy_hr_system,employees.csv,3446,3446,Ciro,Vazquez,D003,IT,Permanent,162819.16,,,,,Fair,Excellent,Good,Fair,Good,0
2026-06-29,legacy_hr_system,employees.csv,3447,3447,Emma,Correa,D004,Sales,Contractor,,2664.45,5256.49,30-99887766-1,Delta Consulting,Fair,Fair,Good,Good,Good,0
2026-06-29,legacy_hr_system,employees.csv,3448,3448,Alma,Gimenez,D004,Sales,Contractor,,1468.75,5159.45,30-12345678-9,Alpha Consulting,Fair,Good,Good,Excellent,Fair,0
2026-06-29,legacy_hr_system,employees.csv,3449,3449,Catalina,Torres,D001,Finance,Contractor,,2356.84,4807.35,30-11223344-5,Gamma Consulting,Good,Good,Good,Good,Good,0
2026-06-29,legacy_hr_system,employees.csv,3450,3450,Zoe,Sosa,D001,Finance,Permanent,112567.43,,,,,Fair,Good,Good,Good,Excellent,0
2026-06-29,legacy_hr_system,employees.csv,3451,3451,Vicente,Fernandez,D003,IT,Permanent,159612.42,,,,,Excellent,Good,Good,Good,Good,0
2026-06-29,legacy_hr_system,employees.csv,3452,3452,Zoe,Flores,D003,IT,Permanent,93766.93,,,,,Good,Good,Excellent,Excellent,Good,0
2026-06-29,legacy_hr_system,employees.csv,3453,3453,Francisco,Figueroa,D005,Operations,Permanent,138828.19,,,,,Good,Excellent,Good,Good,Good,0
2026-06-29,legacy_hr_system,employees.csv,3454,3454,Renata,Ramirez,D005,Operations,Contractor,,2776.39,4341.69,30-11223344-5,Gamma Consulting,Good,Fair,Excellent,Good,Good,0
2026-06-29,legacy_hr_system,employees.csv,3455,3455,Malena,Roldan,D002,Human Resources,Permanent,572421.9,,,,,Good,Fair,Excellent,Good,Poor,0
2026-06-29,legacy_hr_system,employees.csv,3456,3456,Geronimo,Sosa,D001,Finance,Contractor,,2323.46,4485.9,30-87654321-0,Beta Consulting,Good,Good,Excellent,Good,Poor,0
2026-06-29,legacy_hr_system,employees.csv,3457,3457,Martina,Fernandez,D002,Human Resources,Permanent,118120.55,,,,,Fair,Good,Fair,Fair,Good,1
2026-06-29,legacy_hr_system,employees.csv,3458,3458,Benjamin,Cordoba,D004,Sales,Contractor,,3192.99,4584.51,30-12345678-9,Alpha Consulting,Fair,Excellent,Excellent,Fair,Good,1
2026-06-29,legacy_hr_system,employees.csv,3459,3459,Juan David,Rodriguez,D003,IT,Contractor,,3638.4,5423.51,30-11223344-5,Gamma Consulting,Good,Good,Good,Good,Poor,1
2026-06-29,legacy_hr_system,employees.csv,3460,3460,Josefina,Chavez,D004,Sales,Contractor,,2159.5,5368.77,30-11223344-5,Gamma Consulting,Good,Poor,Fair,Excellent,Good,0
2026-06-29,legacy_hr_system,employees.csv,3461,3461,Mateo,Rodriguez,D004,Sales,Permanent,84409.91,,,,,Excellent,Good,Fair,Good,Fair,0
2026-06-29,legacy_hr_system,employees.csv,3462,3462,Alejo,Dominguez,D004,Sales,Contractor,,3470.28,5119.74,30-99887766-1,Delta Consulting,Good,Good,Good,Good,Good,0
2026-06-29,legacy_hr_system,employees.csv,3463,3463,Santino Benjamin,Mendoza,D003,IT,Contractor,,1470.95,4592.98,30-11223344-5,Gamma Consulting,Poor,Good,Excellent,Poor,Poor,0
2026-06-29,legacy_hr_system,employees.csv,3464,3464,Isabella,Morales,D005,Operations,Contractor,,2625.2,3741.23,30-87654321-0,Beta Consulting,Good,Fair,Excellent,Good,Good,0
2026-06-29,legacy_hr_system,employees.csv,3465,3465,Luz Milagros,Dominguez,D004,Sales,Permanent,160525.57,,,,,Poor,Poor,Good,Good,Fair,0
2026-06-29,legacy_hr_system,employees.csv,3466,3466,Maximo,Garcia,D001,Finance,Permanent,100389.63,,,,,Fair,Fair,Good,Fair,Good,0
2026-06-29,legacy_hr_system,employees.csv,3467,3467,Lola,Castillo,D003,IT,Permanent,95808.69,,,,,Poor,Excellent,Good,Good,Good,0
2026-06-29,legacy_hr_system,employees.csv,3468,3468,Nicolas,Sanchez,D002,Human Resources,Contractor,,3060.56,5185.59,30-12345678-9,Alpha Consulting,Poor,Fair,Excellent,Good,Good,0
2026-06-29,legacy_hr_system,employees.csv,3469,3469,Maria Emilia,Bustos,D003,IT,Contractor,,,5666.37,30-12345678-9,Alpha Consulting,Good,Excellent,Excellent,Good,Good,0
2026-06-29,legacy_hr_system,employees.csv,3470,3470,Benjamin,Garcia,D002,Human Resources,Contractor,,3424.78,2321.79,30-87654321-0,Beta Consulting,Fair,Poor,Fair,Poor,Excellent,0
2026-06-29,legacy_hr_system,employees.csv,3471,3471,Bruno,Ayala,D002,Human Resources,Permanent,104115.99,,,,,Good,Fair,Good,Fair,Fair,0
2026-06-29,legacy_hr_system,employees.csv,3472,3472,Constanza,Acosta,D001,Finance,Permanent,103144.74,,,,,Good,Good,Fair,Good,Good,0
2026-06-29,legacy_hr_system,employees.csv,3473,3473,Sofia,Molina,D001,Finance,Contractor,,3383.49,1875.18,30-99887766-1,Delta Consulting,Excellent,Good,Good,Good,Good,0
2026-06-29,legacy_hr_system,employees.csv,3474,3474,Francesco,Ferreyra,D004,Sales,Permanent,196470.29,,,,,Good,Fair,Good,Good,Excellent,0
2026-06-29,legacy_hr_system,employees.csv,3475,3475,Genaro,Paez,D005,Operations,Contractor,,3424.82,4648.88,30-87654321-0,Beta Consulting,Good,Excellent,Excellent,Good,Fair,0
2026-06-29,legacy_hr_system,employees.csv,3476,3476,Sofia Belen,Ruiz,D005,Operations,Permanent,155447.03,,,,,Poor,Fair,Good,Good,Poor,0
2026-06-29,legacy_hr_system,employees.csv,3477,3477,Santiago,Sanchez,D003,IT,Permanent,190309.62,,,,,Good,Excellent,Good,Good,Good,1
2026-06-29,legacy_hr_system,employees.csv,3478,3478,Martina,Romero,D003,IT,Permanent,146122.4,,,,,Good,Good,Fair,Excellent,Good,0
2026-06-29,legacy_hr_system,employees.csv,3479,3479,Lisandro,Villalba,D004,Sales,Permanent,148464.39,,,,,Fair,Fair,Good,Excellent,Excellent,1
2026-06-29,legacy_hr_system,employees.csv,3480,3480,Juan Ignacio,Toledo,D004,Sales,Permanent,123920.7,,,,,Poor,Excellent,Good,Fair,Good,0
2026-06-29,legacy_hr_system,employees.csv,3481,3481,Emilia,Gomez,D004,Sales,Contractor,,2886.78,4024.2,30-11223344-5,Gamma Consulting,Excellent,Excellent,Good,Good,Excellent,0
2026-06-29,legacy_hr_system,employees.csv,3482,3482,Nicolas,Pereyra,D001,Finance,Permanent,95216.64,,,,,Poor,Good,Good,Good,Poor,1
2026-06-29,legacy_hr_system,employees.csv,3483,3483,Matilda,Fernandez,D001,Finance,Permanent,99389.58,,,,,Good,Good,Good,Good,Good,0
2026-06-29,legacy_hr_system,employees.csv,3484,3484,Martina,Figueroa,D003,IT,Permanent,79483.32,,,,,Good,Good,Excellent,Good,Fair,0
2026-06-29,legacy_hr_system,employees.csv,3485,3485,Mia,Martinez,D004,Sales,Permanent,,,,,,Fair,Excellent,Good,Good,Good,0
2026-06-29,legacy_hr_system,employees.csv,3486,3486,Octavio,Ojeda,D004,Sales,Permanent,69459.97,,,,,Poor,Fair,Good,Good,Fair,0
2026-06-29,legacy_hr_system,employees.csv,3487,3487,Charo,Gomez,D003,IT,Contractor,,,4463.67,30-99887766-1,Delta Consulting,Poor,Excellent,Fair,Fair,Excellent,0
2026-06-29,legacy_hr_system,employees.csv,3488,3488,Isabella,Torres,D002,Human Resources,Permanent,124408.06,,,,,Good,Poor,Good,Fair,Fair,0
2026-06-29,legacy_hr_system,employees.csv,3489,3489,Lucía,Sosa,D005,Operations,Contractor,,2582.29,7576.86,30-99887766-1,Delta Consulting,Good,Good,Excellent,Good,Good,0
2026-06-29,legacy_hr_system,employees.csv,3490,3490,Isabella,Ferreyra,D001,Finance,Permanent,160803.48,,,,,Good,Good,Fair,Good,Good,0
2026-06-29,legacy_hr_system,employees.csv,3491,3491,Juan Ignacio,Garcia,D004,Sales,Contractor,,,4732.87,30-11223344-5,Gamma Consulting,Good,Excellent,Poor,Good,Good,1
2026-06-29,legacy_hr_system,employees.csv,3492,3492,Tiziano Benjamin,Acosta,D004,Sales,Permanent,101759.82,,,,,Good,Excellent,Excellent,Fair,Poor,0
2026-06-29,legacy_hr_system,employees.csv,3493,3493,Lautaro Nahuel,Cordoba,D005,Operations,Contractor,,2188.42,3159.93,30-11223344-5,Gamma Consulting,Good,Poor,Good,Excellent,Fair,1
2026-06-29,legacy_hr_system,employees.csv,3494,3494,Constantino,Ortiz,D002,Human Resources,Contractor,,3345.77,3818.62,30-11223344-5,Gamma Consulting,Poor,Good,Good,Fair,Poor,0
2026-06-29,legacy_hr_system,employees.csv,3495,3495,Luciano Benjamin,Morales,D001,Finance,Permanent,149034.78,,,,,Excellent,Good,Good,Excellent,Excellent,0
2026-06-29,legacy_hr_system,employees.csv,3496,3496,Julia,Luna,D002,Human Resources,Contractor,,3795.03,5873.91,30-87654321-0,Beta Consulting,Good,Excellent,Excellent,Fair,Good,0
2026-06-29,legacy_hr_system,employees.csv,3497,3497,Lautaro,Garcia,D004,Sales,Permanent,94428.4,,,,,Good,Good,Good,Excellent,Fair,0
2026-06-29,legacy_hr_system,employees.csv,3498,3498,Martín,Vera,D001,Finance,Permanent,134260.97,,,,,Good,Poor,Good,Good,Good,0
2026-06-29,legacy_hr_system,employees.csv,3499,3499,Felicitas,Vera,D002,Human Resources,Permanent,138973.63,,,,,Good,Excellent,Good,Good,Good,0
2026-06-29,legacy_hr_system,employees.csv,3500,3500,Maximo,Martinez,D003,IT,Contractor,,2620.66,3728.23,30-11223344-5,Gamma Consulting,Good,Good,Good,Good,Good,1
2026-06-29,legacy_hr_system,employees.csv,3501,3501,Ignacio,Nuñez,D003,IT,Contractor,,4287.62,4727.5,30-11223344-5,Gamma Consulting,Good,Good,Good,Good,Fair,0
2026-06-29,legacy_hr_system,employees.csv,3502,3502,Gael,Sosa,D002,Human Resources,Contractor,,3508.77,3677.92,30-99887766-1,Delta Consulting,Excellent,Fair,Excellent,Excellent,Good,1
2026-06-29,legacy_hr_system,employees.csv,3503,3503,Santino,Vera,D003,IT,Contractor,,2024.57,3930.55,30-87654321-0,Beta Consulting,Good,Poor,Good,Excellent,Fair,1
2026-06-29,legacy_hr_system,employees.csv,3504,3504,Milena,Rodriguez,D002,Human Resources,Contractor,,2900.78,3435.78,30-12345678-9,Alpha Consulting,Poor,Fair,Fair,Good,Good,0
2026-06-29,legacy_hr_system,employees.csv,3505,3505,Isabella,Paez,D001,Finance,Permanent,119704.66,,,,,Good,Fair,Good,Fair,Excellent,0
2026-06-29,legacy_hr_system,employees.csv,3506,3506,Agustin,Acosta,D003,IT,Permanent,69344.84,,,,,Fair,Good,Excellent,Good,Fair,0
2026-06-29,legacy_hr_system,employees.csv,3507,3507,Guadalupe,Pereyra,D004,Sales,Contractor,,2103.96,5170.91,30-11223344-5,Gamma Consulting,Good,Excellent,Fair,Good,Good,0
2026-06-29,legacy_hr_system,employees.csv,3508,3508,Salvador,Gutierrez,D003,IT,Contractor,,3483.03,,30-87654321-0,Beta Consulting,Excellent,Poor,Fair,Fair,Good,1
2026-06-29,legacy_hr_system,employees.csv,3509,3509,Camila,Perez,D001,Finance,Contractor,,2185.79,3472.6,30-87654321-0,Beta Consulting,Good,Poor,Good,Good,Fair,0
2026-06-29,legacy_hr_system,employees.csv,3510,3510,Guillermina,Flores,D005,Operations,Permanent,108801.95,,,,,Excellent,Fair,Fair,Poor,Good,0
2026-06-29,legacy_hr_system,employees.csv,3511,3511,Simon,Soria,D002,Human Resources,Permanent,139335.55,,,,,Good,Good,Excellent,Excellent,Poor,0
2026-06-29,legacy_hr_system,employees.csv,3512,3512,Morena,Valdez,D003,IT,Permanent,147847.37,,,,,Fair,Good,Poor,Good,Good,0
2026-06-29,legacy_hr_system,employees.csv,3513,3513,Antonia,Fernandez,D005,Operations,Permanent,105104.05,,,,,Poor,Excellent,Fair,Fair,Fair,0
2026-06-29,legacy_hr_system,employees.csv,3514,3514,Juan Ignacio,Vega,D005,Operations,Contractor,,2077.21,4767.84,30-99887766-1,Delta Consulting,Excellent,Good,Fair,Good,Good,1
2026-06-29,legacy_hr_system,employees.csv,3515,3515,Valentino,Vega,D004,Sales,Permanent,95293.95,,,,,Excellent,Good,Good,Excellent,Fair,0
2026-06-29,legacy_hr_system,employees.csv,3516,3516,Morena Jazmin,Gomez,D002,Human Resources,Contractor,,2585.4,5825.28,30-87654321-0,Beta Consulting,Good,Poor,Excellent,Good,Fair,0
2026-06-29,legacy_hr_system,employees.csv,3517,3517,Delfina,Herrera,D002,Human Resources,Contractor,,3661.69,4657.97,30-12345678-9,Alpha Consulting,Good,Good,Fair,Good,Good,0
2026-06-29,legacy_hr_system,employees.csv,3518,3518,Thiago Valentin,Leiva,D003,IT,Permanent,81842.43,,,,,Excellent,Good,Good,Fair,Excellent,0
2026-06-29,legacy_hr_system,employees.csv,3519,3519,Guadalupe,Moyano,D002,Human Resources,Permanent,126341.9,,,,,Good,Good,Fair,Good,Good,0
2026-06-29,legacy_hr_system,employees.csv,3520,3520,Juan Martin,Ramirez,D004,Sales,Contractor,,3850.13,4124.37,30-99887766-1,Delta Consulting,Good,Poor,Poor,Fair,Good,0
2026-06-29,legacy_hr_system,employees.csv,3521,3521,Juan Ignacio,Silva,D004,Sales,Permanent,160533.42,,,,,Fair,Good,Good,Good,Good,1
2026-06-29,legacy_hr_system,employees.csv,3522,3522,Martina,Fernandez,D004,Sales,Permanent,158782.36,,,,,Good,Fair,Excellent,Fair,Fair,0
2026-06-29,legacy_hr_system,employees.csv,3523,3523,Thiago,Olivera,D002,Human Resources,Permanent,169911.98,,,,,Fair,Good,Good,Poor,Excellent,1
2026-06-29,legacy_hr_system,employees.csv,3524,3524,Julieta,Suarez,D004,Sales,Contractor,,3244.19,5087.39,30-11223344-5,Gamma Consulting,Excellent,Fair,Good,Fair,Excellent,0
2026-06-29,legacy_hr_system,employees.csv,3525,3525,Sol,Fernandez,D004,Sales,Permanent,162425.62,,,,,Excellent,Good,Fair,Excellent,Excellent,0
2026-06-29,legacy_hr_system,employees.csv,3526,3526,Salvador,Rodriguez,D004,Sales,Contractor,,3357.92,3998.77,30-12345678-9,Alpha Consulting,Excellent,Poor,Good,Poor,Excellent,0
2026-06-29,legacy_hr_system,employees.csv,3527,3527,Luciano Benjamin,Paez,D004,Sales,Contractor,,2641.17,4738.55,30-12345678-9,Alpha Consulting,Poor,Fair,Good,Good,Fair,0
2026-06-29,legacy_hr_system,employees.csv,3528,3528,Delfina,Maldonado,D004,Sales,Contractor,,1967.55,4356.74,30-12345678-9,Alpha Consulting,Excellent,Good,Good,Poor,Fair,1
2026-06-29,legacy_hr_system,employees.csv,3529,3529,Pilar,Gomez,D004,Sales,Contractor,,3877.24,2308.75,30-87654321-0,Beta Consulting,Fair,Excellent,Fair,Good,Good,0
2026-06-29,legacy_hr_system,employees.csv,3530,3530,Lautaro,Aguero,D001,Finance,Contractor,,4227.59,5622.37,30-11223344-5,Gamma Consulting,Good,Excellent,Excellent,Good,Poor,0
2026-06-29,legacy_hr_system,employees.csv,3531,3531,Ciro,Silva,D001,Finance,Permanent,106207.06,,,,,Excellent,Excellent,Good,Fair,Fair,0
2026-06-29,legacy_hr_system,employees.csv,3532,3532,Tiziano,Mendoza,D005,Operations,Contractor,,3434.71,4503.15,30-11223344-5,Gamma Consulting,Good,Good,Good,Good,Good,0
2026-06-29,legacy_hr_system,employees.csv,3533,3533,Sofia Belen,Herrera,D002,Human Resources,Permanent,156899.71,,,,,Good,Excellent,Good,Excellent,Good,1
2026-06-29,legacy_hr_system,employees.csv,3534,3534,Joaquín,Juarez,D005,Operations,Contractor,,3786.15,3099.93,30-87654321-0,Beta Consulting,Good,Good,Good,Good,Good,1
2026-06-29,legacy_hr_system,employees.csv,3535,3535,Paulina,Gimenez,D002,Human Resources,Contractor,,3469.81,4294.37,30-12345678-9,Alpha Consulting,Fair,Poor,Fair,Poor,Poor,0
2026-06-29,legacy_hr_system,employees.csv,3536,3536,Malena,Acosta,D002,Human Resources,Contractor,,3066.27,3771.83,30-87654321-0,Beta Consulting,Good,Good,Poor,Good,Good,0
2026-06-29,legacy_hr_system,employees.csv,3537,3537,Tomàs,Aguero,D005,Operations,Contractor,,4398.51,5540.06,30-87654321-0,Beta Consulting,Excellent,Good,Excellent,Good,Good,0
2026-06-29,legacy_hr_system,employees.csv,3538,3538,Juan Cruz,Figueroa,D003,IT,Permanent,97806.87,,,,,Good,Fair,Good,Good,Good,0
2026-06-29,legacy_hr_system,employees.csv,3539,3539,Vicente,Ramirez,D001,Finance,Permanent,79961.68,,,,,Good,Excellent,Excellent,Good,Good,0
2026-06-29,legacy_hr_system,employees.csv,3540,3540,Francisco,Ruiz,D002,Human Resources,Permanent,108429.82,,,,,Good,Excellent,Good,Good,Excellent,0
2026-06-29,legacy_hr_system,employees.csv,3541,3541,Juan Pablo,Campos,D003,IT,Permanent,133035.08,,,,,Excellent,Good,Good,Fair,Fair,0
2026-06-29,legacy_hr_system,employees.csv,3542,3542,Mateo Agustin,Ponce,D001,Finance,Permanent,127206.18,,,,,Good,Excellent,Good,Poor,Fair,0
2026-06-29,legacy_hr_system,employees.csv,3543,3543,Mia Valentina,Aguero,D001,Finance,Permanent,157593.98,,,,,Good,Good,Fair,Fair,Good,0
2026-06-29,legacy_hr_system,employees.csv,3544,3544,Lucia,Silva,D003,IT,Permanent,143697.59,,,,,Good,Good,Fair,Good,Good,0
2026-06-29,legacy_hr_system,employees.csv,3545,3545,Violeta,Vega,D003,IT,Contractor,,3775.66,4826.86,30-87654321-0,Beta Consulting,Good,Excellent,Good,Excellent,Good,0
2026-06-29,legacy_hr_system,employees.csv,3546,3546,Lucas,Gomez,D003,IT,Contractor,,1888.56,4304.3,30-11223344-5,Gamma Consulting,Good,Good,Good,Good,Fair,0
2026-06-29,legacy_hr_system,employees.csv,3547,3547,Lucas,Lopez,D002,Human Resources,Contractor,,3848.07,4448.48,30-12345678-9,Alpha Consulting,Excellent,Poor,Good,Excellent,Good,0
2026-06-29,legacy_hr_system,employees.csv,3548,3548,Ana Paula,Silva,D002,Human Resources,Contractor,,3402.47,4181.25,30-99887766-1,Delta Consulting,Fair,Good,Good,Excellent,Excellent,1
2026-06-29,legacy_hr_system,employees.csv,3549,3549,Isabella,Ortiz,D004,Sales,Contractor,,2176.15,4376.66,30-87654321-0,Beta Consulting,Good,Good,Good,Good,Fair,1
2026-06-29,legacy_hr_system,employees.csv,3550,3550,Santiago,Herrera,D003,IT,Contractor,,3247.24,3844.31,30-99887766-1,Delta Consulting,Excellent,Fair,Excellent,Excellent,Fair,0
2026-06-29,legacy_hr_system,employees.csv,3551,3551,Alfonsina,Gomez,D004,Sales,Contractor,,2811.43,3560.54,30-11223344-5,Gamma Consulting,Excellent,Excellent,Excellent,Fair,Fair,1
2026-06-29,legacy_hr_system,employees.csv,3552,3552,Santiago Nicolas,Lopez,D001,Finance,Permanent,153577.35,,,,,Fair,Good,Good,Excellent,Fair,0
2026-06-29,legacy_hr_system,employees.csv,3553,3553,Benjamin,Caceres,D004,Sales,Permanent,111166.33,,,,,Good,Excellent,Good,Good,Fair,0
2026-06-29,legacy_hr_system,employees.csv,3554,3554,Emma,Vega,D001,Finance,Permanent,163582.67,,,,,Excellent,Poor,Good,Good,Good,0
2026-06-29,legacy_hr_system,employees.csv,3555,3555,Tomas Benjamin,Acosta,D003,IT,Permanent,165862.44,,,,,Excellent,Fair,Good,Fair,Good,0
2026-06-29,legacy_hr_system,employees.csv,3556,3556,Micaela,Juarez,D004,Sales,Permanent,117568.62,,,,,Good,Good,Poor,Excellent,Poor,0
2026-06-29,legacy_hr_system,employees.csv,3557,3557,Lola,Gonzalez,D001,Finance,Contractor,,2193.24,2414.1,30-99887766-1,Delta Consulting,Good,Good,Good,Fair,Good,0
2026-06-29,legacy_hr_system,employees.csv,3558,3558,Morena Jazmin,Gonzalez,D002,Human Resources,Permanent,75838.89,,,,,Good,Fair,Fair,Good,Fair,0
2026-06-29,legacy_hr_system,employees.csv,3559,3559,Lorenzo,Ramirez,D005,Operations,Contractor,,1900.93,5878.47,30-12345678-9,Alpha Consulting,Good,Good,Excellent,Excellent,Excellent,0
2026-06-29,legacy_hr_system,employees.csv,3560,3560,Alma Mia,Sanchez,D001,Finance,Permanent,123474.74,,,,,Fair,Good,Good,Good,Poor,0
2026-06-29,legacy_hr_system,employees.csv,3561,3561,Valentina,Gomez,D002,Human Resources,Permanent,131688.14,,,,,Good,Poor,Poor,Good,Good,0
2026-06-29,legacy_hr_system,employees.csv,3562,3562,Santino,Lopez,D003,IT,Permanent,53387.37,,,,,Fair,Good,Fair,Good,Fair,0
2026-06-29,legacy_hr_system,employees.csv,3563,3563,Felipe,Perez,D005,Operations,Permanent,84061.01,,,,,Good,Excellent,Good,Good,Good,0
2026-06-29,legacy_hr_system,employees.csv,3564,3564,Catalina,Sanchez,D004,Sales,Permanent,146612.39,,,,,Good,Good,Excellent,Excellent,Fair,0
2026-06-29,legacy_hr_system,employees.csv,3565,3565,Lola,Lopez,D004,Sales,Contractor,,3229.42,4352.79,30-99887766-1,Delta Consulting,Excellent,Excellent,Good,Excellent,Fair,1
2026-06-29,legacy_hr_system,employees.csv,3566,3566,Mora,Romero,D005,Operations,Contractor,,3451.87,6135.8,30-99887766-1,Delta Consulting,Poor,Good,Good,Good,Excellent,0
2026-06-29,legacy_hr_system,employees.csv,3567,3567,Martina,Rodriguez,D001,Finance,Permanent,113368.73,,,,,Good,Excellent,Good,Excellent,Poor,0
2026-06-29,legacy_hr_system,employees.csv,3568,3568,Francesca,Sanchez,D004,Sales,Contractor,,3055.5,4692.6,30-12345678-9,Alpha Consulting,Poor,Poor,Fair,Good,Fair,0
2026-06-29,legacy_hr_system,employees.csv,3569,3569,Renata,Romero,D003,IT,Permanent,191763.29,,,,,Fair,Fair,Good,Poor,Fair,0
2026-06-29,legacy_hr_system,employees.csv,3570,3570,Thiago,Rivero,D005,Operations,Contractor,,1320.51,5183.22,30-11223344-5,Gamma Consulting,Poor,Excellent,Good,Fair,Good,0
2026-06-29,legacy_hr_system,employees.csv,3571,3571,Juan Ignacio,Diaz,D004,Sales,Permanent,116555.93,,,,,Excellent,Good,Fair,Good,Good,0
2026-06-29,legacy_hr_system,employees.csv,3572,3572,Gonzalo,Nuñez,D001,Finance,Permanent,137003.15,,,,,Fair,Fair,Good,Excellent,Poor,0
2026-06-29,legacy_hr_system,employees.csv,3573,3573,Morena,Cardozo,D004,Sales,Permanent,100278.82,,,,,Poor,Excellent,Good,Good,Fair,0
2026-06-29,legacy_hr_system,employees.csv,3574,3574,Olivia,Gomez,D004,Sales,Permanent,118531.05,,,,,Fair,Good,Poor,Fair,Good,0
2026-06-29,legacy_hr_system,employees.csv,3575,3575,Isabella,Medina,D001,Finance,Permanent,141342.32,,,,,Good,Fair,Good,Poor,Fair,0
2026-06-29,legacy_hr_system,employees.csv,3576,3576,Lola,Suarez,D001,Finance,Permanent,213387.31,,,,,Poor,Good,Fair,Fair,Fair,0
2026-06-29,legacy_hr_system,employees.csv,3577,3577,Lola,Martinez,D001,Finance,Contractor,,3646.43,3651.93,30-99887766-1,Delta Consulting,Good,Excellent,Good,Fair,Good,0
2026-06-29,legacy_hr_system,employees.csv,3578,3578,Angelina,Perez,D004,Sales,Contractor,,2660.99,,30-87654321-0,Beta Consulting,Excellent,Good,Fair,Fair,Excellent,1
2026-06-29,legacy_hr_system,employees.csv,3579,3579,Ciro Benjamin,Peralta,D005,Operations,Permanent,66130.7,,,,,Good,Good,Good,Good,Good,0
2026-06-29,legacy_hr_system,employees.csv,3580,3580,Emma,Castro,D004,Sales,Contractor,,2735.93,5232.83,30-87654321-0,Beta Consulting,Good,Good,Fair,Fair,Good,0
2026-06-29,legacy_hr_system,employees.csv,3581,3581,Martín,Sanchez,D003,IT,Permanent,81773.04,,,,,Good,Good,Good,Good,Excellent,0
2026-06-29,legacy_hr_system,employees.csv,3582,3582,Lola,Rodriguez,D002,Human Resources,Permanent,151454.48,,,,,Good,Good,Good,Good,Excellent,1
2026-06-29,legacy_hr_system,employees.csv,3583,3583,Juan Manuel,Diaz,D001,Finance,Permanent,134633.24,,,,,Good,Excellent,Excellent,Excellent,Poor,0
2026-06-29,legacy_hr_system,employees.csv,3584,3584,León,Torres,D002,Human Resources,Permanent,,,,,,Excellent,Fair,Good,Poor,Good,1
2026-06-29,legacy_hr_system,employees.csv,3585,3585,Lucas Ezequiel,Vargas,D003,IT,Unknown,,2886.78,6098.32,30-87654321-0,Beta Consulting,Good,Good,Fair,Excellent,Poor,0
2026-06-29,legacy_hr_system,employees.csv,3586,3586,Mateo Benjamin,Flores,D003,IT,Contractor,,3586.84,4508.78,30-12345678-9,Alpha Consulting,Fair,Good,Excellent,Good,Excellent,0
2026-06-29,legacy_hr_system,employees.csv,3587,3587,Thiago Emanuel,Acosta,D004,Sales,Permanent,112869.5,,,,,Good,Excellent,Good,Good,Good,0
2026-06-29,legacy_hr_system,employees.csv,3588,3588,Benjamin,Medina,D005,Operations,Contractor,,3061.29,3988.24,30-12345678-9,Alpha Consulting,Fair,Good,Fair,Good,Fair,0
2026-06-29,legacy_hr_system,employees.csv,3589,3589,Milena,Garcia,D005,Operations,Contractor,,1316.2,6542.18,30-87654321-0,Beta Consulting,Excellent,Good,Good,Good,Excellent,1
2026-06-29,legacy_hr_system,employees.csv,3590,3590,Emanuel,Gonzalez,D004,Sales,Permanent,124659.75,,,,,Poor,Good,Good,Fair,Fair,0
2026-06-29,legacy_hr_system,employees.csv,3591,3591,Paula,Suarez,D004,Sales,Contractor,,3318.52,4442.09,30-87654321-0,Beta Consulting,Good,Good,Excellent,Good,Good,0
2026-06-29,legacy_hr_system,employees.csv,3592,3592,Matias,Mansilla,D001,Finance,Permanent,97946.5,,,,,Good,Good,Good,Good,Fair,0
2026-06-29,legacy_hr_system,employees.csv,3593,3593,Olivia,Sosa,D004,Sales,Permanent,114422.27,,,,,Excellent,Good,Fair,Good,Good,0
2026-06-29,legacy_hr_system,employees.csv,3594,3594,Agustín,Nuñez,D005,Operations,Permanent,72018.16,,,,,Good,Good,Fair,Excellent,Good,0
2026-06-29,legacy_hr_system,employees.csv,3595,3595,Bianca,Gonzalez,D005,Operations,Contractor,,4821.67,3265.49,30-12345678-9,Alpha Consulting,Good,Good,Excellent,Good,Fair,0
2026-06-29,legacy_hr_system,employees.csv,3596,3596,Tiziano Benjamin,Ortiz,D001,Finance,Permanent,89041.01,,,,,Good,Good,Good,Fair,Good,0
2026-06-29,legacy_hr_system,employees.csv,3597,3597,Julieta,Ruiz,D003,IT,Contractor,,2647.79,5788.08,30-11223344-5,Gamma Consulting,Good,Fair,Good,Excellent,Good,0
2026-06-29,legacy_hr_system,employees.csv,3598,3598,Juan Ignacio,Fernandez,D002,Human Resources,Permanent,602176.35,,,,,Good,Good,Excellent,Good,Excellent,0
2026-06-29,legacy_hr_system,employees.csv,3599,3599,Lautaro Benjamin,Garcia,D002,Human Resources,Contractor,,2011.09,5754.34,30-99887766-1,Delta Consulting,Good,Good,Good,Fair,Excellent,1
2026-06-29,legacy_hr_system,employees.csv,3600,3600,Lorenzo,Cabrera,D002,Human Resources,Contractor,,3584.8,5038.43,30-12345678-9,Alpha Consulting,Good,Good,Poor,Good,Poor,0
2026-06-29,legacy_hr_system,employees.csv,3601,3601,Gino,Sanchez,D002,Human Resources,Contractor,,3572.59,6894.36,30-12345678-9,Alpha Consulting,Good,Excellent,Excellent,Good,Good,0
2026-06-29,legacy_hr_system,employees.csv,3602,3602,Thiago Ezequiel,Romero,D004,Sales,Contractor,,4748.08,3813.28,30-11223344-5,Gamma Consulting,Fair,Good,Fair,Excellent,Excellent,0
2026-06-29,legacy_hr_system,employees.csv,3603,3603,Thiago Benjamin,Navarro,D005,Operations,Permanent,168716.55,,,,,Good,Excellent,Good,Good,Good,0
2026-06-29,legacy_hr_system,employees.csv,3604,3604,Facundo,Martinez,D001,Finance,Contractor,,3306.53,4999.1,30-99887766-1,Delta Consulting,Good,Good,Good,Good,Fair,0
2026-06-29,legacy_hr_system,employees.csv,3605,3605,Lautaro Nahuel,Romero,D005,Operations,Permanent,69231.88,,,,,Good,Fair,Good,Excellent,Good,0
2026-06-29,legacy_hr_system,employees.csv,3606,3606,Malena,Juarez,D004,Sales,Permanent,114888.43,,,,,Good,Good,Good,Poor,Good,0
2026-06-29,legacy_hr_system,employees.csv,3607,3607,Benjamin,Ledesma,D005,Operations,Permanent,95615.29,,,,,Good,Excellent,Good,Good,Fair,0
2026-06-29,legacy_hr_system,employees.csv,3608,3608,Mia Valentina,Gonzalez,D003,IT,Permanent,144841.76,,,,,Good,Good,Excellent,Excellent,Good,0
2026-06-29,legacy_hr_system,employees.csv,3609,3609,Agustin,Mendoza,D002,Human Resources,Contractor,,3856.86,,30-12345678-9,Alpha Consulting,Excellent,Excellent,Fair,Good,Good,0
2026-06-29,legacy_hr_system,employees.csv,3610,3610,Felicitas,Ramirez,D002,Human Resources,Contractor,,2982.37,5621.86,30-87654321-0,Beta Consulting,Good,Good,Fair,Good,Fair,0
2026-06-29,legacy_hr_system,employees.csv,3611,3611,Kiara,Quiroga,D002,Human Resources,Permanent,114399.63,,,,,Good,Good,Good,Poor,Good,0
2026-06-29,legacy_hr_system,employees.csv,3612,3612,Paulina,Rojas,D001,Finance,Permanent,141871.91,,,,,Excellent,Excellent,Good,Good,Fair,0
2026-06-29,legacy_hr_system,employees.csv,3613,3613,Maia,Moreno,D004,Sales,Permanent,130534.96,,,,,Fair,Excellent,Good,Poor,Good,0
2026-06-29,legacy_hr_system,employees.csv,3614,3614,Bautista,Gonzalez,D005,Operations,Contractor,,3273.33,4228.69,30-87654321-0,Beta Consulting,Good,Good,Good,Good,Good,0
2026-06-29,legacy_hr_system,employees.csv,3615,3615,Ludmila,Carrizo,D004,Sales,Contractor,,2026.74,3378.47,30-12345678-9,Alpha Consulting,Good,Good,Poor,Good,Poor,0
2026-06-29,legacy_hr_system,employees.csv,3616,3616,Felicitas,Sosa,D003,IT,Contractor,,14269.92,4519.46,30-12345678-9,Alpha Consulting,Excellent,Good,Good,Good,Good,0
2026-06-29,legacy_hr_system,employees.csv,3617,3617,Nina,Rivero,D005,Operations,Contractor,,2889.19,4076.11,30-11223344-5,Gamma Consulting,Poor,Fair,Good,Poor,Good,0
2026-06-29,legacy_hr_system,employees.csv,3618,3618,Benicio,Lopez,D001,Finance,Contractor,,2755.85,5546.91,30-11223344-5,Gamma Consulting,Excellent,Poor,Excellent,Good,Good,1
2026-06-29,legacy_hr_system,employees.csv,3619,3619,Camilo,Quiroga,D001,Finance,Permanent,109942.68,,,,,Good,Fair,Good,Good,Excellent,0
2026-06-29,legacy_hr_system,employees.csv,3620,3620,Benjamin,Medina,D005,Operations,Permanent,79768.06,,,,,Poor,Good,Fair,Good,Good,0
2026-06-29,legacy_hr_system,employees.csv,3621,3621,Santiago Nicolas,Acosta,D003,IT,Contractor,,,4295.12,30-12345678-9,Alpha Consulting,Good,Fair,Excellent,Good,Good,0
2026-06-29,legacy_hr_system,employees.csv,3622,3622,Delfina,Gonzalez,D005,Operations,Contractor,,3025.12,6107.58,30-99887766-1,Delta Consulting,Good,Fair,Poor,Excellent,Poor,0
2026-06-29,legacy_hr_system,employees.csv,3623,3623,Emilia,Ayala,D002,Human Resources,Permanent,119383.18,,,,,Good,Good,Excellent,Excellent,Fair,0
2026-06-29,legacy_hr_system,employees.csv,3624,3624,Benicio,Gomez,D004,Sales,Permanent,,,,,,Good,Good,Excellent,Good,Good,1
2026-06-29,legacy_hr_system,employees.csv,3625,3625,Mora,Sanchez,D004,Sales,Contractor,,2056.86,4280.33,30-99887766-1,Delta Consulting,Good,Poor,Good,Excellent,Good,0
2026-06-29,legacy_hr_system,employees.csv,3626,3626,Lucio,Martinez,D003,IT,Permanent,138285.78,,,,,Fair,Good,Good,Fair,Good,0
2026-06-29,legacy_hr_system,employees.csv,3627,3627,Morena,Torres,D001,Finance,Contractor,,1755.7,4700.85,30-12345678-9,Alpha Consulting,Poor,Good,Good,Good,Good,1
2026-06-29,legacy_hr_system,employees.csv,3628,3628,Emilia,Barrios,D005,Operations,Contractor,,3080.63,4541.29,30-12345678-9,Alpha Consulting,Good,Poor,Excellent,Fair,Good,0
2026-06-29,legacy_hr_system,employees.csv,3629,3629,Lucia,Diaz,D005,Operations,Permanent,151114.77,,,,,Good,Excellent,Good,Fair,Good,0
2026-06-29,legacy_hr_system,employees.csv,3630,3630,Santiago,Paz,D002,Human Resources,Permanent,130033.16,,,,,Good,Excellent,Fair,Excellent,Good,1
2026-06-29,legacy_hr_system,employees.csv,3631,3631,Camila,Aguero,D002,Human Resources,Contractor,,4182.46,3506.41,30-12345678-9,Alpha Consulting,Excellent,Fair,Excellent,Excellent,Good,0
2026-06-29,legacy_hr_system,employees.csv,3632,3632,Franco,Aguirre,D004,Sales,Permanent,124077.74,,,,,Good,Poor,Good,Good,Poor,0
2026-06-29,legacy_hr_system,employees.csv,3633,3633,Nicolas,Dominguez,D005,Operations,Permanent,122534.0,,,,,Good,Good,Excellent,Good,Fair,0
2026-06-29,legacy_hr_system,employees.csv,3634,3634,Tiziano,Castillo,D003,IT,Permanent,87922.37,,,,,Good,Good,Fair,Good,Fair,0
2026-06-29,legacy_hr_system,employees.csv,3635,3635,Tiziano,Rodriguez,D005,Operations,Permanent,,,,,,Good,Fair,Good,Good,Good,0
2026-06-29,legacy_hr_system,employees.csv,3636,3636,Valentino,Rodriguez,D005,Operations,Contractor,,4859.74,4482.99,30-87654321-0,Beta Consulting,Fair,Fair,Poor,Fair,Poor,1
2026-06-29,legacy_hr_system,employees.csv,3637,3637,Thiago Benjamin,Ortiz,D003,IT,Permanent,135150.63,,,,,Poor,Fair,Good,Excellent,Poor,0
2026-06-29,legacy_hr_system,employees.csv,3638,3638,Francisco,Pereyra,D002,Human Resources,Permanent,122535.55,,,,,Excellent,Good,Excellent,Excellent,Good,1
2026-06-29,legacy_hr_system,employees.csv,3639,3639,Sofia Belen,Lopez,D003,IT,Permanent,98592.46,,,,,Excellent,Poor,Good,Fair,Excellent,1
2026-06-29,legacy_hr_system,employees.csv,3640,3640,Agostina,Toledo,D004,Sales,Permanent,65377.19,,,,,Good,Good,Fair,Good,Excellent,0
2026-06-29,legacy_hr_system,employees.csv,3641,3641,Helena,Rojas,D001,Finance,Contractor,,2435.38,3108.04,30-87654321-0,Beta Consulting,Poor,Fair,Fair,Fair,Good,1
2026-06-29,legacy_hr_system,employees.csv,3642,3642,Valentina,Castro,D004,Sales,Permanent,171123.06,,,,,Fair,Poor,Good,Good,Excellent,0
2026-06-29,legacy_hr_system,employees.csv,3643,3643,Facundo,Acuña,D005,Operations,Permanent,116546.71,,,,,Fair,Excellent,Excellent,Excellent,Fair,1
2026-06-29,legacy_hr_system,employees.csv,3644,3644,Santino Benjamin,Leiva,D002,Human Resources,Contractor,,2723.26,5389.15,30-87654321-0,Beta Consulting,Excellent,Excellent,Good,Fair,Good,0
2026-06-29,legacy_hr_system,employees.csv,3645,3645,Isabella,Acuña,D002,Human Resources,Permanent,86347.47,,,,,Fair,Good,Fair,Fair,Good,0
2026-06-29,legacy_hr_system,employees.csv,3646,3646,Lorenzo,Toledo,D005,Operations,Contractor,,2386.51,4568.07,30-12345678-9,Alpha Consulting,Fair,Fair,Fair,Good,Good,0
2026-06-29,legacy_hr_system,employees.csv,3647,3647,Victoria,Peralta,D005,Operations,Permanent,150863.07,,,,,Good,Excellent,Excellent,Excellent,Fair,0
2026-06-29,legacy_hr_system,employees.csv,3648,3648,Valentin,Sosa,D004,Sales,Permanent,135050.55,,,,,Excellent,Fair,Fair,Poor,Fair,0
2026-06-29,legacy_hr_system,employees.csv,3649,3649,Alejo,Cruz,D003,IT,Permanent,127449.75,,,,,Fair,Good,Excellent,Good,Excellent,0
2026-06-29,legacy_hr_system,employees.csv,3650,3650,Francisco,Garcia,D001,Finance,Permanent,122343.53,,,,,Fair,Good,Good,Good,Good,0
2026-06-29,legacy_hr_system,employees.csv,3651,3651,Ciro,Acosta,D003,IT,Permanent,132007.08,,,,,Good,Good,Fair,Fair,Fair,1
2026-06-29,legacy_hr_system,employees.csv,3652,3652,Benjamin,Diaz,D001,Finance,Permanent,126049.59,,,,,Excellent,Poor,Good,Good,Good,0
2026-06-29,legacy_hr_system,employees.csv,3653,3653,Catalina,Silva,D005,Operations,Contractor,,2176.02,4546.08,30-11223344-5,Gamma Consulting,Good,Excellent,Good,Good,Good,0
2026-06-29,legacy_hr_system,employees.csv,3654,3654,Benjamin,Ponce,D005,Operations,Contractor,,2141.05,4581.08,30-11223344-5,Gamma Consulting,Good,Good,Fair,Good,Poor,0
2026-06-29,legacy_hr_system,employees.csv,3655,3655,Ema,Flores,D002,Human Resources,Contractor,,2615.48,7039.38,30-11223344-5,Gamma Consulting,Good,Fair,Good,Fair,Fair,0
2026-06-29,legacy_hr_system,employees.csv,3656,3656,Bautista,Martinez,D001,Finance,Permanent,118803.17,,,,,Fair,Good,Excellent,Poor,Good,0
2026-06-29,legacy_hr_system,employees.csv,3657,3657,Mateo,Sanchez,D003,IT,Contractor,,1876.61,4365.82,30-99887766-1,Delta Consulting,Fair,Good,Poor,Excellent,Fair,0
2026-06-29,legacy_hr_system,employees.csv,3658,3658,Lucía,Gomez,D002,Human Resources,Contractor,,3415.49,6173.36,30-99887766-1,Delta Consulting,Poor,Excellent,Fair,Good,Fair,0
2026-06-29,legacy_hr_system,employees.csv,3659,3659,Jazmin,Cordoba,D004,Sales,Permanent,102316.43,,,,,Excellent,Good,Excellent,Fair,Good,0
2026-06-29,legacy_hr_system,employees.csv,3660,3660,Mia,Morales,D004,Sales,Permanent,72527.16,,,,,Excellent,Good,Good,Fair,Fair,1
2026-06-29,legacy_hr_system,employees.csv,3661,3661,Ignacio,Martinez,D003,IT,Permanent,144505.11,,,,,Excellent,Good,Poor,Poor,Good,0
2026-06-29,legacy_hr_system,employees.csv,3662,3662,Santino,Martinez,D002,Human Resources,Permanent,78582.04,,,,,Good,Poor,Good,Good,Fair,0
2026-06-29,legacy_hr_system,employees.csv,3663,3663,Alma,Rodriguez,D001,Finance,Permanent,106915.34,,,,,Fair,Good,Good,Good,Fair,0
2026-06-29,legacy_hr_system,employees.csv,3664,3664,Ignacio,Arias,D001,Finance,Permanent,112271.39,,,,,Fair,Good,Excellent,Good,Poor,0
2026-06-29,legacy_hr_system,employees.csv,3665,3665,Juan David,Ramos,D003,IT,Permanent,117911.0,,,,,Excellent,Fair,Good,Good,Good,0
2026-06-29,legacy_hr_system,employees.csv,3666,3666,Ana Paula,Coronel,D005,Operations,Permanent,140674.93,,,,,Good,Good,Excellent,Fair,Excellent,0
2026-06-29,legacy_hr_system,employees.csv,3667,3667,Lucía,Silva,D002,Human Resources,Contractor,,,4226.27,30-11223344-5,Gamma Consulting,Poor,Fair,Good,Excellent,Fair,1
2026-06-29,legacy_hr_system,employees.csv,3668,3668,Catalina,Rodriguez,D001,Finance,Permanent,119571.89,,,,,Excellent,Poor,Poor,Good,Good,0
2026-06-29,legacy_hr_system,employees.csv,3669,3669,Martina,Sanchez,D002,Human Resources,Unknown,,3119.68,4597.83,30-99887766-1,Delta Consulting,Fair,Good,Fair,Excellent,Fair,0
2026-06-29,legacy_hr_system,employees.csv,3670,3670,Thiago Leonel,Rodriguez,D002,Human Resources,Permanent,133080.17,,,,,Excellent,Poor,Excellent,Excellent,Good,1
2026-06-29,legacy_hr_system,employees.csv,3671,3671,Juan Ignacio,Ayala,D005,Operations,Permanent,145315.19,,,,,Excellent,Excellent,Excellent,Good,Good,1
2026-06-29,legacy_hr_system,employees.csv,3672,3672,Simon,Sanchez,D002,Human Resources,Contractor,,3314.11,4953.59,30-11223344-5,Gamma Consulting,Poor,Good,Good,Fair,Fair,0
2026-06-29,legacy_hr_system,employees.csv,3673,3673,Lucía,Rodriguez,D003,IT,Permanent,72533.3,,,,,Good,Good,Poor,Good,Excellent,0
2026-06-29,legacy_hr_system,employees.csv,3674,3674,Agostina,Castro,D003,IT,Permanent,,,,,,Poor,Excellent,Fair,Poor,Fair,0
2026-06-29,legacy_hr_system,employees.csv,3675,3675,Juana,Alvarez,D003,IT,Permanent,134385.23,,,,,Excellent,Good,Good,Excellent,Fair,1
2026-06-29,legacy_hr_system,employees.csv,3676,3676,Catalina,Cardozo,D005,Operations,Contractor,,3583.15,3807.65,30-12345678-9,Alpha Consulting,Good,Poor,Good,Good,Good,0
2026-06-29,legacy_hr_system,employees.csv,3677,3677,Francisco,Juarez,D005,Operations,Contractor,,2472.77,3925.9,30-87654321-0,Beta Consulting,Excellent,Good,Good,Good,Poor,0
2026-06-29,legacy_hr_system,employees.csv,3678,3678,Milagros,Gonzalez,D005,Operations,Permanent,136092.42,,,,,Good,Good,Good,Good,Good,0
2026-06-29,legacy_hr_system,employees.csv,3679,3679,Olivia,Arias,D002,Human Resources,Permanent,151016.43,,,,,Good,Good,Good,Fair,Fair,0
2026-06-29,legacy_hr_system,employees.csv,3680,3680,Emiliano,Rios,D003,IT,Contractor,,2674.03,5407.96,30-12345678-9,Alpha Consulting,Good,Fair,Excellent,Excellent,Good,0
2026-06-29,legacy_hr_system,employees.csv,3681,3681,Alma,Acuña,D003,IT,Contractor,,3098.78,4375.71,30-12345678-9,Alpha Consulting,Good,Poor,Good,Good,Excellent,0
2026-06-29,legacy_hr_system,employees.csv,3682,3682,Sofia Belen,Acosta,D001,Finance,Permanent,113658.47,,,,,Good,Excellent,Fair,Good,Poor,0
2026-06-29,legacy_hr_system,employees.csv,3683,3683,Ignacio,Lopez,D004,Sales,Permanent,142398.34,,,,,Poor,Good,Good,Good,Good,0
2026-06-29,legacy_hr_system,employees.csv,3684,3684,Santino,Luna,D003,IT,Permanent,129767.33,,,,,Fair,Fair,Fair,Poor,Excellent,0
2026-06-29,legacy_hr_system,employees.csv,3685,3685,Bautista,Caceres,D005,Operations,Permanent,188274.76,,,,,Excellent,Fair,Fair,Fair,Good,0
2026-06-29,legacy_hr_system,employees.csv,3686,3686,Santiago,Silva,D005,Operations,Permanent,,,,,,Good,Fair,Fair,Fair,Fair,0
2026-06-29,legacy_hr_system,employees.csv,3687,3687,Luca,Perez,D005,Operations,Permanent,135543.05,,,,,Excellent,Poor,Good,Excellent,Fair,1
2026-06-29,legacy_hr_system,employees.csv,3688,3688,Ciro,Muñoz,D002,Human Resources,Permanent,104123.97,,,,,Good,Excellent,Good,Good,Good,1
2026-06-29,legacy_hr_system,employees.csv,3689,3689,Tomàs,Martinez,D005,Operations,Permanent,93921.39,,,,,Poor,Good,Excellent,Poor,Good,0
2026-06-29,legacy_hr_system,employees.csv,3690,3690,Violeta,Rodriguez,D002,Human Resources,Permanent,119673.99,,,,,Good,Good,Excellent,Fair,Excellent,0
2026-06-29,legacy_hr_system,employees.csv,3691,3691,Josefina,Benitez,D001,Finance,Contractor,,3109.88,7418.17,30-87654321-0,Beta Consulting,Fair,Good,Good,Good,Fair,0
2026-06-29,legacy_hr_system,employees.csv,3692,3692,Rafael,Navarro,D004,Sales,Permanent,114475.63,,,,,Good,Good,Poor,Fair,Good,0
2026-06-29,legacy_hr_system,employees.csv,3693,3693,Josefina,Cruz,D004,Sales,Permanent,86094.64,,,,,Fair,Excellent,Poor,Fair,Excellent,1
2026-06-29,legacy_hr_system,employees.csv,3694,3694,Octavio,Fernandez,D005,Operations,Permanent,128190.32,,,,,Good,Poor,Fair,Good,Fair,0
2026-06-29,legacy_hr_system,employees.csv,3695,3695,Julieta,Romero,D004,Sales,Permanent,57760.8,,,,,Good,Good,Good,Fair,Good,0
2026-06-29,legacy_hr_system,employees.csv,3696,3696,Guadalupe,Gonzalez,D001,Finance,Contractor,,2926.43,4516.03,30-11223344-5,Gamma Consulting,Good,Poor,Good,Excellent,Fair,1
2026-06-29,legacy_hr_system,employees.csv,3697,3697,Maria Victoria,Peralta,D004,Sales,Contractor,,3635.68,5473.62,30-99887766-1,Delta Consulting,Excellent,Good,Good,Good,Excellent,0
2026-06-29,legacy_hr_system,employees.csv,3698,3698,Isabella,Gimenez,D003,IT,Permanent,104892.91,,,,,Good,Fair,Good,Fair,Good,0
2026-06-29,legacy_hr_system,employees.csv,3699,3699,Miguel Angel,Mendez,D005,Operations,Contractor,,2879.51,3733.88,30-99887766-1,Delta Consulting,Good,Excellent,Good,Excellent,Fair,0
2026-06-29,legacy_hr_system,employees.csv,3700,3700,Ciro,Diaz,D004,Sales,Permanent,86158.12,,,,,Excellent,Fair,Excellent,Good,Fair,0
2026-06-29,legacy_hr_system,employees.csv,3701,3701,Sofia,Bustos,D004,Sales,Permanent,129296.84,,,,,Poor,Excellent,Good,Fair,Good,1
2026-06-29,legacy_hr_system,employees.csv,3702,3702,Martín,Romero,D005,Operations,Contractor,,1981.13,4085.37,30-11223344-5,Gamma Consulting,Good,Good,Excellent,Good,Good,0
2026-06-29,legacy_hr_system,employees.csv,3703,3703,Valentina ,Ledesma,D001,Finance,Permanent,90144.78,,,,,Fair,Excellent,Good,Good,Good,0
2026-06-29,legacy_hr_system,employees.csv,3704,3704,Lautaro Gabriel,Juarez,D004,Sales,Permanent,136490.5,,,,,Good,Good,Good,Good,Good,0
2026-06-29,legacy_hr_system,employees.csv,3705,3705,Ignacio,Silva,D003,IT,Permanent,174042.9,,,,,Good,Good,Good,Good,Fair,0
2026-06-29,legacy_hr_system,employees.csv,3706,3706,Luisina,Rios,D005,Operations,Contractor,,1958.73,2646.98,30-11223344-5,Gamma Consulting,Excellent,Fair,Fair,Excellent,Good,0
2026-06-29,legacy_hr_system,employees.csv,3707,3707,Ciro,Lopez,D004,Sales,Contractor,,11600.36,4515.7,30-12345678-9,Alpha Consulting,Good,Excellent,Excellent,Excellent,Good,0
2026-06-29,legacy_hr_system,employees.csv,3708,3708,Facundo,Caceres,D005,Operations,Contractor,,3174.93,4053.68,30-11223344-5,Gamma Consulting,Good,Fair,Good,Good,Good,0
2026-06-29,legacy_hr_system,employees.csv,3709,3709,Martina,Diaz,D003,IT,Contractor,,2839.49,4867.51,30-12345678-9,Alpha Consulting,Excellent,Fair,Good,Good,Fair,0
2026-06-29,legacy_hr_system,employees.csv,3710,3710,Benjamin,Diaz,D003,IT,Contractor,,3832.34,2544.95,30-12345678-9,Alpha Consulting,Good,Good,Fair,Good,Poor,0
2026-06-29,legacy_hr_system,employees.csv,3711,3711,Francisco,Rios,D004,Sales,Permanent,108931.82,,,,,Good,Excellent,Good,Poor,Good,0
2026-06-29,legacy_hr_system,employees.csv,3712,3712,Emma,Ponce,D004,Sales,Permanent,126414.26,,,,,Poor,Good,Good,Excellent,Excellent,0
2026-06-29,legacy_hr_system,employees.csv,3713,3713,Oriana,Romero,D002,Human Resources,Permanent,92460.72,,,,,Good,Excellent,Good,Fair,Good,0
2026-06-29,legacy_hr_system,employees.csv,3714,3714,Thiago Nicolas,Diaz,D002,Human Resources,Contractor,,4384.94,3864.59,30-11223344-5,Gamma Consulting,Good,Good,Good,Fair,Good,1
2026-06-29,legacy_hr_system,employees.csv,3715,3715,Santiago,Olivera,D004,Sales,Contractor,,2966.97,5056.02,30-87654321-0,Beta Consulting,Fair,Good,Excellent,Excellent,Good,0
2026-06-29,legacy_hr_system,employees.csv,3716,3716,Guadalupe,Rodriguez,D001,Finance,Contractor,,2526.97,2653.43,30-99887766-1,Delta Consulting,Good,Good,Fair,Fair,Fair,0
2026-06-29,legacy_hr_system,employees.csv,3717,3717,Martina,Gomez,D005,Operations,Permanent,107140.36,,,,,Good,Good,Good,Fair,Good,0
2026-06-29,legacy_hr_system,employees.csv,3718,3718,Juana,Diaz,D001,Finance,Permanent,150883.22,,,,,Fair,Good,Good,Good,Good,0
2026-06-29,legacy_hr_system,employees.csv,3719,3719,Maria Victoria,Vazquez,D004,Sales,Contractor,,2730.48,3653.57,30-11223344-5,Gamma Consulting,Fair,Poor,Poor,Poor,Good,0
2026-06-29,legacy_hr_system,employees.csv,3720,3720,Martina,Gonzalez,D004,Sales,Permanent,147770.17,,,,,Good,Excellent,Good,Good,Good,0
2026-06-29,legacy_hr_system,employees.csv,3721,3721,Sofia,Lopez,D003,IT,Permanent,110076.75,,,,,Fair,Fair,Fair,Good,Good,0
2026-06-29,legacy_hr_system,employees.csv,3722,3722,Antonio,Muñoz,D005,Operations,Permanent,104695.18,,,,,Good,Good,Good,Excellent,Good,0
2026-06-29,legacy_hr_system,employees.csv,3723,3723,Alma,Castro,D002,Human Resources,Permanent,124483.68,,,,,Good,Good,Good,Excellent,Good,0
2026-06-29,legacy_hr_system,employees.csv,3724,3724,Joaquin,Gonzalez,D003,IT,Permanent,143122.51,,,,,Good,Good,Excellent,Fair,Good,0
2026-06-29,legacy_hr_system,employees.csv,3725,3725,Valentina Jazmin,Bustos,D005,Operations,Permanent,191451.41,,,,,Fair,Good,Good,Fair,Good,0
2026-06-29,legacy_hr_system,employees.csv,3726,3726,Benjamin,Peralta,D003,IT,Permanent,144817.08,,,,,Fair,Excellent,Poor,Good,Good,0
2026-06-29,legacy_hr_system,employees.csv,3727,3727,Olivia,Caceres,D002,Human Resources,Contractor,,3927.87,3994.03,30-11223344-5,Gamma Consulting,Poor,Good,Excellent,Good,Good,0
2026-06-29,legacy_hr_system,employees.csv,3728,3728,Santino,Maidana,D003,IT,Contractor,,2179.31,4562.33,30-12345678-9,Alpha Consulting,Good,Good,Fair,Good,Good,0
2026-06-29,legacy_hr_system,employees.csv,3729,3729,Julieta,Martinez,D003,IT,Permanent,123215.1,,,,,Excellent,Fair,Good,Fair,Fair,0
2026-06-29,legacy_hr_system,employees.csv,3730,3730,Alma Valentina,Dominguez,D003,IT,Permanent,87644.62,,,,,Fair,Fair,Good,Good,Fair,0
2026-06-29,legacy_hr_system,employees.csv,3731,3731,Nahiara Jazmin,Bravo,D005,Operations,Permanent,114741.16,,,,,Good,Good,Good,Good,Good,0
2026-06-29,legacy_hr_system,employees.csv,3732,3732,Mateo Joaquin,Lucero,D004,Sales,Contractor,,3319.45,4860.39,30-12345678-9,Alpha Consulting,Good,Fair,Poor,Poor,Excellent,0
2026-06-29,legacy_hr_system,employees.csv,3733,3733,Enzo,Rodriguez,D005,Operations,Permanent,135128.64,,,,,Excellent,Good,Fair,Fair,Fair,0
2026-06-29,legacy_hr_system,employees.csv,3734,3734,Felipe,Blanco,D001,Finance,Permanent,128728.94,,,,,Excellent,Excellent,Good,Excellent,Fair,0
2026-06-29,legacy_hr_system,employees.csv,3735,3735,Geronimo,Lopez,D005,Operations,Permanent,104789.74,,,,,Good,Poor,Good,Fair,Good,0
2026-06-29,legacy_hr_system,employees.csv,3736,3736,Olivia,Torres,D002,Human Resources,Permanent,104582.98,,,,,Poor,Fair,Excellent,Excellent,Good,1
2026-06-29,legacy_hr_system,employees.csv,3737,3737,Matias,Bravo,D004,Sales,Contractor,,2040.84,6284.78,30-11223344-5,Gamma Consulting,Good,Poor,Good,Good,Good,1
2026-06-29,legacy_hr_system,employees.csv,3738,3738,Emma,Gonzalez,D003,IT,Contractor,,3010.76,4275.15,30-87654321-0,Beta Consulting,Good,Excellent,Good,Fair,Fair,0
2026-06-29,legacy_hr_system,employees.csv,3739,3739,Mora,Lopez,D004,Sales,Contractor,,2256.97,7435.66,30-12345678-9,Alpha Consulting,Good,Good,Poor,Good,Poor,1
2026-06-29,legacy_hr_system,employees.csv,3740,3740,Mateo Benjamin,Caceres,D005,Operations,Permanent,87800.16,,,,,Fair,Good,Excellent,Good,Excellent,0
2026-06-29,legacy_hr_system,employees.csv,3741,3741,Ignacio,Rodriguez,D004,Sales,Permanent,107134.56,,,,,Good,Good,Poor,Poor,Excellent,0
2026-06-29,legacy_hr_system,employees.csv,3742,3742,Violeta,Hernandez,D002,Human Resources,Contractor,,3332.67,5100.21,30-87654321-0,Beta Consulting,Good,Poor,Good,Good,Good,0
2026-06-29,legacy_hr_system,employees.csv,3743,3743,Mia Jazmin,Martin,D001,Finance,Permanent,148737.96,,,,,Excellent,Excellent,Fair,Good,Good,0
2026-06-29,legacy_hr_system,employees.csv,3744,3744,Antonio,Diaz,D001,Finance,Contractor,,4446.09,5006.16,30-11223344-5,Gamma Consulting,Excellent,Excellent,Good,Good,Good,0
2026-06-29,legacy_hr_system,employees.csv,3745,3745,Catalina,Herrera,D004,Sales,Permanent,88319.08,,,,,Good,Poor,Fair,Good,Good,0
2026-06-29,legacy_hr_system,employees.csv,3746,3746,Antonella,Rodriguez,D004,Sales,Permanent,112291.65,,,,,Poor,Good,Good,Good,Fair,1
2026-06-29,legacy_hr_system,employees.csv,3747,3747,Bianca,Cardozo,D005,Operations,Permanent,129234.97,,,,,Excellent,Excellent,Excellent,Excellent,Good,1
2026-06-29,legacy_hr_system,employees.csv,3748,3748,Mia Valentina,Gimenez,D005,Operations,Permanent,182046.78,,,,,Good,Good,Poor,Good,Poor,0
2026-06-29,legacy_hr_system,employees.csv,3749,3749,Guillermina,Medina,D005,Operations,Permanent,78065.84,,,,,Good,Fair,Poor,Poor,Fair,0
2026-06-29,legacy_hr_system,employees.csv,3750,3750,Juan Cruz,Torres,D005,Operations,Contractor,,3962.06,4679.91,30-87654321-0,Beta Consulting,Excellent,Poor,Poor,Excellent,Good,0
2026-06-29,legacy_hr_system,employees.csv,3751,3751,Juliana,Vera,D001,Finance,Contractor,,3670.26,4398.01,30-11223344-5,Gamma Consulting,Excellent,Good,Fair,Excellent,Good,0
2026-06-29,legacy_hr_system,employees.csv,3752,3752,Morena,Perez,D001,Finance,Contractor,,2326.05,5250.87,30-99887766-1,Delta Consulting,Good,Good,Poor,Fair,Excellent,0
2026-06-29,legacy_hr_system,employees.csv,3753,3753,Camila,Ayala,D004,Sales,Permanent,139632.93,,,,,Poor,Poor,Excellent,Good,Good,0
2026-06-29,legacy_hr_system,employees.csv,3754,3754,Maria Victoria,Gonzalez,D003,IT,Contractor,,3777.65,4486.7,30-12345678-9,Alpha Consulting,Fair,Good,Good,Excellent,Excellent,0
2026-06-29,legacy_hr_system,employees.csv,3755,3755,Delfina,Diaz,D005,Operations,Permanent,102005.34,,,,,Excellent,Poor,Good,Excellent,Excellent,0
2026-06-29,legacy_hr_system,employees.csv,3756,3756,Morena Jazmin,Ruiz,D005,Operations,Permanent,73236.39,,,,,Excellent,Poor,Fair,Poor,Excellent,1
2026-06-29,legacy_hr_system,employees.csv,3757,3757,Julieta,Paez,D003,IT,Permanent,144581.2,,,,,Excellent,Good,Good,Poor,Excellent,1
2026-06-29,legacy_hr_system,employees.csv,3758,3758,Franco,Maidana,D003,IT,Permanent,132716.68,,,,,Fair,Good,Good,Good,Fair,0
2026-06-29,legacy_hr_system,employees.csv,3759,3759,Thiago,Molina,D002,Human Resources,Permanent,,,,,,Good,Fair,Good,Fair,Good,0
2026-06-29,legacy_hr_system,employees.csv,3760,3760,Valentino,Rodriguez,D005,Operations,Contractor,,2569.14,4033.24,30-11223344-5,Gamma Consulting,Fair,Good,Good,Fair,Excellent,0
2026-06-29,legacy_hr_system,employees.csv,3761,3761,Tomàs,Sosa,D002,Human Resources,Permanent,75510.47,,,,,Good,Excellent,Good,Poor,Good,0
2026-06-29,legacy_hr_system,employees.csv,3762,3762,Maria Victoria,Medina,D003,IT,Permanent,95469.53,,,,,Good,Good,Good,Good,Fair,0
2026-06-29,legacy_hr_system,employees.csv,3763,3763,Julian,Flores,D003,IT,Permanent,85985.09,,,,,Good,Poor,Excellent,Good,Fair,0
2026-06-29,legacy_hr_system,employees.csv,3764,3764,Valentin,Ramirez,D003,IT,Contractor,,2670.02,3761.3,30-11223344-5,Gamma Consulting,Fair,Good,Excellent,Fair,Excellent,0
2026-06-29,legacy_hr_system,employees.csv,3765,3765,Luciana,Sanchez,D003,IT,Permanent,71189.85,,,,,Good,Fair,Fair,Fair,Fair,0
2026-06-29,legacy_hr_system,employees.csv,3766,3766,Olivia,Lopez,D002,Human Resources,Contractor,,4618.07,5752.54,30-11223344-5,Gamma Consulting,Good,Good,Good,Good,Good,1
2026-06-29,legacy_hr_system,employees.csv,3767,3767,Francisco,Moreno,D005,Operations,Contractor,,2376.78,4772.42,30-11223344-5,Gamma Consulting,Fair,Good,Fair,Poor,Good,0
2026-06-29,legacy_hr_system,employees.csv,3768,3768,Benicio,Rodriguez,D005,Operations,Permanent,132523.95,,,,,Excellent,Fair,Excellent,Excellent,Good,0
2026-06-29,legacy_hr_system,employees.csv,3769,3769,Valentina Jazmin,Gutierrez,D004,Sales,Contractor,,3952.87,3681.39,30-99887766-1,Delta Consulting,Good,Poor,Good,Good,Excellent,0
2026-06-29,legacy_hr_system,employees.csv,3770,3770,Mia Valentina,Caceres,D001,Finance,Permanent,152763.2,,,,,Good,Excellent,Good,Good,Fair,0
2026-06-29,legacy_hr_system,employees.csv,3771,3771,Gabriel,Gomez,D004,Sales,Contractor,,2561.68,3164.14,30-12345678-9,Alpha Consulting,Good,Fair,Fair,Fair,Good,0
2026-06-29,legacy_hr_system,employees.csv,3772,3772,Bautista,Gonzalez,D003,IT,Permanent,,,,,,Fair,Good,Good,Fair,Fair,0
2026-06-29,legacy_hr_system,employees.csv,3773,3773,Sofia,Diaz,D002,Human Resources,Permanent,158722.75,,,,,Good,Fair,Good,Good,Excellent,0
2026-06-29,legacy_hr_system,employees.csv,3774,3774,Ignacio,Sanchez,D002,Human Resources,Permanent,197637.27,,,,,Excellent,Excellent,Good,Good,Good,0
2026-06-29,legacy_hr_system,employees.csv,3775,3775,Augusto,Castillo,D004,Sales,Permanent,84008.24,,,,,Fair,Poor,Poor,Good,Good,0
2026-06-29,legacy_hr_system,employees.csv,3776,3776,Victoria,Vega,D002,Human Resources,Contractor,,3559.14,4090.2,30-11223344-5,Gamma Consulting,Fair,Poor,Good,Good,Excellent,1
2026-06-29,legacy_hr_system,employees.csv,3777,3777,Mateo Joaquin,Franco,D001,Finance,Permanent,143500.76,,,,,Good,Good,Good,Fair,Good,0
2026-06-29,legacy_hr_system,employees.csv,3778,3778,Gonzalo,Villalba,D003,IT,Contractor,,1823.61,3237.23,30-11223344-5,Gamma Consulting,Poor,Fair,Poor,Good,Good,1
2026-06-29,legacy_hr_system,employees.csv,3779,3779,Ian Ezequiel,Gonzalez,D002,Human Resources,Permanent,96723.76,,,,,Fair,Poor,Good,Poor,Fair,0
2026-06-29,legacy_hr_system,employees.csv,3780,3780,Juana,Paz,D001,Finance,Permanent,122368.92,,,,,Fair,Good,Excellent,Poor,Fair,0
2026-06-29,legacy_hr_system,employees.csv,3781,3781,Sofia Belen,Ruiz,D005,Operations,Permanent,100767.56,,,,,Fair,Good,Excellent,Excellent,Poor,0
2026-06-29,legacy_hr_system,employees.csv,3782,3782,Lola,Silva,D005,Operations,Permanent,139771.63,,,,,Excellent,Good,Good,Good,Good,0
2026-06-29,legacy_hr_system,employees.csv,3783,3783,Ambar,Herrera,D001,Finance,Contractor,,3821.52,5099.58,30-87654321-0,Beta Consulting,Fair,Good,Good,Good,Poor,0
2026-06-29,legacy_hr_system,employees.csv,3784,3784,Agustina,Coronel,D005,Operations,Permanent,168563.63,,,,,Good,Excellent,Excellent,Good,Fair,0
2026-06-29,legacy_hr_system,employees.csv,3785,3785,Felipe,Ruiz,D005,Operations,Permanent,132474.8,,,,,Excellent,Fair,Excellent,Excellent,Good,0
2026-06-29,legacy_hr_system,employees.csv,3786,3786,Francisco,Cardozo,D002,Human Resources,Contractor,,2026.48,5863.38,30-87654321-0,Beta Consulting,Fair,Poor,Good,Good,Excellent,1
2026-06-29,legacy_hr_system,employees.csv,3787,3787,Agustin,Gutierrez,D002,Human Resources,Permanent,101845.31,,,,,Good,Good,Poor,Poor,Excellent,0
2026-06-29,legacy_hr_system,employees.csv,3788,3788,Maia,Navarro,D002,Human Resources,Permanent,147312.55,,,,,Good,Poor,Good,Fair,Good,0
2026-06-29,legacy_hr_system,employees.csv,3789,3789,Lisandro,Medina,D004,Sales,Permanent,167212.03,,,,,Fair,Fair,Fair,Fair,Good,0
2026-06-29,legacy_hr_system,employees.csv,3790,3790,Sol,Sanchez,D001,Finance,Permanent,133700.64,,,,,Excellent,Fair,Good,Good,Excellent,0
2026-06-29,legacy_hr_system,employees.csv,3791,3791,Santiago,Vazquez,D003,IT,Permanent,75115.24,,,,,Excellent,Good,Good,Fair,Fair,0
2026-06-29,legacy_hr_system,employees.csv,3792,3792,Genaro,Diaz,D005,Operations,Contractor,,2265.43,5822.74,30-99887766-1,Delta Consulting,Good,Good,Good,Good,Good,0
2026-06-29,legacy_hr_system,employees.csv,3793,3793,Tomàs,Castro,D004,Sales,Contractor,,2864.7,4579.57,30-11223344-5,Gamma Consulting,Good,Good,Good,Good,Good,0
2026-06-29,legacy_hr_system,employees.csv,3794,3794,Thiago,Silva,D003,IT,Permanent,142764.73,,,,,Good,Poor,Good,Fair,Good,0
2026-06-29,legacy_hr_system,employees.csv,3795,3795,Valentino,Leiva,D003,IT,Contractor,,3557.06,4778.8,30-99887766-1,Delta Consulting,Good,Excellent,Good,Excellent,Excellent,0
2026-06-29,legacy_hr_system,employees.csv,3796,3796,Benjamin,Correa,D005,Operations,Contractor,,2833.07,4187.33,30-99887766-1,Delta Consulting,Good,Poor,Good,Good,Poor,0
2026-06-29,legacy_hr_system,employees.csv,3797,3797,Miguel Angel,Romero,D001,Finance,Contractor,,3686.32,5053.57,30-87654321-0,Beta Consulting,Fair,Good,Fair,Good,Fair,0
2026-06-29,legacy_hr_system,employees.csv,3798,3798,Ciro,Castillo,D002,Human Resources,Permanent,112281.0,,,,,Good,Excellent,Poor,Good,Good,0
2026-06-29,legacy_hr_system,employees.csv,3799,3799,Lola,Vargas,D005,Operations,Contractor,,3865.69,4370.97,30-12345678-9,Alpha Consulting,Poor,Good,Excellent,Good,Good,0
2026-06-29,legacy_hr_system,employees.csv,3800,3800,Mateo Benjamin,Romero,D005,Operations,Contractor,,2318.67,3741.03,30-99887766-1,Delta Consulting,Good,Excellent,Good,Good,Good,0
2026-06-29,legacy_hr_system,employees.csv,3801,3801,Benjamin,Caceres,D003,IT,Contractor,,2217.01,4227.59,30-99887766-1,Delta Consulting,Good,Good,Good,Fair,Good,0
2026-06-29,legacy_hr_system,employees.csv,3802,3802,Thiago Gabriel,Fernandez,D005,Operations,Permanent,157011.73,,,,,Good,Excellent,Good,Excellent,Fair,1
2026-06-29,legacy_hr_system,employees.csv,3803,3803,Benjamin Alejandro,Romero,D004,Sales,Contractor,,2355.92,4688.48,30-11223344-5,Gamma Consulting,Good,Poor,Good,Poor,Poor,0
2026-06-29,legacy_hr_system,employees.csv,3804,3804,Agustín,Juarez,D001,Finance,Permanent,100299.32,,,,,Excellent,Poor,Good,Fair,Fair,0
2026-06-29,legacy_hr_system,employees.csv,3805,3805,Sofía,Aguero,D001,Finance,Permanent,112190.73,,,,,Excellent,Good,Good,Good,Fair,0
2026-06-29,legacy_hr_system,employees.csv,3806,3806,Giovanni,Diaz,D002,Human Resources,Permanent,74698.76,,,,,Good,Good,Excellent,Poor,Good,1
2026-06-29,legacy_hr_system,employees.csv,3807,3807,Francesca,Rojas,D001,Finance,Contractor,,2823.57,4306.29,30-99887766-1,Delta Consulting,Good,Excellent,Good,Fair,Good,0
2026-06-29,legacy_hr_system,employees.csv,3808,3808,Santiago,Gomez,D001,Finance,Contractor,,3432.23,4723.28,30-87654321-0,Beta Consulting,Poor,Fair,Fair,Good,Poor,0
2026-06-29,legacy_hr_system,employees.csv,3809,3809,Franco,Acosta,D004,Sales,Contractor,,2041.29,5584.2,30-87654321-0,Beta Consulting,Excellent,Good,Good,Fair,Fair,0
2026-06-29,legacy_hr_system,employees.csv,3810,3810,Luciano Benjamin,Gomez,D002,Human Resources,Permanent,126309.09,,,,,Excellent,Excellent,Poor,Fair,Good,0
2026-06-29,legacy_hr_system,employees.csv,3811,3811,Santino,Castro,D004,Sales,Permanent,125951.81,,,,,Good,Excellent,Excellent,Good,Good,1
2026-06-29,legacy_hr_system,employees.csv,3812,3812,Martina,Ledesma,D003,IT,Permanent,119724.53,,,,,Fair,Good,Good,Good,Excellent,0
2026-06-29,legacy_hr_system,employees.csv,3813,3813,Pilar,Lopez,D002,Human Resources,Permanent,104467.28,,,,,Good,Excellent,Excellent,Good,Good,1
2026-06-29,legacy_hr_system,employees.csv,3814,3814,Bautista,Soto,D002,Human Resources,Permanent,126534.07,,,,,Poor,Excellent,Good,Fair,Fair,0
2026-06-29,legacy_hr_system,employees.csv,3815,3815,Emilia,Martinez,D002,Human Resources,Permanent,134267.65,,,,,Excellent,Good,Excellent,Fair,Excellent,0
2026-06-29,legacy_hr_system,employees.csv,3816,3816,Milagros,Rodriguez,D005,Operations,Permanent,67593.13,,,,,Good,Poor,Fair,Excellent,Poor,0
2026-06-29,legacy_hr_system,employees.csv,3817,3817,Isabella,Gutierrez,D002,Human Resources,Permanent,103837.17,,,,,Good,Good,Good,Good,Excellent,0
2026-06-29,legacy_hr_system,employees.csv,3818,3818,Joaquin,Mendez,D004,Sales,Permanent,112351.59,,,,,Fair,Excellent,Good,Excellent,Good,0
2026-06-29,legacy_hr_system,employees.csv,3819,3819,Renata,Fernandez,D005,Operations,Permanent,127685.12,,,,,Fair,Good,Good,Good,Good,1
2026-06-29,legacy_hr_system,employees.csv,3820,3820,Santino,Rojas,D001,Finance,Contractor,,3954.65,3728.26,30-99887766-1,Delta Consulting,Good,Good,Excellent,Good,Good,0
2026-06-29,legacy_hr_system,employees.csv,3821,3821,Jazmin,Rodriguez,D003,IT,Contractor,,2601.63,3987.47,30-99887766-1,Delta Consulting,Good,Excellent,Good,Good,Poor,0
2026-06-29,legacy_hr_system,employees.csv,3822,3822,Ivan,Guzman,D002,Human Resources,Permanent,95954.17,,,,,Good,Fair,Good,Good,Good,0
2026-06-29,legacy_hr_system,employees.csv,3823,3823,Valentino,Diaz,D002,Human Resources,Permanent,109584.41,,,,,Fair,Good,Good,Good,Good,0
2026-06-29,legacy_hr_system,employees.csv,3824,3824,Lorenzo,Vega,D003,IT,Permanent,143124.07,,,,,Good,Good,Good,Excellent,Fair,0
2026-06-29,legacy_hr_system,employees.csv,3825,3825,Agustin,Juarez,D001,Finance,Contractor,,2156.93,,30-11223344-5,Gamma Consulting,Excellent,Fair,Fair,Good,Excellent,0
2026-06-29,legacy_hr_system,employees.csv,3826,3826,Luisana,Nuñez,D003,IT,Permanent,68942.93,,,,,Good,Good,Poor,Good,Excellent,0
2026-06-29,legacy_hr_system,employees.csv,3827,3827,Juan Bautista,Castillo,D001,Finance,Permanent,103159.86,,,,,Fair,Good,Excellent,Fair,Good,0
2026-06-29,legacy_hr_system,employees.csv,3828,3828,Victoria,Gonzalez,D003,IT,Permanent,110115.32,,,,,Good,Excellent,Good,Good,Good,1
2026-06-29,legacy_hr_system,employees.csv,3829,3829,Felipe,Rodriguez,D002,Human Resources,Contractor,,4339.89,4225.2,30-12345678-9,Alpha Consulting,Good,Fair,Good,Good,Good,1
2026-06-29,legacy_hr_system,employees.csv,3830,3830,Camila,Cordoba,D001,Finance,Permanent,53962.7,,,,,Good,Good,Good,Poor,Good,1
2026-06-29,legacy_hr_system,employees.csv,3831,3831,Bruno,Bustos,D001,Finance,Contractor,,1400.89,4534.03,30-87654321-0,Beta Consulting,Excellent,Good,Fair,Fair,Good,0
2026-06-29,legacy_hr_system,employees.csv,3832,3832,Emiliano,Medina,D002,Human Resources,Permanent,138413.13,,,,,Fair,Good,Good,Good,Fair,1
2026-06-29,legacy_hr_system,employees.csv,3833,3833,Dante,Ponce,D005,Operations,Contractor,,3300.36,4667.57,30-12345678-9,Alpha Consulting,Good,Fair,Good,Good,Excellent,0
2026-06-29,legacy_hr_system,employees.csv,3834,3834,Emilia,Lucero,D004,Sales,Permanent,154867.79,,,,,Good,Excellent,Poor,Good,Good,0
2026-06-29,legacy_hr_system,employees.csv,3835,3835,Facundo,Quiroga,D001,Finance,Contractor,,2568.33,5394.91,30-12345678-9,Alpha Consulting,Poor,Good,Fair,Fair,Good,0
2026-06-29,legacy_hr_system,employees.csv,3836,3836,Luz Milagros,Garcia,D005,Operations,Contractor,,1694.39,3595.05,30-87654321-0,Beta Consulting,Good,Good,Good,Good,Fair,0
2026-06-29,legacy_hr_system,employees.csv,3837,3837,Mora,Correa,D004,Sales,Permanent,65788.76,,,,,Good,Fair,Fair,Excellent,Good,0
2026-06-29,legacy_hr_system,employees.csv,3838,3838,Joaquin,Martinez,D003,IT,Contractor,,2780.12,4453.74,30-11223344-5,Gamma Consulting,Fair,Poor,Good,Good,Fair,0
2026-06-29,legacy_hr_system,employees.csv,3839,3839,Tiziano Valentin,Ponce,D004,Sales,Contractor,,3091.28,4561.88,30-99887766-1,Delta Consulting,Fair,Excellent,Good,Excellent,Excellent,0
2026-06-29,legacy_hr_system,employees.csv,3840,3840,Malena,Bustos,D003,IT,Permanent,92173.4,,,,,Good,Fair,Good,Good,Fair,0
2026-06-29,legacy_hr_system,employees.csv,3841,3841,Joaquin,Ortiz,D002,Human Resources,Contractor,,2847.81,3002.55,30-99887766-1,Delta Consulting,Fair,Fair,Excellent,Good,Good,1
2026-06-29,legacy_hr_system,employees.csv,3842,3842,Camila,Leiva,D001,Finance,Permanent,160896.87,,,,,Good,Poor,Good,Fair,Good,0
2026-06-29,legacy_hr_system,employees.csv,3843,3843,Emma,Aguero,D003,IT,Contractor,,2757.1,4011.11,30-12345678-9,Alpha Consulting,Fair,Excellent,Good,Excellent,Excellent,0
2026-06-29,legacy_hr_system,employees.csv,3844,3844,Victoria,Morales,D004,Sales,Contractor,,4271.15,3257.75,30-12345678-9,Alpha Consulting,Good,Fair,Good,Good,Good,1
2026-06-29,legacy_hr_system,employees.csv,3845,3845,Juana,Avila,D004,Sales,Contractor,,2099.53,3403.78,30-12345678-9,Alpha Consulting,Good,Good,Excellent,Good,Excellent,1
2026-06-29,legacy_hr_system,employees.csv,3846,3846,Genaro,Muñoz,D001,Finance,Permanent,117963.86,,,,,Good,Good,Fair,Poor,Good,0
2026-06-29,legacy_hr_system,employees.csv,3847,3847,Delfina,Aguirre,D004,Sales,Permanent,132948.95,,,,,Good,Poor,Good,Good,Good,0
2026-06-29,legacy_hr_system,employees.csv,3848,3848,Samuel,Castro,D005,Operations,Contractor,,3591.74,7072.0,30-87654321-0,Beta Consulting,Excellent,Fair,Poor,Excellent,Good,0
2026-06-29,legacy_hr_system,employees.csv,3849,3849,Jeronimo,Rodriguez,D005,Operations,Contractor,,1200.45,5108.74,30-99887766-1,Delta Consulting,Fair,Fair,Fair,Good,Good,0
2026-06-29,legacy_hr_system,employees.csv,3850,3850,Santino,Vazquez,D003,IT,Permanent,103286.08,,,,,Good,Good,Fair,Good,Good,0
2026-06-29,legacy_hr_system,employees.csv,3851,3851,Juan Cruz,Acosta,D005,Operations,Permanent,102407.55,,,,,Excellent,Excellent,Fair,Good,Good,1
2026-06-29,legacy_hr_system,employees.csv,3852,3852,Valentina,Gimenez,D004,Sales,Permanent,101406.84,,,,,Good,Fair,Good,Good,Good,0
2026-06-29,legacy_hr_system,employees.csv,3853,3853,Malena,Rodriguez,D005,Operations,Permanent,92736.91,,,,,Good,Good,Good,Good,Fair,0
2026-06-29,legacy_hr_system,employees.csv,3854,3854,Juliana,Cardozo,D002,Human Resources,Contractor,,4347.62,5342.3,30-12345678-9,Alpha Consulting,Good,Excellent,Good,Good,Good,0
2026-06-29,legacy_hr_system,employees.csv,3855,3855,Olivia,Cardozo,D004,Sales,Contractor,,3018.56,5851.02,30-12345678-9,Alpha Consulting,Good,Good,Poor,Good,Good,0
2026-06-29,legacy_hr_system,employees.csv,3856,3856,Ian,Ruiz,D001,Finance,Permanent,74624.13,,,,,Excellent,Fair,Good,Good,Good,0
2026-06-29,legacy_hr_system,employees.csv,3857,3857,Benjamin,Gomez,D002,Human Resources,Permanent,80078.85,,,,,Fair,Fair,Good,Good,Fair,0
2026-06-29,legacy_hr_system,employees.csv,3858,3858,Bastian,Romero,D002,Human Resources,Permanent,54660.97,,,,,Good,Good,Good,Good,Good,0
2026-06-29,legacy_hr_system,employees.csv,3859,3859,Lautaro Ezequiel,Suarez,D002,Human Resources,Permanent,99017.56,,,,,Good,Fair,Good,Good,Good,0
2026-06-29,legacy_hr_system,employees.csv,3860,3860,Bautista,Molina,D005,Operations,Contractor,,3129.36,4602.86,30-87654321-0,Beta Consulting,Excellent,Good,Good,Good,Good,1
2026-06-29,legacy_hr_system,employees.csv,3861,3861,Emma,Duarte,D001,Finance,Contractor,,3119.47,3088.94,30-11223344-5,Gamma Consulting,Good,Fair,Good,Fair,Good,0
2026-06-29,legacy_hr_system,employees.csv,3862,3862,Valentino,Paz,D003,IT,Contractor,,3642.52,4739.63,30-99887766-1,Delta Consulting,Fair,Fair,Good,Good,Good,1
2026-06-29,legacy_hr_system,employees.csv,3863,3863,Maite,Lopez,D003,IT,Permanent,141991.63,,,,,Good,Good,Good,Poor,Excellent,0
2026-06-29,legacy_hr_system,employees.csv,3864,3864,Benjamin,Gomez,D004,Sales,Permanent,63217.13,,,,,Fair,Excellent,Poor,Excellent,Good,0
2026-06-29,legacy_hr_system,employees.csv,3865,3865,Juana,Rojas,D002,Human Resources,Permanent,129344.73,,,,,Fair,Good,Good,Poor,Excellent,0
2026-06-29,legacy_hr_system,employees.csv,3866,3866,Francesca,Rodriguez,D002,Human Resources,Permanent,84367.04,,,,,Excellent,Good,Fair,Fair,Poor,0
2026-06-29,legacy_hr_system,employees.csv,3867,3867,Paulina,Peralta,D005,Operations,Permanent,108080.3,,,,,Excellent,Good,Good,Fair,Good,1
2026-06-29,legacy_hr_system,employees.csv,3868,3868,Felipe,Sosa,D003,IT,Contractor,,3427.49,4591.09,30-12345678-9,Alpha Consulting,Fair,Excellent,Good,Fair,Fair,0
2026-06-29,legacy_hr_system,employees.csv,3869,3869,Delfina,Gonzalez,D003,IT,Contractor,,2318.77,4506.27,30-11223344-5,Gamma Consulting,Good,Good,Excellent,Poor,Excellent,0
2026-06-29,legacy_hr_system,employees.csv,3870,3870,Amparo,Diaz,D001,Finance,Permanent,74053.94,,,,,Fair,Good,Good,Poor,Good,0
2026-06-29,legacy_hr_system,employees.csv,3871,3871,Genaro,Miranda,D002,Human Resources,Contractor,,3920.21,4294.72,30-87654321-0,Beta Consulting,Good,Poor,Good,Good,Fair,1
2026-06-29,legacy_hr_system,employees.csv,3872,3872,Nina,Moreno,D001,Finance,Permanent,153556.5,,,,,Good,Good,Fair,Good,Good,0
2026-06-29,legacy_hr_system,employees.csv,3873,3873,Thiago Agustin,Escobar,D001,Finance,Contractor,,2578.77,3976.42,30-99887766-1,Delta Consulting,Good,Poor,Good,Good,Good,1
2026-06-29,legacy_hr_system,employees.csv,3874,3874,Francesca,Sanchez,D003,IT,Permanent,97074.4,,,,,Poor,Excellent,Excellent,Excellent,Good,0
2026-06-29,legacy_hr_system,employees.csv,3875,3875,Isabella,Gonzalez,D004,Sales,Contractor,,3700.94,3790.57,30-87654321-0,Beta Consulting,Excellent,Good,Good,Good,Fair,0
2026-06-29,legacy_hr_system,employees.csv,3876,3876,Thiago Nahuel,Vazquez,D002,Human Resources,Contractor,,,4117.55,30-87654321-0,Beta Consulting,Good,Good,Excellent,Poor,Good,0
2026-06-29,legacy_hr_system,employees.csv,3877,3877,Alexander,Torres,D003,IT,Permanent,60721.1,,,,,Excellent,Good,Good,Fair,Good,0
2026-06-29,legacy_hr_system,employees.csv,3878,3878,Emma,Gomez,D001,Finance,Permanent,102890.58,,,,,Good,Fair,Excellent,Excellent,Excellent,0
2026-06-29,legacy_hr_system,employees.csv,3879,3879,Ciro,Olivera,D001,Finance,Contractor,,2056.71,4533.9,30-12345678-9,Alpha Consulting,Poor,Excellent,Good,Good,Good,0
2026-06-29,legacy_hr_system,employees.csv,3880,3880,Alma,Lopez,D001,Finance,Contractor,,2047.67,5425.98,30-11223344-5,Gamma Consulting,Good,Good,Excellent,Fair,Poor,0
2026-06-29,legacy_hr_system,employees.csv,3881,3881,Valentina ,Diaz,D002,Human Resources,Permanent,117267.72,,,,,Excellent,Good,Fair,Excellent,Good,1
2026-06-29,legacy_hr_system,employees.csv,3882,3882,Lautaro Nicolas,Figueroa,D005,Operations,Contractor,,2857.92,5155.89,30-12345678-9,Alpha Consulting,Good,Good,Fair,Good,Excellent,0
2026-06-29,legacy_hr_system,employees.csv,3883,3883,Ludmila,Lopez,D001,Finance,Contractor,,3771.13,4479.9,30-99887766-1,Delta Consulting,Good,Good,Fair,Excellent,Fair,0
2026-06-29,legacy_hr_system,employees.csv,3884,3884,Mateo,Ramirez,D002,Human Resources,Permanent,96863.99,,,,,Good,Excellent,Good,Good,Excellent,0
2026-06-29,legacy_hr_system,employees.csv,3885,3885,Santino,Romero,D005,Operations,Permanent,66780.91,,,,,Excellent,Excellent,Excellent,Excellent,Fair,1
2026-06-29,legacy_hr_system,employees.csv,3886,3886,Lucas,Lopez,D004,Sales,Contractor,,2451.16,3882.79,30-87654321-0,Beta Consulting,Good,Good,Excellent,Good,Excellent,0
2026-06-29,legacy_hr_system,employees.csv,3887,3887,Sofia,Rojas,D002,Human Resources,Contractor,,3085.65,4154.85,30-12345678-9,Alpha Consulting,Excellent,Good,Excellent,Excellent,Poor,0
2026-06-29,legacy_hr_system,employees.csv,3888,3888,Luisana,Gomez,D003,IT,Permanent,140637.99,,,,,Poor,Good,Good,Good,Good,0
2026-06-29,legacy_hr_system,employees.csv,3889,3889,Delfina,Sosa,D005,Operations,Permanent,101610.5,,,,,Excellent,Fair,Excellent,Good,Good,0
2026-06-29,legacy_hr_system,employees.csv,3890,3890,Joaquin,Ruiz,D005,Operations,Contractor,,,5683.99,30-99887766-1,Delta Consulting,Good,Good,Good,Excellent,Poor,0
2026-06-29,legacy_hr_system,employees.csv,3891,3891,Josefina,Alvarez,D002,Human Resources,Contractor,,3273.46,4439.96,30-12345678-9,Alpha Consulting,Fair,Excellent,Excellent,Good,Excellent,0
2026-06-29,legacy_hr_system,employees.csv,3892,3892,Malena,Rodriguez,D004,Sales,Contractor,,2518.44,3866.77,30-87654321-0,Beta Consulting,Fair,Good,Excellent,Good,Fair,0
2026-06-29,legacy_hr_system,employees.csv,3893,3893,Augusto,Ferreyra,D002,Human Resources,Permanent,94481.6,,,,,Fair,Fair,Good,Excellent,Good,0
2026-06-29,legacy_hr_system,employees.csv,3894,3894,Guadalupe,Rodriguez,D002,Human Resources,Contractor,,2567.19,5255.67,30-87654321-0,Beta Consulting,Excellent,Excellent,Good,Fair,Fair,0
2026-06-29,legacy_hr_system,employees.csv,3895,3895,Delfina,Sanchez,D002,Human Resources,Permanent,113343.35,,,,,Good,Excellent,Good,Good,Good,0
2026-06-29,legacy_hr_system,employees.csv,3896,3896,Matias,Velazquez,D002,Human Resources,Contractor,,1920.18,6268.17,30-99887766-1,Delta Consulting,Good,Poor,Good,Good,Good,0
2026-06-29,legacy_hr_system,employees.csv,3897,3897,Santino,Rojas,D005,Operations,Contractor,,3255.97,3093.06,30-99887766-1,Delta Consulting,Good,Excellent,Excellent,Good,Excellent,0
2026-06-29,legacy_hr_system,employees.csv,3898,3898,Dylan Ezequiel,Roldan,D001,Finance,Permanent,106744.53,,,,,Fair,Good,Fair,Good,Excellent,0
2026-06-29,legacy_hr_system,employees.csv,3899,3899,Joaquin,Campos,D005,Operations,Contractor,,3088.71,6204.59,30-99887766-1,Delta Consulting,Poor,Excellent,Fair,Fair,Excellent,0
2026-06-29,legacy_hr_system,employees.csv,3900,3900,Matias,Chavez,D004,Sales,Permanent,86756.63,,,,,Fair,Good,Fair,Poor,Good,0
2026-06-29,legacy_hr_system,employees.csv,3901,3901,Genaro,Peralta,D002,Human Resources,Permanent,149281.22,,,,,Fair,Fair,Poor,Fair,Good,0
2026-06-29,legacy_hr_system,employees.csv,3902,3902,Renzo,Ledesma,D002,Human Resources,Permanent,161984.59,,,,,Good,Fair,Excellent,Poor,Good,1
2026-06-29,legacy_hr_system,employees.csv,3903,3903,Ignacio,Godoy,D002,Human Resources,Contractor,,2497.08,4222.49,30-87654321-0,Beta Consulting,Fair,Good,Good,Good,Good,1
2026-06-29,legacy_hr_system,employees.csv,3904,3904,Lautaro Nicolas,Sanchez,D001,Finance,Permanent,88910.72,,,,,Good,Good,Poor,Good,Good,0
2026-06-29,legacy_hr_system,employees.csv,3905,3905,Mia Jazmin,Suarez,D005,Operations,Contractor,,2837.23,4463.41,30-87654321-0,Beta Consulting,Excellent,Excellent,Good,Good,Excellent,0
2026-06-29,legacy_hr_system,employees.csv,3906,3906,Ignacio,Cabrera,D002,Human Resources,Permanent,139789.5,,,,,Good,Good,Excellent,Excellent,Good,1
2026-06-29,legacy_hr_system,employees.csv,3907,3907,Maria Victoria,Alvarez,D001,Finance,Permanent,152705.5,,,,,Good,Fair,Good,Fair,Good,0
2026-06-29,legacy_hr_system,employees.csv,3908,3908,Santino Benjamin,Martinez,D005,Operations,Contractor,,2401.52,2532.67,30-99887766-1,Delta Consulting,Excellent,Good,Good,Good,Poor,0
2026-06-29,legacy_hr_system,employees.csv,3909,3909,Salvador,Olivera,D001,Finance,Permanent,119362.66,,,,,Poor,Fair,Poor,Good,Good,0
2026-06-29,legacy_hr_system,employees.csv,3910,3910,Francisco,Rios,D005,Operations,Permanent,,,,,,Good,Fair,Excellent,Good,Good,0
2026-06-29,legacy_hr_system,employees.csv,3911,3911,Alfonsina,Sanchez,D002,Human Resources,Contractor,,3199.53,4173.33,30-11223344-5,Gamma Consulting,Good,Good,Excellent,Good,Good,0
2026-06-29,legacy_hr_system,employees.csv,3912,3912,Tiziano Benjamin,Navarro,D001,Finance,Permanent,123742.56,,,,,Good,Good,Excellent,Good,Fair,1
2026-06-29,legacy_hr_system,employees.csv,3913,3913,Ana Paula,Rodriguez,D002,Human Resources,Permanent,165463.34,,,,,Good,Good,Poor,Good,Excellent,0
2026-06-29,legacy_hr_system,employees.csv,3914,3914,Thiago,Garcia,D002,Human Resources,Permanent,131452.03,,,,,Poor,Excellent,Good,Excellent,Fair,0
2026-06-29,legacy_hr_system,employees.csv,3915,3915,Felipe,Diaz,D005,Operations,Contractor,,2701.31,3999.8,30-99887766-1,Delta Consulting,Fair,Poor,Poor,Excellent,Poor,0
2026-06-29,legacy_hr_system,employees.csv,3916,3916,Martina,Blanco,D002,Human Resources,Contractor,,2864.12,6136.74,30-12345678-9,Alpha Consulting,Excellent,Excellent,Excellent,Fair,Good,0
2026-06-29,legacy_hr_system,employees.csv,3917,3917,Matias,Leiva,D005,Operations,Contractor,,2853.36,4480.21,30-11223344-5,Gamma Consulting,Poor,Good,Good,Good,Fair,1
2026-06-29,legacy_hr_system,employees.csv,3918,3918,Tiziano Benjamin,Romero,D001,Finance,Permanent,105530.59,,,,,Excellent,Fair,Poor,Good,Fair,0
2026-06-29,legacy_hr_system,employees.csv,3919,3919,Victoria,Moreno,D002,Human Resources,Permanent,152969.5,,,,,Good,Fair,Good,Poor,Excellent,0
2026-06-29,legacy_hr_system,employees.csv,3920,3920,Alejo,Gutierrez,D005,Operations,Permanent,178795.12,,,,,Excellent,Good,Fair,Fair,Good,1
2026-06-29,legacy_hr_system,employees.csv,3921,3921,Maria Belen,Moreno,D003,IT,Contractor,,3360.49,4582.77,30-12345678-9,Alpha Consulting,Excellent,Fair,Good,Good,Excellent,0
2026-06-29,legacy_hr_system,employees.csv,3922,3922,Emilia,Gonzalez,D003,IT,Permanent,121103.48,,,,,Good,Excellent,Excellent,Excellent,Excellent,0
2026-06-29,legacy_hr_system,employees.csv,3923,3923,Thiago Leonel,Romero,D001,Finance,Contractor,,1092.55,5245.15,30-12345678-9,Alpha Consulting,Good,Good,Excellent,Good,Good,0
2026-06-29,legacy_hr_system,employees.csv,3924,3924,Emma,Rojas,D005,Operations,Permanent,124024.99,,,,,Good,Fair,Excellent,Fair,Good,0
2026-06-29,legacy_hr_system,employees.csv,3925,3925,Mia Morena,Dominguez,D004,Sales,Contractor,,3342.67,3788.54,30-12345678-9,Alpha Consulting,Good,Excellent,Excellent,Excellent,Good,0
2026-06-29,legacy_hr_system,employees.csv,3926,3926,Valentina,Castillo,D002,Human Resources,Contractor,,2692.43,4088.98,30-11223344-5,Gamma Consulting,Good,Excellent,Good,Excellent,Excellent,0
2026-06-29,legacy_hr_system,employees.csv,3927,3927,Lucio,Cabrera,D004,Sales,Permanent,150648.69,,,,,Excellent,Good,Excellent,Good,Good,1
2026-06-29,legacy_hr_system,employees.csv,3928,3928,Olivia,Sanchez,D004,Sales,Permanent,108637.2,,,,,Excellent,Fair,Fair,Poor,Good,0
2026-06-29,legacy_hr_system,employees.csv,3929,3929,Simon,Gonzalez,D002,Human Resources,Permanent,182479.81,,,,,Good,Fair,Poor,Good,Good,0
2026-06-29,legacy_hr_system,employees.csv,3930,3930,Tiziana,Rodriguez,D001,Finance,Contractor,,3344.69,3224.32,30-99887766-1,Delta Consulting,Fair,Poor,Fair,Good,Good,0
2026-06-29,legacy_hr_system,employees.csv,3931,3931,Santiago,Godoy,D003,IT,Contractor,,2897.16,3848.32,30-87654321-0,Beta Consulting,Good,Good,Excellent,Fair,Good,0
2026-06-29,legacy_hr_system,employees.csv,3932,3932,Valentino,Diaz,D005,Operations,Permanent,54168.53,,,,,Good,Good,Excellent,Good,Good,0
2026-06-29,legacy_hr_system,employees.csv,3933,3933,Catalina,Luna,D003,IT,Permanent,167984.13,,,,,Good,Good,Good,Poor,Fair,0
2026-06-29,legacy_hr_system,employees.csv,3934,3934,Ludmila,Soria,D004,Sales,Contractor,,3562.51,5033.21,30-87654321-0,Beta Consulting,Good,Good,Fair,Excellent,Poor,0
2026-06-29,legacy_hr_system,employees.csv,3935,3935,Emma,Rodriguez,D004,Sales,Contractor,,3132.32,3117.98,30-12345678-9,Alpha Consulting,Good,Good,Excellent,Fair,Fair,0
2026-06-29,legacy_hr_system,employees.csv,3936,3936,Lisandro,Sanchez,D005,Operations,Permanent,105491.49,,,,,Good,Fair,Good,Good,Good,0
2026-06-29,legacy_hr_system,employees.csv,3937,3937,Joaquín,Martinez,D001,Finance,Permanent,145253.42,,,,,Good,Good,Excellent,Good,Excellent,0
2026-06-29,legacy_hr_system,employees.csv,3938,3938,Joaquin,Martinez,D005,Operations,Permanent,88463.4,,,,,Excellent,Good,Good,Fair,Fair,0
2026-06-29,legacy_hr_system,employees.csv,3939,3939,Emilia,Acosta,D001,Finance,Contractor,,,4272.89,30-12345678-9,Alpha Consulting,Fair,Excellent,Good,Good,Excellent,0
2026-06-29,legacy_hr_system,employees.csv,3940,3940,Juan Manuel,Perez,D003,IT,Contractor,,2886.59,4635.56,30-11223344-5,Gamma Consulting,Fair,Fair,Good,Good,Poor,0
2026-06-29,legacy_hr_system,employees.csv,3941,3941,Sofia Belen,Rodriguez,D004,Sales,Contractor,,3582.81,5137.61,30-99887766-1,Delta Consulting,Good,Good,Good,Good,Poor,0
2026-06-29,legacy_hr_system,employees.csv,3942,3942,Renzo,Ruiz,D002,Human Resources,Contractor,,3207.02,5695.53,30-87654321-0,Beta Consulting,Poor,Fair,Fair,Excellent,Excellent,0
2026-06-29,legacy_hr_system,employees.csv,3943,3943,Mateo,Benitez,D001,Finance,Contractor,,1784.82,5004.58,30-12345678-9,Alpha Consulting,Fair,Good,Good,Poor,Poor,0
2026-06-29,legacy_hr_system,employees.csv,3944,3944,Juan Bautista,Ponce,D003,IT,Permanent,138796.15,,,,,Good,Good,Good,Good,Fair,0
2026-06-29,legacy_hr_system,employees.csv,3945,3945,Alejo,Maldonado,D001,Finance,Contractor,,2008.35,2997.13,30-11223344-5,Gamma Consulting,Good,Good,Excellent,Good,Poor,0
2026-06-29,legacy_hr_system,employees.csv,3946,3946,Geronimo,Gonzalez,D004,Sales,Permanent,97621.74,,,,,Good,Fair,Poor,Excellent,Good,0
2026-06-29,legacy_hr_system,employees.csv,3947,3947,Olivia,Roldan,D004,Sales,Permanent,100153.76,,,,,Fair,Poor,Good,Good,Excellent,0
2026-06-29,legacy_hr_system,employees.csv,3948,3948,Alejo,Ayala,D003,IT,Permanent,142602.58,,,,,Excellent,Good,Good,Fair,Excellent,0
2026-06-29,legacy_hr_system,employees.csv,3949,3949,Mia,Fernandez,D003,IT,Contractor,,2508.37,3643.65,30-99887766-1,Delta Consulting,Fair,Good,Good,Good,Fair,0
2026-06-29,legacy_hr_system,employees.csv,3950,3950,Ian Benjamin,Perez,D001,Finance,Contractor,,2510.69,5618.63,30-12345678-9,Alpha Consulting,Good,Poor,Good,Excellent,Good,0
2026-06-29,legacy_hr_system,employees.csv,3951,3951,Malena,Acosta,D005,Operations,Contractor,,3010.43,4320.75,30-87654321-0,Beta Consulting,Good,Fair,Excellent,Good,Good,0
2026-06-29,legacy_hr_system,employees.csv,3952,3952,Thiago,Juarez,D001,Finance,Contractor,,2912.0,5792.06,30-87654321-0,Beta Consulting,Excellent,Good,Fair,Good,Excellent,0
2026-06-29,legacy_hr_system,employees.csv,3953,3953,Bautista,Fernandez,D003,IT,Contractor,,2400.66,5815.51,30-99887766-1,Delta Consulting,Fair,Excellent,Fair,Excellent,Good,0
2026-06-29,legacy_hr_system,employees.csv,3954,3954,Valentin,Fernandez,D004,Sales,Permanent,126314.89,,,,,Good,Good,Fair,Good,Fair,0
2026-06-29,legacy_hr_system,employees.csv,3955,3955,Santiago,Gonzalez,D004,Sales,Contractor,,2871.66,7000.9,30-99887766-1,Delta Consulting,Good,Poor,Fair,Fair,Good,0
2026-06-29,legacy_hr_system,employees.csv,3956,3956,Guillermina,Muñoz,D003,IT,Permanent,88330.82,,,,,Good,Excellent,Excellent,Fair,Good,0
2026-06-29,legacy_hr_system,employees.csv,3957,3957,Morena,Blanco,D001,Finance,Permanent,109389.43,,,,,Poor,Excellent,Excellent,Good,Good,0
2026-06-29,legacy_hr_system,employees.csv,3958,3958,Nahiara Jazmin,Valdez,D004,Sales,Contractor,,2014.06,5452.46,30-87654321-0,Beta Consulting,Excellent,Excellent,Fair,Excellent,Poor,0
2026-06-29,legacy_hr_system,employees.csv,3959,3959,Thiago,Aguirre,D002,Human Resources,Contractor,,4351.35,6169.92,30-99887766-1,Delta Consulting,Fair,Good,Poor,Good,Fair,0
2026-06-29,legacy_hr_system,employees.csv,3960,3960,Santino Benjamin,Nuñez,D005,Operations,Permanent,156718.46,,,,,Excellent,Fair,Excellent,Fair,Excellent,0
2026-06-29,legacy_hr_system,employees.csv,3961,3961,Renata,Gonzalez,D005,Operations,Permanent,114071.39,,,,,Good,Good,Excellent,Fair,Excellent,0
2026-06-29,legacy_hr_system,employees.csv,3962,3962,Mateo Valentin,Alvarez,D003,IT,Permanent,109042.77,,,,,Good,Fair,Fair,Good,Excellent,0
2026-06-29,legacy_hr_system,employees.csv,3963,3963,Tiziano,Diaz,D005,Operations,Permanent,69864.91,,,,,Good,Good,Good,Fair,Good,1
2026-06-29,legacy_hr_system,employees.csv,3964,3964,Lorenzo,Perez,D002,Human Resources,Contractor,,4628.7,4968.98,30-87654321-0,Beta Consulting,Excellent,Good,Good,Fair,Good,0
2026-06-29,legacy_hr_system,employees.csv,3965,3965,Ian Ezequiel,Muñoz,D003,IT,Contractor,,2606.43,5828.06,30-87654321-0,Beta Consulting,Good,Excellent,Excellent,Fair,Good,0
2026-06-29,legacy_hr_system,employees.csv,3966,3966,Bianca,Suarez,D005,Operations,Permanent,90817.06,,,,,Good,Fair,Fair,Fair,Good,0
2026-06-29,legacy_hr_system,employees.csv,3967,3967,Luciano,Quiroga,D003,IT,Contractor,,3325.3,4327.37,30-11223344-5,Gamma Consulting,Excellent,Fair,Good,Good,Good,0
2026-06-29,legacy_hr_system,employees.csv,3968,3968,Jeremias,Blanco,D003,IT,Permanent,139160.31,,,,,Good,Good,Excellent,Good,Fair,0
2026-06-29,legacy_hr_system,employees.csv,3969,3969,Abril,Martinez,D001,Finance,Permanent,118092.79,,,,,Good,Good,Excellent,Good,Good,1
2026-06-29,legacy_hr_system,employees.csv,3970,3970,Martina,Correa,D004,Sales,Permanent,76472.16,,,,,Good,Good,Good,Good,Fair,1
2026-06-29,legacy_hr_system,employees.csv,3971,3971,Agustín,Peralta,D003,IT,Contractor,,3060.46,5548.86,30-11223344-5,Gamma Consulting,Good,Good,Good,Excellent,Excellent,0
2026-06-29,legacy_hr_system,employees.csv,3972,3972,Genaro,Moreno,D001,Finance,Permanent,119123.51,,,,,Fair,Good,Poor,Fair,Good,0
2026-06-29,legacy_hr_system,employees.csv,3973,3973,Thiago Benjamin,Medina,D004,Sales,Permanent,143253.45,,,,,Fair,Good,Poor,Good,Fair,0
2026-06-29,legacy_hr_system,employees.csv,3974,3974,Thiago Ezequiel,Perez,D004,Sales,Permanent,88634.12,,,,,Good,Good,Excellent,Good,Fair,0
2026-06-29,legacy_hr_system,employees.csv,3975,3975,Juan Martin,Moyano,D004,Sales,Permanent,119212.18,,,,,Excellent,Good,Excellent,Excellent,Excellent,1
2026-06-29,legacy_hr_system,employees.csv,3976,3976,Maite,Gonzalez,D005,Operations,Permanent,101264.69,,,,,Good,Good,Poor,Good,Good,0
2026-06-29,legacy_hr_system,employees.csv,3977,3977,Milo,Moreno,D005,Operations,Permanent,142409.43,,,,,Excellent,Poor,Good,Fair,Good,1
2026-06-29,legacy_hr_system,employees.csv,3978,3978,Santino Gabriel,Ruiz,D005,Operations,Permanent,120944.75,,,,,Good,Poor,Good,Good,Fair,0
2026-06-29,legacy_hr_system,employees.csv,3979,3979,Maria Victoria,Mendoza,D003,IT,Contractor,,3552.06,5587.71,30-12345678-9,Alpha Consulting,Excellent,Fair,Fair,Good,Fair,0
2026-06-29,legacy_hr_system,employees.csv,3980,3980,Maximo,Lopez,D002,Human Resources,Permanent,140748.56,,,,,Excellent,Good,Fair,Poor,Good,0
2026-06-29,legacy_hr_system,employees.csv,3981,3981,Ciro,Rivero,D002,Human Resources,Permanent,128193.55,,,,,Good,Fair,Poor,Good,Excellent,0
2026-06-29,legacy_hr_system,employees.csv,3982,3982,Valentina,Sanchez,D003,IT,Contractor,,2201.43,4497.21,30-11223344-5,Gamma Consulting,Poor,Good,Poor,Good,Good,0
2026-06-29,legacy_hr_system,employees.csv,3983,3983,Nahiara,Dominguez,D005,Operations,Permanent,104007.29,,,,,Good,Poor,Poor,Good,Poor,0
2026-06-29,legacy_hr_system,employees.csv,3984,3984,Olivia,Sanchez,D002,Human Resources,Permanent,109678.08,,,,,Good,Excellent,Fair,Good,Good,0
2026-06-29,legacy_hr_system,employees.csv,3985,3985,Renata,Hernandez,D002,Human Resources,Contractor,,2700.37,3520.07,30-87654321-0,Beta Consulting,Good,Poor,Good,Good,Good,0
2026-06-29,legacy_hr_system,employees.csv,3986,3986,Ian Benjamin,Rodriguez,D002,Human Resources,Permanent,61279.84,,,,,Good,Poor,Good,Good,Fair,0
2026-06-29,legacy_hr_system,employees.csv,3987,3987,Juan Manuel,Ramos,D002,Human Resources,Contractor,,2465.49,4693.38,30-87654321-0,Beta Consulting,Good,Fair,Good,Excellent,Poor,0
2026-06-29,legacy_hr_system,employees.csv,3988,3988,Lautaro,Fernandez,D001,Finance,Permanent,79554.69,,,,,Excellent,Good,Excellent,Good,Fair,0
2026-06-29,legacy_hr_system,employees.csv,3989,3989,Lautaro Ezequiel,Soria,D005,Operations,Permanent,120470.47,,,,,Fair,Good,Good,Fair,Fair,0
2026-06-29,legacy_hr_system,employees.csv,3990,3990,Camila,Sanchez,D004,Sales,Permanent,177008.05,,,,,Poor,Good,Excellent,Excellent,Excellent,0
2026-06-29,legacy_hr_system,employees.csv,3991,3991,Charo,Maldonado,D005,Operations,Permanent,150691.7,,,,,Good,Good,Good,Good,Good,0
2026-06-29,legacy_hr_system,employees.csv,3992,3992,Benjamin,Rodriguez,D002,Human Resources,Contractor,,4314.83,,30-99887766-1,Delta Consulting,Good,Fair,Good,Poor,Good,1
2026-06-29,legacy_hr_system,employees.csv,3993,3993,Genaro,Pereyra,D003,IT,Contractor,,3934.01,3776.04,30-11223344-5,Gamma Consulting,Good,Excellent,Poor,Excellent,Good,0
2026-06-29,legacy_hr_system,employees.csv,3994,3994,Ambar,Ponce,D003,IT,Contractor,,2484.53,1760.86,30-12345678-9,Alpha Consulting,Good,Good,Fair,Excellent,Excellent,0
2026-06-29,legacy_hr_system,employees.csv,3995,3995,Joaquin,Torres,D001,Finance,Permanent,155584.36,,,,,Good,Excellent,Excellent,Fair,Good,0
2026-06-29,legacy_hr_system,employees.csv,3996,3996,Federico,Diaz,D003,IT,Permanent,166209.72,,,,,Good,Poor,Good,Good,Fair,0
2026-06-29,legacy_hr_system,employees.csv,3997,3997,Joaquin,Duarte,D002,Human Resources,Permanent,103404.68,,,,,Good,Good,Fair,Good,Fair,1
2026-06-29,legacy_hr_system,employees.csv,3998,3998,Tomàs,Correa,D001,Finance,Permanent,112381.45,,,,,Good,Good,Excellent,Excellent,Fair,0
2026-06-29,legacy_hr_system,employees.csv,3999,3999,Santiago,Rodriguez,D005,Operations,Permanent,97384.14,,,,,Good,Excellent,Good,Poor,Good,0
2026-06-29,legacy_hr_system,employees.csv,4000,4000,Joaquin,Coronel,D003,IT,Permanent,131479.61,,,,,Good,Excellent,Good,Good,Good,0
2026-06-29,legacy_hr_system,employees.csv,4001,4001,Thiago Benjamin,Mendoza,D005,Operations,Contractor,,3899.95,2757.23,30-99887766-1,Delta Consulting,Good,Good,Good,Poor,Good,0
2026-06-29,legacy_hr_system,employees.csv,4002,4002,Renata,Morales,D001,Finance,Permanent,132283.16,,,,,Excellent,Good,Poor,Excellent,Good,0
2026-06-29,legacy_hr_system,employees.csv,4003,4003,Julian,Aguero,D003,IT,Contractor,,2778.66,4613.39,30-87654321-0,Beta Consulting,Good,Good,Poor,Excellent,Poor,0
2026-06-29,legacy_hr_system,employees.csv,4004,4004,Mateo,Garcia,D002,Human Resources,Permanent,133769.82,,,,,Fair,Poor,Good,Good,Good,1
2026-06-29,legacy_hr_system,employees.csv,4005,4005,Olivia,Perez,D003,IT,Contractor,,2849.44,4396.41,30-87654321-0,Beta Consulting,Excellent,Fair,Good,Excellent,Good,0
2026-06-29,legacy_hr_system,employees.csv,4006,4006,Alma,Nuñez,D005,Operations,Contractor,,2828.9,5470.32,30-12345678-9,Alpha Consulting,Good,Fair,Poor,Fair,Good,0
2026-06-29,legacy_hr_system,employees.csv,4007,4007,Jazmin,Carrizo,D001,Finance,Permanent,132562.8,,,,,Fair,Good,Fair,Good,Good,0
2026-06-29,legacy_hr_system,employees.csv,4008,4008,Santino,Rodriguez,D003,IT,Permanent,126617.51,,,,,Good,Good,Poor,Excellent,Good,0
2026-06-29,legacy_hr_system,employees.csv,4009,4009,Gonzalo,Gonzalez,D004,Sales,Permanent,81871.45,,,,,Excellent,Good,Poor,Good,Good,0
2026-06-29,legacy_hr_system,employees.csv,4010,4010,Clara,Olivera,D004,Sales,Permanent,108642.61,,,,,Fair,Good,Good,Excellent,Excellent,0
2026-06-29,legacy_hr_system,employees.csv,4011,4011,Catalina,Pereyra,D001,Finance,Permanent,146960.07,,,,,Good,Good,Good,Poor,Poor,0
2026-06-29,legacy_hr_system,employees.csv,4012,4012,Benjamin,Juarez,D002,Human Resources,Contractor,,3030.16,5159.53,30-99887766-1,Delta Consulting,Good,Good,Excellent,Excellent,Good,0
2026-06-29,legacy_hr_system,employees.csv,4013,4013,Charo,Coronel,D003,IT,Permanent,172995.35,,,,,Good,Good,Good,Good,Poor,1
2026-06-29,legacy_hr_system,employees.csv,4014,4014,Paula,Herrera,D005,Operations,Permanent,151158.18,,,,,Excellent,Poor,Fair,Poor,Good,1
2026-06-29,legacy_hr_system,employees.csv,4015,4015,Alma,Flores,D002,Human Resources,Permanent,122794.75,,,,,Good,Good,Good,Excellent,Good,0
2026-06-29,legacy_hr_system,employees.csv,4016,4016,Thiago,Paez,D002,Human Resources,Contractor,,2591.21,1946.45,30-87654321-0,Beta Consulting,Fair,Excellent,Good,Good,Good,1
2026-06-29,legacy_hr_system,employees.csv,4017,4017,Angel Gabriel,Maldonado,D003,IT,Contractor,,2865.29,4173.99,30-12345678-9,Alpha Consulting,Good,Excellent,Good,Good,Good,0
2026-06-29,legacy_hr_system,employees.csv,4018,4018,Nahiara Jazmin,Dominguez,D005,Operations,Permanent,131710.99,,,,,Fair,Excellent,Fair,Poor,Fair,0
2026-06-29,legacy_hr_system,employees.csv,4019,4019,Olivia,Rodriguez,D005,Operations,Permanent,115382.84,,,,,Poor,Excellent,Poor,Good,Fair,1
2026-06-29,legacy_hr_system,employees.csv,4020,4020,Benicio,Romero,D004,Sales,Permanent,110388.45,,,,,Excellent,Good,Good,Fair,Good,0
2026-06-29,legacy_hr_system,employees.csv,4021,4021,Santino,Medina,D005,Operations,Contractor,,1576.48,3560.03,30-99887766-1,Delta Consulting,Fair,Fair,Fair,Excellent,Good,0
2026-06-29,legacy_hr_system,employees.csv,4022,4022,Genaro,Muñoz,D001,Finance,Permanent,134299.53,,,,,Good,Good,Fair,Fair,Good,0
2026-06-29,legacy_hr_system,employees.csv,4023,4023,Tomas Benjamin,Fernandez,D001,Finance,Contractor,,4372.73,4402.47,30-12345678-9,Alpha Consulting,Fair,Good,Poor,Fair,Good,0
2026-06-29,legacy_hr_system,employees.csv,4024,4024,Juan Martin,Aguero,D004,Sales,Permanent,129834.33,,,,,Fair,Fair,Poor,Good,Poor,0
2026-06-29,legacy_hr_system,employees.csv,4025,4025,Victoria,Quiroga,D002,Human Resources,Contractor,,3761.98,3689.11,30-11223344-5,Gamma Consulting,Fair,Fair,Fair,Fair,Fair,0
2026-06-29,legacy_hr_system,employees.csv,4026,4026,Zoe Valentina,Torres,D003,IT,Contractor,,3293.45,3759.51,30-99887766-1,Delta Consulting,Good,Good,Good,Good,Good,0
2026-06-29,legacy_hr_system,employees.csv,4027,4027,Ana Paula,Dominguez,D002,Human Resources,Permanent,145944.73,,,,,Good,Good,Excellent,Excellent,Fair,0
2026-06-29,legacy_hr_system,employees.csv,4028,4028,Agustin,Ramirez,D004,Sales,Permanent,124542.09,,,,,Good,Good,Good,Excellent,Excellent,0
2026-06-29,legacy_hr_system,employees.csv,4029,4029,Santiago,Velazquez,D002,Human Resources,Permanent,128953.55,,,,,Good,Fair,Fair,Fair,Excellent,0
2026-06-29,legacy_hr_system,employees.csv,4030,4030,Gino,Correa,D001,Finance,Permanent,96522.04,,,,,Good,Excellent,Fair,Excellent,Good,0
2026-06-29,legacy_hr_system,employees.csv,4031,4031,Benjamin,Sosa,D003,IT,Contractor,,3565.63,6584.71,30-11223344-5,Gamma Consulting,Poor,Good,Good,Fair,Excellent,0
2026-06-29,legacy_hr_system,employees.csv,4032,4032,Isabella,Cordoba,D003,IT,Permanent,89762.65,,,,,Poor,Good,Good,Excellent,Good,0
2026-06-29,legacy_hr_system,employees.csv,4033,4033,Juan Cruz,Acosta,D002,Human Resources,Permanent,109807.23,,,,,Fair,Good,Fair,Good,Good,0
2026-06-29,legacy_hr_system,employees.csv,4034,4034,Sofía,Ruiz,D004,Sales,Contractor,,3185.29,5286.41,30-99887766-1,Delta Consulting,Poor,Fair,Fair,Good,Fair,0
2026-06-29,legacy_hr_system,employees.csv,4035,4035,Tomas,Rodriguez,D004,Sales,Permanent,103213.61,,,,,Good,Excellent,Good,Poor,Fair,0
2026-06-29,legacy_hr_system,employees.csv,4036,4036,Pedro,Soria,D004,Sales,Permanent,35009.09,,,,,Fair,Poor,Excellent,Good,Good,0
2026-06-29,legacy_hr_system,employees.csv,4037,4037,Isabel,Velazquez,D005,Operations,Permanent,160775.68,,,,,Excellent,Good,Good,Excellent,Good,0
2026-06-29,legacy_hr_system,employees.csv,4038,4038,Jazmín,Barrios,D002,Human Resources,Permanent,142815.18,,,,,Good,Good,Good,Good,Good,0
2026-06-29,legacy_hr_system,employees.csv,4039,4039,Abril,Garcia,D005,Operations,Contractor,,1605.64,3892.43,30-99887766-1,Delta Consulting,Fair,Good,Good,Fair,Good,0
2026-06-29,legacy_hr_system,employees.csv,4040,4040,Santiago,Fernandez,D004,Sales,Permanent,167045.47,,,,,Good,Poor,Good,Excellent,Excellent,1
2026-06-29,legacy_hr_system,employees.csv,4041,4041,Maximo,Silva,D003,IT,Permanent,163433.89,,,,,Excellent,Good,Excellent,Good,Fair,0
2026-06-29,legacy_hr_system,employees.csv,4042,4042,Jazmín,Gimenez,D001,Finance,Contractor,,3750.91,4323.89,30-12345678-9,Alpha Consulting,Poor,Fair,Good,Good,Good,0
2026-06-29,legacy_hr_system,employees.csv,4043,4043,Juan Ignacio,Figueroa,D005,Operations,Permanent,122489.62,,,,,Good,Good,Excellent,Good,Excellent,0
2026-06-29,legacy_hr_system,employees.csv,4044,4044,Julieta,Peralta,D003,IT,Permanent,116072.23,,,,,Excellent,Good,Poor,Good,Fair,0
2026-06-29,legacy_hr_system,employees.csv,4045,4045,Manuel,Hernandez,D003,IT,Permanent,153847.19,,,,,Good,Good,Good,Good,Good,1
2026-06-29,legacy_hr_system,employees.csv,4046,4046,Mateo,Acosta,D002,Human Resources,Permanent,93724.73,,,,,Poor,Poor,Poor,Good,Fair,0
2026-06-29,legacy_hr_system,employees.csv,4047,4047,Juan Ignacio,Dominguez,D002,Human Resources,Contractor,,2355.36,5510.27,30-11223344-5,Gamma Consulting,Fair,Fair,Good,Good,Good,0
2026-06-29,legacy_hr_system,employees.csv,4048,4048,Emma,Diaz,D002,Human Resources,Permanent,118669.16,,,,,Good,Poor,Good,Good,Fair,1
2026-06-29,legacy_hr_system,employees.csv,4049,4049,Zoe,Dominguez,D004,Sales,Permanent,161354.02,,,,,Fair,Poor,Good,Good,Fair,0
2026-06-29,legacy_hr_system,employees.csv,4050,4050,Catalina,Benitez,D002,Human Resources,Permanent,99854.63,,,,,Fair,Poor,Good,Good,Fair,0
2026-06-29,legacy_hr_system,employees.csv,4051,4051,Thiago Agustin,Fernandez,D004,Sales,Contractor,,2956.18,3577.59,30-99887766-1,Delta Consulting,Excellent,Good,Fair,Good,Poor,0
2026-06-29,legacy_hr_system,employees.csv,4052,4052,Alexander,Barrios,D001,Finance,Permanent,120220.88,,,,,Poor,Fair,Good,Excellent,Fair,0
2026-06-29,legacy_hr_system,employees.csv,4053,4053,Bautista Benjamin,Diaz,D005,Operations,Permanent,75643.59,,,,,Fair,Good,Excellent,Excellent,Good,0
2026-06-29,legacy_hr_system,employees.csv,4054,4054,Valentina,Herrera,D002,Human Resources,Permanent,,,,,,Excellent,Fair,Fair,Good,Good,0
2026-06-29,legacy_hr_system,employees.csv,4055,4055,Alfonsina,Gomez,D003,IT,Contractor,,1851.0,5193.92,30-99887766-1,Delta Consulting,Excellent,Good,Poor,Good,Good,0
2026-06-29,legacy_hr_system,employees.csv,4056,4056,Valentino,Rojas,D001,Finance,Permanent,141497.68,,,,,Good,Good,Fair,Good,Poor,0
2026-06-29,legacy_hr_system,employees.csv,4057,4057,Ian Benjamin,Gomez,D005,Operations,Permanent,68092.12,,,,,Excellent,Excellent,Excellent,Good,Good,1
2026-06-29,legacy_hr_system,employees.csv,4058,4058,Helena,Hernandez,D001,Finance,Permanent,160016.57,,,,,Good,Good,Poor,Good,Good,0
2026-06-29,legacy_hr_system,employees.csv,4059,4059,Isabel,Vazquez,D003,IT,Contractor,,4997.93,4546.01,30-12345678-9,Alpha Consulting,Excellent,Good,Good,Fair,Good,0
2026-06-29,legacy_hr_system,employees.csv,4060,4060,Juan Martin,Moreno,D003,IT,Permanent,100766.57,,,,,Poor,Good,Fair,Good,Excellent,0
2026-06-29,legacy_hr_system,employees.csv,4061,4061,Thiago,Vera,D005,Operations,Contractor,,5259.46,3181.03,30-99887766-1,Delta Consulting,Excellent,Good,Excellent,Poor,Good,0
2026-06-29,legacy_hr_system,employees.csv,4062,4062,Abril,Alvarez,D005,Operations,Unknown,120603.19,,,,,Good,Good,Excellent,Good,Fair,0
2026-06-29,legacy_hr_system,employees.csv,4063,4063,Santino Benjamin,Castro,D002,Human Resources,Contractor,,3143.7,5845.15,30-99887766-1,Delta Consulting,Good,Good,Good,Good,Good,0
2026-06-29,legacy_hr_system,employees.csv,4064,4064,Jazmín,Cordoba,D004,Sales,Permanent,130792.17,,,,,Good,Poor,Good,Good,Poor,0
2026-06-29,legacy_hr_system,employees.csv,4065,4065,Delfina,Gomez,D001,Finance,Permanent,105040.98,,,,,Good,Good,Good,Good,Good,0
2026-06-29,legacy_hr_system,employees.csv,4066,4066,Catalina,Gomez,D005,Operations,Contractor,,2239.05,4158.18,30-87654321-0,Beta Consulting,Good,Excellent,Fair,Fair,Poor,0
2026-06-29,legacy_hr_system,employees.csv,4067,4067,Thiago Nicolas,Maidana,D001,Finance,Permanent,89792.18,,,,,Good,Fair,Good,Good,Good,0
2026-06-29,legacy_hr_system,employees.csv,4068,4068,Maria Emilia,Gomez,D005,Operations,Contractor,,3038.26,3935.8,30-11223344-5,Gamma Consulting,Good,Fair,Fair,Good,Good,1
2026-06-29,legacy_hr_system,employees.csv,4069,4069,Guadalupe,Roldan,D005,Operations,Permanent,75178.87,,,,,Excellent,Fair,Fair,Good,Poor,0
2026-06-29,legacy_hr_system,employees.csv,4070,4070,Benjamin Alejandro,Silva,D001,Finance,Permanent,157654.37,,,,,Good,Good,Good,Fair,Good,0
2026-06-29,legacy_hr_system,employees.csv,4071,4071,Benjamin,Rodriguez,D001,Finance,Contractor,,2601.86,3231.86,30-87654321-0,Beta Consulting,Excellent,Fair,Good,Good,Poor,0
2026-06-29,legacy_hr_system,employees.csv,4072,4072,Mateo Benjamin,Farias,D004,Sales,Contractor,,2865.39,4568.37,30-11223344-5,Gamma Consulting,Good,Excellent,Fair,Fair,Excellent,0
2026-06-29,legacy_hr_system,employees.csv,4073,4073,Giovanni,Sanchez,D002,Human Resources,Permanent,67606.0,,,,,Good,Good,Excellent,Fair,Fair,0
2026-06-29,legacy_hr_system,employees.csv,4074,4074,Guadalupe,Peralta,D001,Finance,Permanent,129949.43,,,,,Excellent,Fair,Poor,Excellent,Excellent,0
2026-06-29,legacy_hr_system,employees.csv,4075,4075,Violeta,Gutierrez,D002,Human Resources,Contractor,,2162.27,6211.03,30-99887766-1,Delta Consulting,Good,Good,Good,Good,Excellent,0
2026-06-29,legacy_hr_system,employees.csv,4076,4076,Juan Martin,Diaz,D004,Sales,Contractor,,3419.17,4100.1,30-11223344-5,Gamma Consulting,Good,Excellent,Good,Good,Good,0
2026-06-29,legacy_hr_system,employees.csv,4077,4077,Camila,Rojas,D001,Finance,Permanent,97644.97,,,,,Good,Fair,Good,Good,Poor,0
2026-06-29,legacy_hr_system,employees.csv,4078,4078,Malena,Fernandez,D004,Sales,Contractor,,2916.03,5112.79,30-99887766-1,Delta Consulting,Poor,Fair,Good,Good,Good,0
2026-06-29,legacy_hr_system,employees.csv,4079,4079,Thiago Joaquin,Miranda,D005,Operations,Unknown,,2979.6,4282.84,30-99887766-1,Delta Consulting,Good,Good,Good,Good,Good,0
2026-06-29,legacy_hr_system,employees.csv,4080,4080,Guillermina,Medina,D003,IT,Contractor,,3046.7,3896.14,30-11223344-5,Gamma Consulting,Good,Poor,Good,Fair,Good,1
2026-06-29,legacy_hr_system,employees.csv,4081,4081,Juan Martin,Fernandez,D001,Finance,Permanent,109703.82,,,,,Fair,Fair,Good,Good,Good,0
2026-06-29,legacy_hr_system,employees.csv,4082,4082,Vicente,Figueroa,D001,Finance,Contractor,,1331.37,5473.73,30-11223344-5,Gamma Consulting,Excellent,Fair,Poor,Good,Good,0
2026-06-29,legacy_hr_system,employees.csv,4083,4083,Federico,Juarez,D005,Operations,Permanent,128963.93,,,,,Good,Good,Good,Excellent,Poor,1
2026-06-29,legacy_hr_system,employees.csv,4084,4084,Josefina,Olivera,D002,Human Resources,Contractor,,2381.24,6398.73,30-99887766-1,Delta Consulting,Fair,Excellent,Good,Good,Good,0
2026-06-29,legacy_hr_system,employees.csv,4085,4085,Juan Ignacio,Franco,D002,Human Resources,Permanent,122610.49,,,,,Good,Excellent,Fair,Good,Fair,0
2026-06-29,legacy_hr_system,employees.csv,4086,4086,Lucia,Suarez,D004,Sales,Contractor,,2171.09,5356.74,30-11223344-5,Gamma Consulting,Fair,Excellent,Good,Good,Good,0
2026-06-29,legacy_hr_system,employees.csv,4087,4087,Milena,Aguirre,D001,Finance,Permanent,131941.45,,,,,Poor,Good,Excellent,Good,Good,0
2026-06-29,legacy_hr_system,employees.csv,4088,4088,Federico,Alvarez,D002,Human Resources,Contractor,,3315.66,4074.24,30-87654321-0,Beta Consulting,Excellent,Good,Excellent,Good,Good,0
2026-06-29,legacy_hr_system,employees.csv,4089,4089,Lautaro Gabriel,Romero,D002,Human Resources,Permanent,133514.87,,,,,Poor,Excellent,Excellent,Good,Good,0
2026-06-29,legacy_hr_system,employees.csv,4090,4090,Ezequiel,Diaz,D003,IT,Permanent,112147.25,,,,,Fair,Good,Excellent,Fair,Good,0
2026-06-29,legacy_hr_system,employees.csv,4091,4091,Maria Paz,Correa,D003,IT,Permanent,136678.24,,,,,Excellent,Good,Good,Good,Poor,0
2026-06-29,legacy_hr_system,employees.csv,4092,4092,Constanza,Rodriguez,D004,Sales,Permanent,62851.67,,,,,Good,Excellent,Poor,Good,Excellent,0
2026-06-29,legacy_hr_system,employees.csv,4093,4093,Santino Ezequiel,Lopez,D004,Sales,Contractor,,2652.9,6222.16,30-99887766-1,Delta Consulting,Good,Good,Good,Poor,Fair,0
2026-06-29,legacy_hr_system,employees.csv,4094,4094,Pilar,Ruiz,D005,Operations,Contractor,,2386.35,3896.16,30-87654321-0,Beta Consulting,Good,Good,Fair,Fair,Poor,0
2026-06-29,legacy_hr_system,employees.csv,4095,4095,Dylan Benjamin,Dominguez,D003,IT,Permanent,,,,,,Excellent,Fair,Good,Good,Fair,0
2026-06-29,legacy_hr_system,employees.csv,4096,4096,Juan Francisco,Olivera,D005,Operations,Contractor,,2028.16,2291.72,30-87654321-0,Beta Consulting,Good,Poor,Excellent,Good,Fair,0
2026-06-29,legacy_hr_system,employees.csv,4097,4097,Manuel,Romero,D003,IT,Contractor,,2815.53,4635.86,30-99887766-1,Delta Consulting,Poor,Fair,Good,Excellent,Poor,0
2026-06-29,legacy_hr_system,employees.csv,4098,4098,Agostina,Olivera,D003,IT,Permanent,118424.85,,,,,Excellent,Good,Good,Good,Fair,1
2026-06-29,legacy_hr_system,employees.csv,4099,4099,Matilda,Ruiz,D004,Sales,Permanent,115653.64,,,,,Excellent,Excellent,Poor,Good,Fair,0
2026-06-29,legacy_hr_system,employees.csv,4100,4100,Bruno,Garcia,D001,Finance,Contractor,,3034.43,5522.84,30-99887766-1,Delta Consulting,Excellent,Fair,Good,Fair,Good,0
2026-06-29,legacy_hr_system,employees.csv,4101,4101,Genaro,Diaz,D004,Sales,Contractor,,11390.56,3925.92,30-87654321-0,Beta Consulting,Good,Good,Fair,Good,Excellent,0
2026-06-29,legacy_hr_system,employees.csv,4102,4102,Jazmín,Ruiz,D005,Operations,Permanent,111566.24,,,,,Good,Good,Fair,Good,Excellent,0
2026-06-29,legacy_hr_system,employees.csv,4103,4103,Valentino,Cardozo,D003,IT,Permanent,,,,,,Good,Good,Good,Good,Excellent,0
2026-06-29,legacy_hr_system,employees.csv,4104,4104,Clara,Cordoba,D001,Finance,Permanent,162360.81,,,,,Good,Excellent,Good,Good,Fair,0
2026-06-29,legacy_hr_system,employees.csv,4105,4105,Juan Francisco,Vega,D002,Human Resources,Unknown,101155.69,,,,,Good,Poor,Good,Poor,Good,0
2026-06-29,legacy_hr_system,employees.csv,4106,4106,Facundo,Lopez,D002,Human Resources,Permanent,122968.01,,,,,Fair,Excellent,Good,Good,Good,0
2026-06-29,legacy_hr_system,employees.csv,4107,4107,Valentino,Ledesma,D002,Human Resources,Permanent,130150.72,,,,,Excellent,Excellent,Excellent,Excellent,Fair,0
2026-06-29,legacy_hr_system,employees.csv,4108,4108,Juana,Fernandez,D002,Human Resources,Contractor,,2205.94,4520.42,30-11223344-5,Gamma Consulting,Fair,Good,Excellent,Excellent,Excellent,0
2026-06-29,legacy_hr_system,employees.csv,4109,4109,Delfina,Cardozo,D005,Operations,Permanent,76029.78,,,,,Good,Excellent,Fair,Excellent,Good,0
2026-06-29,legacy_hr_system,employees.csv,4110,4110,Abril,Gonzalez,D002,Human Resources,Permanent,66928.49,,,,,Fair,Good,Good,Poor,Good,0
2026-06-29,legacy_hr_system,employees.csv,4111,4111,Ian Benjamin,Silva,D001,Finance,Contractor,,3293.4,4116.13,30-12345678-9,Alpha Consulting,Poor,Good,Good,Poor,Good,0
2026-06-29,legacy_hr_system,employees.csv,4112,4112,Agostina,Olivera,D003,IT,Contractor,,,4482.11,30-87654321-0,Beta Consulting,Good,Good,Fair,Poor,Good,0
2026-06-29,legacy_hr_system,employees.csv,4113,4113,Felipe,Duarte,D001,Finance,Unknown,90708.0,,,,,Fair,Good,Good,Excellent,Poor,0
2026-06-29,legacy_hr_system,employees.csv,4114,4114,Pedro,Mansilla,D005,Operations,Permanent,118642.37,,,,,Excellent,Excellent,Poor,Poor,Fair,0
2026-06-29,legacy_hr_system,employees.csv,4115,4115,Gabriel,Gomez,D005,Operations,Permanent,83006.96,,,,,Poor,Fair,Excellent,Fair,Poor,0
2026-06-29,legacy_hr_system,employees.csv,4116,4116,Martin,Lopez,D005,Operations,Contractor,,4112.78,3144.03,30-87654321-0,Beta Consulting,Fair,Excellent,Good,Good,Excellent,1
2026-06-29,legacy_hr_system,employees.csv,4117,4117,Isabella,Chavez,D002,Human Resources,Permanent,114126.44,,,,,Good,Good,Excellent,Fair,Good,0
2026-06-29,legacy_hr_system,employees.csv,4118,4118,Lara,Luna,D004,Sales,Permanent,88731.85,,,,,Excellent,Fair,Fair,Excellent,Excellent,0
2026-06-29,legacy_hr_system,employees.csv,4119,4119,Faustino,Morales,D005,Operations,Permanent,137112.64,,,,,Good,Good,Poor,Good,Fair,0
2026-06-29,legacy_hr_system,employees.csv,4120,4120,Lola,Gonzalez,D001,Finance,Permanent,110057.06,,,,,Fair,Good,Good,Excellent,Good,1
2026-06-29,legacy_hr_system,employees.csv,4121,4121,Emma,Suarez,D005,Operations,Permanent,104440.0,,,,,Excellent,Good,Excellent,Excellent,Excellent,0
2026-06-29,legacy_hr_system,employees.csv,4122,4122,Luciano,Moyano,D003,IT,Contractor,,3682.56,4529.43,30-99887766-1,Delta Consulting,Good,Fair,Excellent,Excellent,Good,0
2026-06-29,legacy_hr_system,employees.csv,4123,4123,Jeremias,Torres,D003,IT,Permanent,135499.33,,,,,Fair,Good,Good,Good,Excellent,0
2026-06-29,legacy_hr_system,employees.csv,4124,4124,Helena,Arias,D003,IT,Contractor,,2214.94,3095.18,30-12345678-9,Alpha Consulting,Good,Excellent,Good,Good,Good,0
2026-06-29,legacy_hr_system,employees.csv,4125,4125,Milagros,Ramos,D002,Human Resources,Permanent,123216.24,,,,,Good,Good,Excellent,Fair,Good,0
2026-06-29,legacy_hr_system,employees.csv,4126,4126,Santino Ezequiel,Ferreyra,D005,Operations,Permanent,110434.61,,,,,Fair,Good,Fair,Poor,Good,0
2026-06-29,legacy_hr_system,employees.csv,4127,4127,Victoria,Ferreyra,D003,IT,Contractor,,3501.15,4420.09,30-11223344-5,Gamma Consulting,Poor,Good,Good,Fair,Excellent,1
2026-06-29,legacy_hr_system,employees.csv,4128,4128,Guadalupe,Gomez,D004,Sales,Permanent,126152.26,,,,,Good,Poor,Good,Fair,Good,0
2026-06-29,legacy_hr_system,employees.csv,4129,4129,Catalina,Aguirre,D001,Finance,Contractor,,1701.29,6388.44,30-87654321-0,Beta Consulting,Excellent,Good,Excellent,Excellent,Fair,0
2026-06-29,legacy_hr_system,employees.csv,4130,4130,Valentina ,Gimenez,D004,Sales,Contractor,,2868.61,5197.59,30-99887766-1,Delta Consulting,Good,Excellent,Good,Excellent,Excellent,0
2026-06-29,legacy_hr_system,employees.csv,4131,4131,Benjamin,Silva,D004,Sales,Permanent,94917.25,,,,,Excellent,Good,Fair,Good,Poor,0
2026-06-29,legacy_hr_system,employees.csv,4132,4132,Franco,Perez,D001,Finance,Permanent,129240.3,,,,,Good,Good,Good,Fair,Good,0
2026-06-29,legacy_hr_system,employees.csv,4133,4133,Thiago Valentin,Arias,D005,Operations,Permanent,80914.66,,,,,Poor,Good,Excellent,Fair,Fair,0
2026-06-29,legacy_hr_system,employees.csv,4134,4134,Joaquin,Suarez,D001,Finance,Permanent,133562.04,,,,,Good,Excellent,Good,Good,Excellent,0
2026-06-29,legacy_hr_system,employees.csv,4135,4135,Mia Valentina,Benitez,D005,Operations,Permanent,109320.78,,,,,Excellent,Excellent,Poor,Poor,Good,1
2026-06-29,legacy_hr_system,employees.csv,4136,4136,Franco,Gomez,D004,Sales,Permanent,120875.72,,,,,Good,Good,Good,Excellent,Fair,0
2026-06-29,legacy_hr_system,employees.csv,4137,4137,Isabella,Bustos,D005,Operations,Permanent,140939.22,,,,,Excellent,Good,Good,Fair,Good,0
2026-06-29,legacy_hr_system,employees.csv,4138,4138,Violeta,Lopez,D001,Finance,Contractor,,2013.97,3815.51,30-99887766-1,Delta Consulting,Fair,Good,Fair,Excellent,Excellent,0
2026-06-29,legacy_hr_system,employees.csv,4139,4139,Nina,Gonzalez,D001,Finance,Permanent,133719.73,,,,,Poor,Poor,Good,Good,Excellent,0
2026-06-29,legacy_hr_system,employees.csv,4140,4140,Lautaro Benjamin,Rojas,D002,Human Resources,Permanent,182946.64,,,,,Excellent,Excellent,Good,Good,Good,0
2026-06-29,legacy_hr_system,employees.csv,4141,4141,Nina,Suarez,D005,Operations,Permanent,115857.53,,,,,Good,Good,Good,Fair,Good,1
2026-06-29,legacy_hr_system,employees.csv,4142,4142,Maximo,Nuñez,D002,Human Resources,Contractor,,3472.91,4393.03,30-87654321-0,Beta Consulting,Good,Fair,Fair,Fair,Good,0
2026-06-29,legacy_hr_system,employees.csv,4143,4143,Luz Milagros,Caceres,D003,IT,Permanent,178267.37,,,,,Fair,Good,Good,Good,Excellent,0
2026-06-29,legacy_hr_system,employees.csv,4144,4144,Juan Ignacio,Navarro,D005,Operations,Permanent,67583.35,,,,,Good,Good,Good,Good,Good,0
2026-06-29,legacy_hr_system,employees.csv,4145,4145,Lucía ,Mendoza,D003,IT,Contractor,,3075.7,2874.46,30-99887766-1,Delta Consulting,Fair,Good,Fair,Good,Good,0
2026-06-29,legacy_hr_system,employees.csv,4146,4146,Joaquin,Juarez,D004,Sales,Permanent,,,,,,Fair,Excellent,Good,Poor,Fair,1
2026-06-29,legacy_hr_system,employees.csv,4147,4147,Joaquin,Castro,D003,IT,Contractor,,3237.97,,30-99887766-1,Delta Consulting,Good,Excellent,Excellent,Good,Good,0
2026-06-29,legacy_hr_system,employees.csv,4148,4148,Juan,Gomez,D001,Finance,Permanent,111454.89,,,,,Fair,Excellent,Good,Excellent,Fair,1
2026-06-29,legacy_hr_system,employees.csv,4149,4149,Valentino,Diaz,D002,Human Resources,Contractor,,2915.04,7598.3,30-99887766-1,Delta Consulting,Good,Excellent,Fair,Good,Excellent,0
2026-06-29,legacy_hr_system,employees.csv,4150,4150,Mateo,Ortiz,D003,IT,Permanent,112254.75,,,,,Good,Good,Good,Fair,Fair,1
2026-06-29,legacy_hr_system,employees.csv,4151,4151,Mia Jazmin,Gonzalez,D003,IT,Permanent,135303.73,,,,,Fair,Poor,Excellent,Excellent,Good,1
2026-06-29,legacy_hr_system,employees.csv,4152,4152,Giovanni,Gimenez,D003,IT,Permanent,100519.06,,,,,Good,Good,Good,Fair,Excellent,0
2026-06-29,legacy_hr_system,employees.csv,4153,4153,Guadalupe,Molina,D003,IT,Permanent,128856.98,,,,,Good,Good,Good,Excellent,Good,0
2026-06-29,legacy_hr_system,employees.csv,4154,4154,Pedro,Leiva,D001,Finance,Permanent,112852.99,,,,,Poor,Good,Good,Good,Poor,0
2026-06-29,legacy_hr_system,employees.csv,4155,4155,Benjamin,Garcia,D003,IT,Permanent,107684.45,,,,,Good,Good,Good,Good,Fair,0
2026-06-29,legacy_hr_system,employees.csv,4156,4156,Rosario,Gutierrez,D005,Operations,Contractor,,4455.12,5677.18,30-99887766-1,Delta Consulting,Good,Good,Fair,Good,Fair,0
2026-06-29,legacy_hr_system,employees.csv,4157,4157,Sofia Belen,Dominguez,D003,IT,Contractor,,3109.4,2195.79,30-11223344-5,Gamma Consulting,Good,Poor,Excellent,Good,Fair,0
2026-06-29,legacy_hr_system,employees.csv,4158,4158,Tomàs,Silva,D005,Operations,Permanent,109169.72,,,,,Good,Good,Good,Good,Fair,0
2026-06-29,legacy_hr_system,employees.csv,4159,4159,Juliana,Pereyra,D003,IT,Contractor,,5162.42,4269.34,30-12345678-9,Alpha Consulting,Excellent,Good,Excellent,Good,Good,1
2026-06-29,legacy_hr_system,employees.csv,4160,4160,Lucas Ezequiel,Sosa,D004,Sales,Permanent,153096.53,,,,,Good,Poor,Poor,Good,Fair,1
2026-06-29,legacy_hr_system,employees.csv,4161,4161,Mateo Benjamin,Diaz,D001,Finance,Contractor,,4153.55,4718.96,30-99887766-1,Delta Consulting,Excellent,Good,Fair,Good,Fair,0
2026-06-29,legacy_hr_system,employees.csv,4162,4162,Santino,Maldonado,D005,Operations,Contractor,,2326.54,2064.69,30-87654321-0,Beta Consulting,Fair,Poor,Good,Fair,Excellent,0
2026-06-29,legacy_hr_system,employees.csv,4163,4163,Emma,Lopez,D001,Finance,Permanent,140524.9,,,,,Good,Poor,Good,Good,Excellent,0
2026-06-29,legacy_hr_system,employees.csv,4164,4164,Julieta,Miranda,D003,IT,Permanent,95557.32,,,,,Good,Excellent,Excellent,Excellent,Excellent,0
2026-06-29,legacy_hr_system,employees.csv,4165,4165,Gino,Juarez,D002,Human Resources,Permanent,125284.51,,,,,Excellent,Poor,Fair,Excellent,Poor,0
2026-06-29,legacy_hr_system,employees.csv,4166,4166,Delfina,Sosa,D005,Operations,Permanent,82505.39,,,,,Fair,Poor,Good,Good,Excellent,1
2026-06-29,legacy_hr_system,employees.csv,4167,4167,Valentino,Rios,D001,Finance,Permanent,112042.87,,,,,Fair,Good,Fair,Good,Excellent,0
2026-06-29,legacy_hr_system,employees.csv,4168,4168,Bautista,Perez,D004,Sales,Contractor,,3026.98,4768.59,30-99887766-1,Delta Consulting,Good,Fair,Fair,Good,Fair,0
2026-06-29,legacy_hr_system,employees.csv,4169,4169,Olivia,Barrios,D001,Finance,Contractor,,2108.14,5696.91,30-11223344-5,Gamma Consulting,Excellent,Fair,Excellent,Good,Good,0
2026-06-29,legacy_hr_system,employees.csv,4170,4170,Camila,Rodriguez,D004,Sales,Permanent,102093.16,,,,,Fair,Good,Good,Fair,Good,0
2026-06-29,legacy_hr_system,employees.csv,4171,4171,Valentina,Flores,D005,Operations,Contractor,,1660.42,4390.98,30-11223344-5,Gamma Consulting,Fair,Fair,Good,Good,Good,0
2026-06-29,legacy_hr_system,employees.csv,4172,4172,Juliana,Rojas,D004,Sales,Permanent,121031.26,,,,,Fair,Good,Fair,Good,Good,0
2026-06-29,legacy_hr_system,employees.csv,4173,4173,Bautista,Ponce,D003,IT,Permanent,124817.68,,,,,Good,Good,Good,Good,Fair,0
2026-06-29,legacy_hr_system,employees.csv,4174,4174,Jeronimo,Quiroga,D004,Sales,Permanent,160863.97,,,,,Good,Good,Excellent,Good,Good,0
2026-06-29,legacy_hr_system,employees.csv,4175,4175,Santiago,Torres,D005,Operations,Permanent,112906.53,,,,,Excellent,Good,Fair,Good,Poor,0
2026-06-29,legacy_hr_system,employees.csv,4176,4176,Milagros,Paz,D004,Sales,Contractor,,2904.3,3396.82,30-87654321-0,Beta Consulting,Good,Fair,Good,Good,Poor,0
2026-06-29,legacy_hr_system,employees.csv,4177,4177,Sofía,Flores,D001,Finance,Contractor,,3656.44,4684.31,30-99887766-1,Delta Consulting,Good,Good,Good,Poor,Excellent,0
2026-06-29,legacy_hr_system,employees.csv,4178,4178,Felipe,Toledo,D001,Finance,Contractor,,2663.98,,30-12345678-9,Alpha Consulting,Excellent,Good,Excellent,Excellent,Excellent,0
2026-06-29,legacy_hr_system,employees.csv,4179,4179,Lorenzo,Gonzalez,D003,IT,Contractor,,4155.53,3272.32,30-12345678-9,Alpha Consulting,Fair,Excellent,Good,Good,Excellent,0
2026-06-29,legacy_hr_system,employees.csv,4180,4180,Juan Martin,Rodriguez,D005,Operations,Contractor,,2526.98,4858.34,30-11223344-5,Gamma Consulting,Good,Good,Excellent,Good,Good,0
2026-06-29,legacy_hr_system,employees.csv,4181,4181,Juan Ignacio,Gomez,D005,Operations,Permanent,84103.26,,,,,Fair,Fair,Good,Good,Good,0
2026-06-29,legacy_hr_system,employees.csv,4182,4182,Manuel,Rodriguez,D004,Sales,Contractor,,1805.19,2376.05,30-99887766-1,Delta Consulting,Fair,Good,Fair,Fair,Good,1
2026-06-29,legacy_hr_system,employees.csv,4183,4183,Santino Benjamin,Torres,D002,Human Resources,Permanent,141629.91,,,,,Excellent,Poor,Poor,Fair,Fair,0
2026-06-29,legacy_hr_system,employees.csv,4184,4184,Ignacio,Perez,D005,Operations,Contractor,,2563.85,7427.27,30-12345678-9,Alpha Consulting,Excellent,Good,Good,Excellent,Excellent,0
2026-06-29,legacy_hr_system,employees.csv,4185,4185,Joaquina,Martinez,D002,Human Resources,Contractor,,2204.52,3578.55,30-99887766-1,Delta Consulting,Good,Excellent,Fair,Good,Good,1
2026-06-29,legacy_hr_system,employees.csv,4186,4186,Benjamin,Alvarez,D005,Operations,Contractor,,2547.69,4743.13,30-87654321-0,Beta Consulting,Excellent,Good,Good,Good,Good,0
2026-06-29,legacy_hr_system,employees.csv,4187,4187,León,Alvarez,D003,IT,Contractor,,2623.84,5112.33,30-11223344-5,Gamma Consulting,Good,Excellent,Excellent,Excellent,Good,0
2026-06-29,legacy_hr_system,employees.csv,4188,4188,Santino,Blanco,D003,IT,Permanent,90642.35,,,,,Good,Good,Fair,Good,Poor,0
2026-06-29,legacy_hr_system,employees.csv,4189,4189,Joaquin,Ojeda,D004,Sales,Contractor,,1894.73,2701.79,30-11223344-5,Gamma Consulting,Excellent,Good,Excellent,Excellent,Good,0
2026-06-29,legacy_hr_system,employees.csv,4190,4190,Julieta,Paz,D003,IT,Permanent,53292.77,,,,,Good,Excellent,Fair,Good,Fair,0
2026-06-29,legacy_hr_system,employees.csv,4191,4191,Morena,Pereyra,D005,Operations,Permanent,104457.93,,,,,Good,Excellent,Excellent,Excellent,Good,0
2026-06-29,legacy_hr_system,employees.csv,4192,4192,Constanza,Guzman,D005,Operations,Contractor,,2759.22,3868.56,30-87654321-0,Beta Consulting,Good,Good,Excellent,Excellent,Poor,0
2026-06-29,legacy_hr_system,employees.csv,4193,4193,Nicolas,Cabrera,D001,Finance,Contractor,,3994.72,5728.03,30-99887766-1,Delta Consulting,Excellent,Good,Poor,Fair,Good,0
2026-06-29,legacy_hr_system,employees.csv,4194,4194,Alfonsina,Lopez,D003,IT,Permanent,109955.91,,,,,Excellent,Good,Good,Good,Fair,0
2026-06-29,legacy_hr_system,employees.csv,4195,4195,Abigail,Alvarez,D002,Human Resources,Contractor,,1564.86,3933.29,30-87654321-0,Beta Consulting,Excellent,Good,Good,Excellent,Excellent,1
2026-06-29,legacy_hr_system,employees.csv,4196,4196,Lautaro,Villalba,D001,Finance,Permanent,102005.36,,,,,Poor,Good,Poor,Poor,Good,0
2026-06-29,legacy_hr_system,employees.csv,4197,4197,León,Pereyra,D004,Sales,Permanent,100285.95,,,,,Fair,Good,Poor,Good,Good,0
2026-06-29,legacy_hr_system,employees.csv,4198,4198,Mia,Roldan,D005,Operations,Contractor,,2441.82,3846.54,30-87654321-0,Beta Consulting,Good,Poor,Excellent,Good,Fair,0
2026-06-29,legacy_hr_system,employees.csv,4199,4199,Agustin,Fernandez,D003,IT,Contractor,,2690.77,3864.46,30-12345678-9,Alpha Consulting,Excellent,Excellent,Good,Good,Good,0
2026-06-29,legacy_hr_system,employees.csv,4200,4200,Benjamin,Gutierrez,D001,Finance,Permanent,126249.68,,,,,Fair,Excellent,Good,Excellent,Poor,0
2026-06-29,legacy_hr_system,employees.csv,4201,4201,Felipe,Fernandez,D003,IT,Contractor,,3288.29,3589.35,30-12345678-9,Alpha Consulting,Good,Good,Good,Fair,Excellent,0
2026-06-29,legacy_hr_system,employees.csv,4202,4202,Olivia,Ponce,D004,Sales,Permanent,158131.96,,,,,Good,Fair,Good,Good,Good,0
2026-06-29,legacy_hr_system,employees.csv,4203,4203,Isabella,Ojeda,D001,Finance,Contractor,,2215.95,2882.2,30-11223344-5,Gamma Consulting,Good,Good,Good,Excellent,Poor,1
2026-06-29,legacy_hr_system,employees.csv,4204,4204,Martin,Vega,D003,IT,Permanent,131423.34,,,,,Good,Poor,Good,Good,Fair,1
2026-06-29,legacy_hr_system,employees.csv,4205,4205,Valentina,Cabrera,D004,Sales,Permanent,95477.76,,,,,Excellent,Good,Good,Good,Good,0
2026-06-29,legacy_hr_system,employees.csv,4206,4206,Lucia,Lopez,D002,Human Resources,Contractor,,3257.03,2096.33,30-87654321-0,Beta Consulting,Good,Fair,Poor,Good,Good,0
2026-06-29,legacy_hr_system,employees.csv,4207,4207,Lucas Ezequiel,Figueroa,D001,Finance,Permanent,161773.68,,,,,Good,Good,Good,Fair,Good,0
2026-06-29,legacy_hr_system,employees.csv,4208,4208,Juan Bautista,Perez,D005,Operations,Contractor,,3537.83,2999.52,30-11223344-5,Gamma Consulting,Fair,Good,Excellent,Good,Good,0
2026-06-29,legacy_hr_system,employees.csv,4209,4209,Pedro,Acuña,D005,Operations,Permanent,75636.69,,,,,Fair,Good,Poor,Poor,Good,0
2026-06-29,legacy_hr_system,employees.csv,4210,4210,Justina,Correa,D002,Human Resources,Permanent,170167.98,,,,,Good,Excellent,Excellent,Good,Good,0
2026-06-29,legacy_hr_system,employees.csv,4211,4211,Julieta,Mendez,D005,Operations,Permanent,97878.6,,,,,Good,Good,Good,Excellent,Excellent,0
2026-06-29,legacy_hr_system,employees.csv,4212,4212,Abigail,Ramirez,D004,Sales,Permanent,94974.45,,,,,Good,Excellent,Fair,Good,Good,0
2026-06-29,legacy_hr_system,employees.csv,4213,4213,Josefina,Gomez,D005,Operations,Contractor,,1187.16,4149.22,30-87654321-0,Beta Consulting,Good,Excellent,Good,Good,Excellent,0
2026-06-29,legacy_hr_system,employees.csv,4214,4214,Bautista,Ojeda,D005,Operations,Contractor,,2817.82,5215.49,30-12345678-9,Alpha Consulting,Fair,Good,Excellent,Good,Fair,0
2026-06-29,legacy_hr_system,employees.csv,4215,4215,Rosario,Lopez,D004,Sales,Permanent,78027.65,,,,,Fair,Good,Good,Excellent,Excellent,0
2026-06-29,legacy_hr_system,employees.csv,4216,4216,Isabella,Villalba,D001,Finance,Contractor,,1783.77,4950.96,30-87654321-0,Beta Consulting,Fair,Fair,Good,Good,Good,0
2026-06-29,legacy_hr_system,employees.csv,4217,4217,Lautaro Benjamin,Aguirre,D004,Sales,Permanent,150201.9,,,,,Good,Fair,Fair,Good,Good,0
2026-06-29,legacy_hr_system,employees.csv,4218,4218,Francisca,Soto,D005,Operations,Contractor,,1743.08,5581.51,30-99887766-1,Delta Consulting,Good,Good,Poor,Poor,Good,0
2026-06-29,legacy_hr_system,employees.csv,4219,4219,Pedro,Gimenez,D004,Sales,Permanent,121126.26,,,,,Good,Good,Fair,Excellent,Good,1
2026-06-29,legacy_hr_system,employees.csv,4220,4220,Sebastian,Suarez,D004,Sales,Permanent,152754.16,,,,,Good,Good,Good,Good,Excellent,0
2026-06-29,legacy_hr_system,employees.csv,4221,4221,Agustina,Franco,D002,Human Resources,Permanent,117893.39,,,,,Good,Excellent,Good,Good,Excellent,0
2026-06-29,legacy_hr_system,employees.csv,4222,4222,Tomas Benjamin,Quiroga,D001,Finance,Permanent,44331.66,,,,,Good,Good,Excellent,Excellent,Poor,1
2026-06-29,legacy_hr_system,employees.csv,4223,4223,Lola,Rios,D005,Operations,Permanent,115440.98,,,,,Good,Good,Good,Excellent,Excellent,0
2026-06-29,legacy_hr_system,employees.csv,4224,4224,Thiago Emanuel,Villalba,D005,Operations,Permanent,151804.31,,,,,Fair,Good,Fair,Good,Good,0
2026-06-29,legacy_hr_system,employees.csv,4225,4225,Thiago Agustin,Quiroga,D003,IT,Permanent,93187.62,,,,,Good,Fair,Good,Poor,Fair,0
2026-06-29,legacy_hr_system,employees.csv,4226,4226,Lautaro Ezequiel,Martinez,D004,Sales,Contractor,,2689.63,4323.87,30-12345678-9,Alpha Consulting,Good,Good,Excellent,Fair,Good,1
2026-06-29,legacy_hr_system,employees.csv,4227,4227,Tiziano Benjamin,Duarte,D002,Human Resources,Permanent,33014.58,,,,,Good,Good,Excellent,Good,Good,1
2026-06-29,legacy_hr_system,employees.csv,4228,4228,Gael,Lucero,D002,Human Resources,Permanent,170140.43,,,,,Good,Poor,Fair,Excellent,Good,1
2026-06-29,legacy_hr_system,employees.csv,4229,4229,Bruno,Cabrera,D005,Operations,Permanent,92958.73,,,,,Fair,Fair,Good,Poor,Good,0
2026-06-29,legacy_hr_system,employees.csv,4230,4230,Sofía,Soto,D003,IT,Contractor,,3404.59,4413.3,30-87654321-0,Beta Consulting,Fair,Excellent,Fair,Excellent,Excellent,0
2026-06-29,legacy_hr_system,employees.csv,4231,4231,Amparo,Cruz,D004,Sales,Permanent,157728.57,,,,,Good,Good,Good,Good,Fair,0
2026-06-29,legacy_hr_system,employees.csv,4232,4232,Bruno,Martinez,D005,Operations,Permanent,132181.68,,,,,Fair,Excellent,Good,Excellent,Poor,0
2026-06-29,legacy_hr_system,employees.csv,4233,4233,Bautista,Mansilla,D002,Human Resources,Permanent,112952.27,,,,,Excellent,Fair,Good,Good,Fair,0
2026-06-29,legacy_hr_system,employees.csv,4234,4234,Agustina,Moyano,D004,Sales,Permanent,,,,,,Fair,Excellent,Fair,Fair,Fair,0
2026-06-29,legacy_hr_system,employees.csv,4235,4235,Ciro,Alvarez,D005,Operations,Permanent,143935.52,,,,,Fair,Excellent,Good,Poor,Excellent,0
2026-06-29,legacy_hr_system,employees.csv,4236,4236,Thiago,Gomez,D005,Operations,Permanent,63796.76,,,,,Good,Good,Excellent,Excellent,Good,1
2026-06-29,legacy_hr_system,employees.csv,4237,4237,Uma ,Martinez,D001,Finance,Contractor,,3516.71,3400.96,30-12345678-9,Alpha Consulting,Good,Excellent,Fair,Good,Fair,0
2026-06-29,legacy_hr_system,employees.csv,4238,4238,Mateo Benjamin,Vazquez,D002,Human Resources,Contractor,,4001.83,4661.3,30-99887766-1,Delta Consulting,Good,Good,Good,Poor,Good,0
2026-06-29,legacy_hr_system,employees.csv,4239,4239,Juan Ignacio,Garcia,D001,Finance,Contractor,,3515.3,4581.99,30-87654321-0,Beta Consulting,Good,Fair,Good,Good,Excellent,0
2026-06-29,legacy_hr_system,employees.csv,4240,4240,Juana,Diaz,D004,Sales,Contractor,,1598.1,3639.27,30-87654321-0,Beta Consulting,Good,Good,Poor,Excellent,Good,0
2026-06-29,legacy_hr_system,employees.csv,4241,4241,Tiziano Benjamin,Ortiz,D003,IT,Contractor,,3537.91,4666.66,30-87654321-0,Beta Consulting,Good,Excellent,Good,Fair,Fair,0
2026-06-29,legacy_hr_system,employees.csv,4242,4242,Delfina,Sanchez,D004,Sales,Contractor,,3944.79,4903.27,30-11223344-5,Gamma Consulting,Good,Fair,Good,Good,Fair,1
2026-06-29,legacy_hr_system,employees.csv,4243,4243,Paula,Moreno,D002,Human Resources,Permanent,90998.94,,,,,Good,Good,Excellent,Fair,Excellent,1
2026-06-29,legacy_hr_system,employees.csv,4244,4244,Antonia,Gonzalez,D004,Sales,Permanent,96118.08,,,,,Good,Fair,Good,Good,Excellent,0
2026-06-29,legacy_hr_system,employees.csv,4245,4245,Malena,Rios,D005,Operations,Contractor,,3082.33,2185.96,30-87654321-0,Beta Consulting,Good,Fair,Poor,Poor,Excellent,0
2026-06-29,legacy_hr_system,employees.csv,4246,4246,Pilar,Sosa,D005,Operations,Permanent,170203.26,,,,,Good,Good,Excellent,Good,Excellent,0
2026-06-29,legacy_hr_system,employees.csv,4247,4247,Mora,Romero,D004,Sales,Permanent,133252.4,,,,,Good,Good,Poor,Poor,Fair,0
2026-06-29,legacy_hr_system,employees.csv,4248,4248,Benicio,Gonzalez,D004,Sales,Permanent,156811.04,,,,,Good,Good,Good,Poor,Good,0
2026-06-29,legacy_hr_system,employees.csv,4249,4249,Mateo Agustin,Lopez,D002,Human Resources,Permanent,72581.88,,,,,Good,Good,Fair,Excellent,Fair,0
2026-06-29,legacy_hr_system,employees.csv,4250,4250,Benicio,Gomez,D003,IT,Permanent,157336.95,,,,,Fair,Poor,Fair,Excellent,Fair,1
2026-06-29,legacy_hr_system,employees.csv,4251,4251,Morena,Rodriguez,D005,Operations,Contractor,,4785.2,3179.12,30-11223344-5,Gamma Consulting,Good,Excellent,Fair,Fair,Excellent,1
2026-06-29,legacy_hr_system,employees.csv,4252,4252,Agustina,Fernandez,D001,Finance,Contractor,,3617.12,4501.11,30-11223344-5,Gamma Consulting,Fair,Fair,Good,Excellent,Good,0
2026-06-29,legacy_hr_system,employees.csv,4253,4253,Juan Ignacio,Suarez,D003,IT,Contractor,,1764.45,4992.88,30-87654321-0,Beta Consulting,Good,Excellent,Excellent,Fair,Excellent,0
2026-06-29,legacy_hr_system,employees.csv,4254,4254,Felipe,Ferreyra,D001,Finance,Permanent,145008.1,,,,,Excellent,Fair,Good,Good,Fair,0
2026-06-29,legacy_hr_system,employees.csv,4255,4255,Francisco,Ruiz,D001,Finance,Contractor,,2519.1,5665.92,30-99887766-1,Delta Consulting,Excellent,Good,Excellent,Fair,Good,0
2026-06-29,legacy_hr_system,employees.csv,4256,4256,Juana,Flores,D002,Human Resources,Permanent,69997.1,,,,,Good,Poor,Excellent,Fair,Good,0
2026-06-29,legacy_hr_system,employees.csv,4257,4257,Joaquin,Correa,D004,Sales,Permanent,75157.32,,,,,Good,Excellent,Excellent,Good,Good,0
2026-06-29,legacy_hr_system,employees.csv,4258,4258,Santino,Benitez,D005,Operations,Permanent,124097.92,,,,,Fair,Good,Good,Good,Excellent,0
2026-06-29,legacy_hr_system,employees.csv,4259,4259,Giuliana,Lopez,D001,Finance,Permanent,120761.56,,,,,Good,Good,Fair,Fair,Fair,0
2026-06-29,legacy_hr_system,employees.csv,4260,4260,Benicio,Benitez,D004,Sales,Permanent,98502.8,,,,,Good,Good,Good,Good,Excellent,0
2026-06-29,legacy_hr_system,employees.csv,4261,4261,Benicio,Aguero,D005,Operations,Permanent,144287.83,,,,,Poor,Poor,Good,Good,Good,0
2026-06-29,legacy_hr_system,employees.csv,4262,4262,Sofia,Lopez,D002,Human Resources,Contractor,,3424.72,5358.14,30-12345678-9,Alpha Consulting,Fair,Good,Good,Good,Excellent,0
2026-06-29,legacy_hr_system,employees.csv,4263,4263,Martina,Ruiz,D002,Human Resources,Contractor,,2901.49,5102.58,30-87654321-0,Beta Consulting,Poor,Fair,Good,Fair,Excellent,0
2026-06-29,legacy_hr_system,employees.csv,4264,4264,Maria Emilia,Mendoza,D004,Sales,Contractor,,2643.48,6553.82,30-12345678-9,Alpha Consulting,Good,Good,Good,Good,Fair,0
2026-06-29,legacy_hr_system,employees.csv,4265,4265,Mateo,Diaz,D004,Sales,Permanent,95623.63,,,,,Good,Fair,Fair,Excellent,Excellent,1
2026-06-29,legacy_hr_system,employees.csv,4266,4266,Jazmin,Dominguez,D001,Finance,Contractor,,,4534.89,30-12345678-9,Alpha Consulting,Good,Good,Poor,Good,Good,0
2026-06-29,legacy_hr_system,employees.csv,4267,4267,Thiago Benjamin,Flores,D002,Human Resources,Contractor,,1899.59,5868.08,30-99887766-1,Delta Consulting,Good,Fair,Fair,Good,Good,1
2026-06-29,legacy_hr_system,employees.csv,4268,4268,Nicolas,Figueroa,D005,Operations,Contractor,,3100.72,5351.12,30-12345678-9,Alpha Consulting,Good,Good,Good,Good,Good,0
2026-06-29,legacy_hr_system,employees.csv,4269,4269,Thiago Agustin,Romero,D002,Human Resources,Permanent,156715.68,,,,,Poor,Good,Excellent,Good,Good,0
2026-06-29,legacy_hr_system,employees.csv,4270,4270,Bautista Benjamin,Cruz,D002,Human Resources,Permanent,130138.67,,,,,Excellent,Excellent,Poor,Good,Excellent,0
2026-06-29,legacy_hr_system,employees.csv,4271,4271,Juan Bautista,Blanco,D003,IT,Contractor,,2526.21,5475.71,30-12345678-9,Alpha Consulting,Good,Excellent,Good,Excellent,Excellent,0
2026-06-29,legacy_hr_system,employees.csv,4272,4272,Valentina Jazmin,Alvarez,D005,Operations,Contractor,,3000.6,5185.86,30-12345678-9,Alpha Consulting,Fair,Good,Fair,Good,Good,0
2026-06-29,legacy_hr_system,employees.csv,4273,4273,Santino,Gomez,D004,Sales,Contractor,,1277.02,4946.98,30-99887766-1,Delta Consulting,Fair,Excellent,Good,Fair,Fair,0
2026-06-29,legacy_hr_system,employees.csv,4274,4274,Benjamin,Fernandez,D003,IT,Contractor,,2489.13,6153.31,30-12345678-9,Alpha Consulting,Fair,Fair,Fair,Excellent,Good,0
2026-06-29,legacy_hr_system,employees.csv,4275,4275,Guillermina,Vazquez,D004,Sales,Permanent,138692.62,,,,,Good,Good,Good,Good,Excellent,0
2026-06-29,legacy_hr_system,employees.csv,4276,4276,Emma,Peralta,D002,Human Resources,Permanent,127195.73,,,,,Excellent,Fair,Good,Good,Fair,0
2026-06-29,legacy_hr_system,employees.csv,4277,4277,Alma,Bravo,D001,Finance,Permanent,134589.3,,,,,Fair,Good,Excellent,Excellent,Excellent,1
2026-06-29,legacy_hr_system,employees.csv,4278,4278,Tiziano Benjamin,Benitez,D005,Operations,Permanent,90046.77,,,,,Good,Good,Fair,Excellent,Fair,0
2026-06-29,legacy_hr_system,employees.csv,4279,4279,Emilia,Suarez,D001,Finance,Permanent,168697.7,,,,,Fair,Good,Good,Excellent,Excellent,0
2026-06-29,legacy_hr_system,employees.csv,4280,4280,Alejo,Martinez,D005,Operations,Permanent,179741.11,,,,,Excellent,Excellent,Good,Poor,Good,1
2026-06-29,legacy_hr_system,employees.csv,4281,4281,Felipe,Gutierrez,D004,Sales,Permanent,131787.41,,,,,Good,Excellent,Good,Fair,Excellent,0
2026-06-29,legacy_hr_system,employees.csv,4282,4282,Valentina,Vazquez,D001,Finance,Permanent,167712.11,,,,,Excellent,Good,Good,Excellent,Fair,0
2026-06-29,legacy_hr_system,employees.csv,4283,4283,Santino Ezequiel,Toledo,D005,Operations,Permanent,102925.55,,,,,Poor,Good,Good,Fair,Excellent,1
2026-06-29,legacy_hr_system,employees.csv,4284,4284,Emma,Paz,D003,IT,Permanent,96086.59,,,,,Good,Poor,Good,Excellent,Fair,0
2026-06-29,legacy_hr_system,employees.csv,4285,4285,Sofia,Vega,D004,Sales,Permanent,121227.74,,,,,Excellent,Good,Good,Fair,Good,1
2026-06-29,legacy_hr_system,employees.csv,4286,4286,Alma Valentina,Quiroga,D005,Operations,Permanent,133048.23,,,,,Poor,Good,Fair,Good,Poor,0
2026-06-29,legacy_hr_system,employees.csv,4287,4287,Juan Bautista,Lopez,D001,Finance,Contractor,,2684.81,5037.77,30-11223344-5,Gamma Consulting,Poor,Fair,Excellent,Excellent,Fair,0
2026-06-29,legacy_hr_system,employees.csv,4288,4288,Samuel,Luna,D002,Human Resources,Contractor,,3245.11,3501.69,30-11223344-5,Gamma Consulting,Excellent,Good,Good,Good,Poor,0
2026-06-29,legacy_hr_system,employees.csv,4289,4289,Juan Manuel,Martinez,D001,Finance,Contractor,,3415.03,5363.53,30-12345678-9,Alpha Consulting,Poor,Good,Good,Good,Excellent,0
2026-06-29,legacy_hr_system,employees.csv,4290,4290,Valentino,Gonzalez,D003,IT,Permanent,125144.08,,,,,Fair,Excellent,Good,Good,Good,0
2026-06-29,legacy_hr_system,employees.csv,4291,4291,Juan Sebastian,Soria,D003,IT,Contractor,,3922.12,3282.6,30-11223344-5,Gamma Consulting,Good,Good,Fair,Fair,Good,0
2026-06-29,legacy_hr_system,employees.csv,4292,4292,Pedro,Rios,D005,Operations,Contractor,,3374.36,3329.72,30-11223344-5,Gamma Consulting,Excellent,Fair,Good,Good,Good,1
2026-06-29,legacy_hr_system,employees.csv,4293,4293,Catalina,Rodriguez,D003,IT,Contractor,,2108.73,,30-87654321-0,Beta Consulting,Good,Good,Excellent,Good,Fair,1
2026-06-29,legacy_hr_system,employees.csv,4294,4294,Lola,Sanchez,D002,Human Resources,Permanent,91738.19,,,,,Good,Good,Fair,Good,Excellent,1
2026-06-29,legacy_hr_system,employees.csv,4295,4295,Juan Manuel,Martinez,D005,Operations,Contractor,,2561.6,4285.85,30-99887766-1,Delta Consulting,Good,Good,Fair,Good,Fair,0
2026-06-29,legacy_hr_system,employees.csv,4296,4296,Alma,Suarez,D002,Human Resources,Contractor,,3669.72,4178.84,30-12345678-9,Alpha Consulting,Good,Good,Good,Good,Good,0
2026-06-29,legacy_hr_system,employees.csv,4297,4297,Bianca,Moreno,D002,Human Resources,Permanent,72431.23,,,,,Excellent,Poor,Excellent,Excellent,Good,0
2026-06-29,legacy_hr_system,employees.csv,4298,4298,Julieta,Perez,D005,Operations,Contractor,,3912.05,3662.91,30-12345678-9,Alpha Consulting,Fair,Fair,Excellent,Poor,Good,0
2026-06-29,legacy_hr_system,employees.csv,4299,4299,Emilia,Sosa,D001,Finance,Contractor,,2953.02,4946.54,30-99887766-1,Delta Consulting,Excellent,Good,Good,Fair,Excellent,0
2026-06-29,legacy_hr_system,employees.csv,4300,4300,Ciro,Sanchez,D003,IT,Permanent,125988.31,,,,,Good,Fair,Good,Good,Fair,1
2026-06-29,legacy_hr_system,employees.csv,4301,4301,Isabella,Gonzalez,D002,Human Resources,Permanent,152825.39,,,,,Fair,Excellent,Good,Good,Excellent,1
2026-06-29,legacy_hr_system,employees.csv,4302,4302,Isabella,Villalba,D002,Human Resources,Permanent,134370.09,,,,,Good,Excellent,Good,Fair,Excellent,1
2026-06-29,legacy_hr_system,employees.csv,4303,4303,Delfina,Herrera,D005,Operations,Contractor,,2310.95,6678.56,30-99887766-1,Delta Consulting,Good,Excellent,Fair,Good,Fair,0
2026-06-29,legacy_hr_system,employees.csv,4304,4304,Luz Maria,Gomez,D001,Finance,Permanent,125830.0,,,,,Fair,Fair,Excellent,Good,Fair,0
2026-06-29,legacy_hr_system,employees.csv,4305,4305,Santiago,Duarte,D005,Operations,Permanent,115579.79,,,,,Good,Good,Good,Good,Good,0
2026-06-29,legacy_hr_system,employees.csv,4306,4306,Guadalupe,Sanchez,D005,Operations,Permanent,148917.76,,,,,Excellent,Excellent,Good,Good,Good,0
2026-06-29,legacy_hr_system,employees.csv,4307,4307,Catalina,Gonzalez,D003,IT,Permanent,127483.53,,,,,Poor,Good,Good,Excellent,Good,0
2026-06-29,legacy_hr_system,employees.csv,4308,4308,Nicolas,Guzman,D005,Operations,Permanent,131976.85,,,,,Excellent,Good,Fair,Poor,Excellent,0
2026-06-29,legacy_hr_system,employees.csv,4309,4309,Ignacio,Villalba,D002,Human Resources,Contractor,,4993.75,4224.88,30-99887766-1,Delta Consulting,Good,Excellent,Fair,Good,Fair,0
2026-06-29,legacy_hr_system,employees.csv,4310,4310,Guadalupe,Vargas,D005,Operations,Permanent,110467.17,,,,,Excellent,Fair,Good,Fair,Fair,0
2026-06-29,legacy_hr_system,employees.csv,4311,4311,Julia,Torres,D001,Finance,Permanent,123497.36,,,,,Excellent,Fair,Good,Good,Good,0
2026-06-29,legacy_hr_system,employees.csv,4312,4312,Jeremias,Diaz,D002,Human Resources,Contractor,,3857.21,2993.47,30-87654321-0,Beta Consulting,Good,Good,Good,Excellent,Fair,0
2026-06-29,legacy_hr_system,employees.csv,4313,4313,Olivia,Paez,D003,IT,Permanent,61033.32,,,,,Poor,Fair,Good,Excellent,Good,0
2026-06-29,legacy_hr_system,employees.csv,4314,4314,Valentino,Villalba,D001,Finance,Contractor,,2530.31,2866.08,30-11223344-5,Gamma Consulting,Good,Excellent,Good,Poor,Good,0
2026-06-29,legacy_hr_system,employees.csv,4315,4315,Juan Ignacio,Nuñez,D001,Finance,Permanent,107255.06,,,,,Good,Excellent,Good,Excellent,Excellent,0
2026-06-29,legacy_hr_system,employees.csv,4316,4316,Ian Ezequiel,Ferreyra,D003,IT,Permanent,135074.99,,,,,Fair,Good,Poor,Fair,Fair,0
2026-06-29,legacy_hr_system,employees.csv,4317,4317,Santiago,Vega,D003,IT,Permanent,93277.53,,,,,Poor,Good,Good,Good,Good,1
2026-06-29,legacy_hr_system,employees.csv,4318,4318,Gabriel,Rodriguez,D002,Human Resources,Contractor,,1858.54,4569.34,30-87654321-0,Beta Consulting,Poor,Good,Excellent,Excellent,Good,0
2026-06-29,legacy_hr_system,employees.csv,4319,4319,Manuel,Romero,D002,Human Resources,Contractor,,3690.03,2805.03,30-87654321-0,Beta Consulting,Good,Fair,Fair,Excellent,Excellent,0
2026-06-29,legacy_hr_system,employees.csv,4320,4320,Ian Benjamin,Olivera,D001,Finance,Contractor,,3656.19,5317.31,30-87654321-0,Beta Consulting,Good,Good,Excellent,Good,Excellent,0
2026-06-29,legacy_hr_system,employees.csv,4321,4321,Sofia,Muñoz,D001,Finance,Contractor,,3763.27,5718.48,30-99887766-1,Delta Consulting,Good,Good,Good,Poor,Good,0
2026-06-29,legacy_hr_system,employees.csv,4322,4322,Martina,Lopez,D004,Sales,Contractor,,4761.61,4143.91,30-11223344-5,Gamma Consulting,Good,Fair,Good,Fair,Excellent,0
2026-06-29,legacy_hr_system,employees.csv,4323,4323,Nicolas,Perez,D005,Operations,Contractor,,3087.66,4083.56,30-11223344-5,Gamma Consulting,Fair,Good,Excellent,Fair,Excellent,1
2026-06-29,legacy_hr_system,employees.csv,4324,4324,Enzo,Roldan,D005,Operations,Permanent,120059.31,,,,,Fair,Excellent,Good,Fair,Good,0
2026-06-29,legacy_hr_system,employees.csv,4325,4325,Mia Morena,Bravo,D004,Sales,Contractor,,4226.3,3154.99,30-12345678-9,Alpha Consulting,Excellent,Fair,Good,Good,Good,0
2026-06-29,legacy_hr_system,employees.csv,4326,4326,Kiara,Acosta,D003,IT,Contractor,,2311.16,5877.18,30-99887766-1,Delta Consulting,Fair,Poor,Excellent,Fair,Good,0
2026-06-29,legacy_hr_system,employees.csv,4327,4327,Lucio,Bustos,D005,Operations,Permanent,150601.1,,,,,Excellent,Fair,Good,Excellent,Excellent,0
2026-06-29,legacy_hr_system,employees.csv,4328,4328,Bautista,Flores,D004,Sales,Permanent,109106.05,,,,,Good,Excellent,Poor,Good,Good,0
2026-06-29,legacy_hr_system,employees.csv,4329,4329,Isabel,Gimenez,D001,Finance,Contractor,,3683.52,4841.22,30-87654321-0,Beta Consulting,Good,Good,Good,Good,Good,0
2026-06-29,legacy_hr_system,employees.csv,4330,4330,Benjamin,Juarez,D005,Operations,Contractor,,4200.22,4574.51,30-12345678-9,Alpha Consulting,Excellent,Poor,Good,Good,Fair,0
2026-06-29,legacy_hr_system,employees.csv,4331,4331,Genaro,Fernandez,D004,Sales,Contractor,,,7142.01,30-87654321-0,Beta Consulting,Good,Excellent,Good,Excellent,Poor,0
2026-06-29,legacy_hr_system,employees.csv,4332,4332,Martina,Ortiz,D003,IT,Contractor,,3478.48,4549.33,30-99887766-1,Delta Consulting,Good,Good,Excellent,Good,Good,1
2026-06-29,legacy_hr_system,employees.csv,4333,4333,Geronimo,Ledesma,D004,Sales,Permanent,141673.41,,,,,Excellent,Good,Good,Good,Good,0
2026-06-29,legacy_hr_system,employees.csv,4334,4334,Thiago Nicolas,Ruiz,D005,Operations,Permanent,109041.57,,,,,Excellent,Excellent,Poor,Fair,Excellent,0
2026-06-29,legacy_hr_system,employees.csv,4335,4335,Ramiro,Aguero,D003,IT,Permanent,191639.03,,,,,Good,Fair,Good,Poor,Good,0
2026-06-29,legacy_hr_system,employees.csv,4336,4336,Emanuel,Lopez,D004,Sales,Contractor,,,4227.07,30-99887766-1,Delta Consulting,Good,Good,Good,Good,Excellent,0
2026-06-29,legacy_hr_system,employees.csv,4337,4337,Gonzalo,Alvarez,D004,Sales,Permanent,94929.33,,,,,Excellent,Good,Fair,Good,Excellent,0
2026-06-29,legacy_hr_system,employees.csv,4338,4338,Fausto,Ruiz,D001,Finance,Permanent,152916.61,,,,,Excellent,Good,Good,Good,Good,0
2026-06-29,legacy_hr_system,employees.csv,4339,4339,Victoria,Lopez,D005,Operations,Contractor,,3693.75,4002.65,30-11223344-5,Gamma Consulting,Excellent,Good,Good,Good,Good,0
2026-06-29,legacy_hr_system,employees.csv,4340,4340,Mateo,Diaz,D005,Operations,Contractor,,3461.16,2991.44,30-11223344-5,Gamma Consulting,Good,Good,Excellent,Poor,Good,0
2026-06-29,legacy_hr_system,employees.csv,4341,4341,Genaro,Lucero,D005,Operations,Contractor,,3147.98,4952.76,30-87654321-0,Beta Consulting,Good,Excellent,Excellent,Good,Excellent,0
2026-06-29,legacy_hr_system,employees.csv,4342,4342,Sol,Medina,D003,IT,Contractor,,4365.86,3729.18,30-12345678-9,Alpha Consulting,Good,Good,Good,Good,Good,0
2026-06-29,legacy_hr_system,employees.csv,4343,4343,Lucia,Pereyra,D005,Operations,Permanent,81649.42,,,,,Good,Excellent,Poor,Fair,Good,0
2026-06-29,legacy_hr_system,employees.csv,4344,4344,Julieta,Diaz,D002,Human Resources,Contractor,,2283.66,3163.43,30-99887766-1,Delta Consulting,Excellent,Good,Poor,Excellent,Good,0
2026-06-29,legacy_hr_system,employees.csv,4345,4345,Paloma,Molina,D004,Sales,Contractor,,4069.33,6048.64,30-11223344-5,Gamma Consulting,Fair,Excellent,Excellent,Good,Good,1
2026-06-29,legacy_hr_system,employees.csv,4346,4346,Joaquin,Gonzalez,D003,IT,Permanent,129606.5,,,,,Good,Fair,Good,Fair,Good,0
2026-06-29,legacy_hr_system,employees.csv,4347,4347,Emma,Gonzalez,D003,IT,Contractor,,3977.04,4633.96,30-12345678-9,Alpha Consulting,Good,Good,Good,Good,Good,0
2026-06-29,legacy_hr_system,employees.csv,4348,4348,Felipe,Cruz,D003,IT,Permanent,117146.65,,,,,Poor,Good,Good,Fair,Excellent,0
2026-06-29,legacy_hr_system,employees.csv,4349,4349,Dylan,Perez,D003,IT,Permanent,110008.87,,,,,Good,Poor,Good,Poor,Fair,0
2026-06-29,legacy_hr_system,employees.csv,4350,4350,Sol,Moreno,D001,Finance,Permanent,110688.27,,,,,Fair,Good,Excellent,Good,Poor,0
2026-06-29,legacy_hr_system,employees.csv,4351,4351,Valentina,Paz,D005,Operations,Contractor,,1761.76,4764.25,30-87654321-0,Beta Consulting,Excellent,Fair,Poor,Fair,Fair,0
2026-06-29,legacy_hr_system,employees.csv,4352,4352,Mateo Benjamin,Gonzalez,D005,Operations,Permanent,118789.98,,,,,Good,Excellent,Fair,Poor,Good,0
2026-06-29,legacy_hr_system,employees.csv,4353,4353,Lautaro,Juarez,D003,IT,Permanent,142360.82,,,,,Excellent,Good,Good,Excellent,Excellent,0
2026-06-29,legacy_hr_system,employees.csv,4354,4354,Guadalupe,Rodriguez,D003,IT,Permanent,122805.7,,,,,Good,Fair,Good,Poor,Poor,0
2026-06-29,legacy_hr_system,employees.csv,4355,4355,Lucia,Molina,D004,Sales,Contractor,,2869.84,3628.81,30-12345678-9,Alpha Consulting,Good,Excellent,Fair,Fair,Excellent,0
2026-06-29,legacy_hr_system,employees.csv,4356,4356,Joaquín,Ramirez,D005,Operations,Contractor,,3057.72,5238.24,30-11223344-5,Gamma Consulting,Poor,Excellent,Good,Good,Excellent,1
2026-06-29,legacy_hr_system,employees.csv,4357,4357,Tomas,Romero,D001,Finance,Contractor,,2085.33,4587.47,30-11223344-5,Gamma Consulting,Excellent,Good,Good,Good,Good,0
2026-06-29,legacy_hr_system,employees.csv,4358,4358,Isabella,Maldonado,D004,Sales,Contractor,,3186.43,3781.94,30-12345678-9,Alpha Consulting,Fair,Good,Good,Good,Excellent,0
2026-06-29,legacy_hr_system,employees.csv,4359,4359,Antonia,Diaz,D005,Operations,Permanent,102364.31,,,,,Good,Good,Excellent,Fair,Fair,0
2026-06-29,legacy_hr_system,employees.csv,4360,4360,Lucía ,Lopez,D001,Finance,Permanent,126918.33,,,,,Good,Excellent,Fair,Good,Fair,0
2026-06-29,legacy_hr_system,employees.csv,4361,4361,Emanuel,Rojas,D001,Finance,Permanent,85997.37,,,,,Fair,Poor,Excellent,Good,Poor,0
2026-06-29,legacy_hr_system,employees.csv,4362,4362,Ema,Vargas,D005,Operations,Permanent,130497.71,,,,,Good,Good,Excellent,Fair,Good,1
2026-06-29,legacy_hr_system,employees.csv,4363,4363,Fausto,Gomez,D003,IT,Permanent,93139.37,,,,,Poor,Fair,Good,Good,Good,0
2026-06-29,legacy_hr_system,employees.csv,4364,4364,Thiago Valentin,Alvarez,D005,Operations,Permanent,151885.61,,,,,Fair,Excellent,Fair,Poor,Good,0
2026-06-29,legacy_hr_system,employees.csv,4365,4365,Ambar,Aguero,D004,Sales,Permanent,190134.83,,,,,Fair,Good,Good,Fair,Good,1
2026-06-29,legacy_hr_system,employees.csv,4366,4366,Juan Manuel,Molina,D004,Sales,Contractor,,2311.39,5034.21,30-87654321-0,Beta Consulting,Poor,Good,Excellent,Excellent,Fair,0
2026-06-29,legacy_hr_system,employees.csv,4367,4367,Augusto,Diaz,D005,Operations,Contractor,,2418.61,5540.95,30-87654321-0,Beta Consulting,Good,Fair,Excellent,Good,Fair,0
2026-06-29,legacy_hr_system,employees.csv,4368,4368,Thiago Benjamin,Nuñez,D005,Operations,Permanent,82042.25,,,,,Fair,Excellent,Good,Good,Poor,0
2026-06-29,legacy_hr_system,employees.csv,4369,4369,Micaela,Navarro,D003,IT,Unknown,134417.6,,,,,Poor,Good,Poor,Excellent,Good,0
2026-06-29,legacy_hr_system,employees.csv,4370,4370,Felipe,Martinez,D001,Finance,Permanent,93810.33,,,,,Good,Good,Good,Good,Poor,0
2026-06-29,legacy_hr_system,employees.csv,4371,4371,Ian Benjamin,Torres,D002,Human Resources,Contractor,,2834.41,3468.97,30-99887766-1,Delta Consulting,Excellent,Good,Fair,Good,Good,0
2026-06-29,legacy_hr_system,employees.csv,4372,4372,Alvaro,Gomez,D003,IT,Permanent,144670.51,,,,,Good,Excellent,Fair,Poor,Good,0
2026-06-29,legacy_hr_system,employees.csv,4373,4373,Joaquin,Lopez,D005,Operations,Contractor,,2330.42,5051.96,30-99887766-1,Delta Consulting,Poor,Good,Good,Poor,Excellent,1
2026-06-29,legacy_hr_system,employees.csv,4374,4374,Morena Jazmin,Lopez,D001,Finance,Permanent,109677.06,,,,,Good,Good,Excellent,Good,Poor,0
2026-06-29,legacy_hr_system,employees.csv,4375,4375,Morena,Ojeda,D003,IT,Permanent,116565.83,,,,,Poor,Good,Good,Good,Excellent,0
2026-06-29,legacy_hr_system,employees.csv,4376,4376,Lara,Gonzalez,D004,Sales,Contractor,,3118.2,3738.18,30-87654321-0,Beta Consulting,Poor,Excellent,Good,Good,Good,1
2026-06-29,legacy_hr_system,employees.csv,4377,4377,Mateo,Lopez,D003,IT,Contractor,,3168.29,6030.33,30-11223344-5,Gamma Consulting,Excellent,Fair,Good,Excellent,Good,0
2026-06-29,legacy_hr_system,employees.csv,4378,4378,Camila,Cabrera,D004,Sales,Permanent,96657.16,,,,,Fair,Excellent,Fair,Excellent,Fair,0
2026-06-29,legacy_hr_system,employees.csv,4379,4379,Bautista,Rodriguez,D004,Sales,Permanent,155154.3,,,,,Poor,Good,Excellent,Good,Good,0
2026-06-29,legacy_hr_system,employees.csv,4380,4380,Emma,Bustos,D001,Finance,Contractor,,4198.48,3683.85,30-99887766-1,Delta Consulting,Poor,Good,Good,Fair,Poor,0
2026-06-29,legacy_hr_system,employees.csv,4381,4381,Faustino,Gomez,D004,Sales,Contractor,,1835.96,4801.96,30-99887766-1,Delta Consulting,Good,Excellent,Good,Excellent,Poor,0
2026-06-29,legacy_hr_system,employees.csv,4382,4382,Bruno,Ojeda,D003,IT,Permanent,103577.77,,,,,Excellent,Good,Fair,Good,Good,1
2026-06-29,legacy_hr_system,employees.csv,4383,4383,Micaela,Juarez,D005,Operations,Permanent,176058.1,,,,,Good,Fair,Excellent,Excellent,Excellent,0
2026-06-29,legacy_hr_system,employees.csv,4384,4384,Olivia,Gonzalez,D003,IT,Contractor,,3027.85,3697.8,30-99887766-1,Delta Consulting,Excellent,Poor,Excellent,Poor,Excellent,0
2026-06-29,legacy_hr_system,employees.csv,4385,4385,Ezequiel,Coronel,D004,Sales,Contractor,,2082.27,5589.9,30-11223344-5,Gamma Consulting,Good,Excellent,Excellent,Poor,Good,1
2026-06-29,legacy_hr_system,employees.csv,4386,4386,Mia Valentina,Gonzalez,D005,Operations,Permanent,102864.48,,,,,Good,Poor,Good,Good,Excellent,0
2026-06-29,legacy_hr_system,employees.csv,4387,4387,Valentina,Rodriguez,D003,IT,Permanent,121314.86,,,,,Excellent,Good,Good,Good,Good,0
2026-06-29,legacy_hr_system,employees.csv,4388,4388,Felipe,Morales,D005,Operations,Contractor,,3764.64,4015.74,30-99887766-1,Delta Consulting,Good,Good,Fair,Good,Fair,0
2026-06-29,legacy_hr_system,employees.csv,4389,4389,Benjamin,Martin,D003,IT,Permanent,118622.14,,,,,Fair,Excellent,Fair,Good,Fair,0
2026-06-29,legacy_hr_system,employees.csv,4390,4390,Gino,Gomez,D003,IT,Permanent,119502.95,,,,,Excellent,Excellent,Poor,Good,Excellent,0
2026-06-29,legacy_hr_system,employees.csv,4391,4391,Abril,Romero,D003,IT,Permanent,140499.74,,,,,Excellent,Good,Good,Good,Poor,0
2026-06-29,legacy_hr_system,employees.csv,4392,4392,Lucia,Diaz,D004,Sales,Contractor,,3472.6,4279.89,30-87654321-0,Beta Consulting,Excellent,Excellent,Fair,Fair,Poor,0
2026-06-29,legacy_hr_system,employees.csv,4393,4393,Jazmin,Ortiz,D001,Finance,Contractor,,3050.92,4128.22,30-12345678-9,Alpha Consulting,Poor,Excellent,Good,Good,Excellent,0
2026-06-29,legacy_hr_system,employees.csv,4394,4394,Simon,Lopez,D001,Finance,Contractor,,1817.91,4757.6,30-11223344-5,Gamma Consulting,Excellent,Fair,Good,Poor,Good,0
2026-06-29,legacy_hr_system,employees.csv,4395,4395,Ignacio,Fernandez,D003,IT,Permanent,176765.75,,,,,Fair,Fair,Fair,Fair,Excellent,0
2026-06-29,legacy_hr_system,employees.csv,4396,4396,Isabella,Ledesma,D004,Sales,Permanent,93488.43,,,,,Good,Poor,Good,Fair,Good,0
2026-06-29,legacy_hr_system,employees.csv,4397,4397,Lucía,Gomez,D005,Operations,Permanent,96809.11,,,,,Good,Fair,Good,Good,Poor,0
2026-06-29,legacy_hr_system,employees.csv,4398,4398,Antonia,Gomez,D001,Finance,Permanent,93878.17,,,,,Excellent,Good,Fair,Good,Excellent,0
2026-06-29,legacy_hr_system,employees.csv,4399,4399,Juana,Gutierrez,D001,Finance,Contractor,,3579.67,4948.49,30-12345678-9,Alpha Consulting,Good,Poor,Fair,Good,Good,0
2026-06-29,legacy_hr_system,employees.csv,4400,4400,Luana,Fernandez,D004,Sales,Contractor,,2873.17,3581.98,30-12345678-9,Alpha Consulting,Good,Poor,Fair,Poor,Excellent,0
2026-06-29,legacy_hr_system,employees.csv,4401,4401,Ian Ezequiel,Gonzalez,D005,Operations,Permanent,122771.3,,,,,Excellent,Excellent,Good,Excellent,Poor,0
2026-06-29,legacy_hr_system,employees.csv,4402,4402,Pedro,Fernandez,D004,Sales,Contractor,,1748.3,4643.43,30-99887766-1,Delta Consulting,Fair,Excellent,Excellent,Fair,Fair,0
2026-06-29,legacy_hr_system,employees.csv,4403,4403,Ambar,Martinez,D005,Operations,Contractor,,3697.22,3248.8,30-99887766-1,Delta Consulting,Fair,Excellent,Fair,Good,Good,0
2026-06-29,legacy_hr_system,employees.csv,4404,4404,Emiliano,Alvarez,D003,IT,Permanent,74024.45,,,,,Good,Good,Excellent,Excellent,Excellent,0
2026-06-29,legacy_hr_system,employees.csv,4405,4405,Antonio,Paz,D001,Finance,Permanent,167383.14,,,,,Excellent,Fair,Fair,Good,Poor,0
2026-06-29,legacy_hr_system,employees.csv,4406,4406,Santino,Lopez,D001,Finance,Contractor,,2510.59,5635.95,30-99887766-1,Delta Consulting,Good,Fair,Poor,Good,Good,0
2026-06-29,legacy_hr_system,employees.csv,4407,4407,Santino,Gomez,D005,Operations,Contractor,,2876.8,4338.05,30-12345678-9,Alpha Consulting,Good,Poor,Good,Fair,Good,0
2026-06-29,legacy_hr_system,employees.csv,4408,4408,Maximiliano,Sosa,D003,IT,Permanent,133152.38,,,,,Good,Excellent,Fair,Poor,Fair,0
2026-06-29,legacy_hr_system,employees.csv,4409,4409,Mora,Gomez,D002,Human Resources,Contractor,,2292.8,4632.5,30-87654321-0,Beta Consulting,Excellent,Poor,Poor,Fair,Poor,0
2026-06-29,legacy_hr_system,employees.csv,4410,4410,Thiago Gabriel,Ayala,D004,Sales,Permanent,108555.32,,,,,Excellent,Excellent,Excellent,Good,Fair,0
2026-06-29,legacy_hr_system,employees.csv,4411,4411,Kiara,Juarez,D003,IT,Permanent,80385.2,,,,,Good,Good,Good,Excellent,Good,0
2026-06-29,legacy_hr_system,employees.csv,4412,4412,Joaquin,Pereyra,D005,Operations,Permanent,130124.46,,,,,Fair,Excellent,Good,Good,Fair,0
2026-06-29,legacy_hr_system,employees.csv,4413,4413,Matias,Peralta,D002,Human Resources,Contractor,,2789.35,4342.98,30-99887766-1,Delta Consulting,Good,Good,Good,Good,Good,0
2026-06-29,legacy_hr_system,employees.csv,4414,4414,Felipe,Carrizo,D005,Operations,Permanent,83695.17,,,,,Good,Excellent,Good,Poor,Good,0
2026-06-29,legacy_hr_system,employees.csv,4415,4415,Julieta,Maldonado,D004,Sales,Permanent,167742.01,,,,,Excellent,Good,Good,Excellent,Excellent,0
2026-06-29,legacy_hr_system,employees.csv,4416,4416,Lautaro,Gomez,D003,IT,Permanent,146301.43,,,,,Good,Fair,Fair,Poor,Poor,0
2026-06-29,legacy_hr_system,employees.csv,4417,4417,Santino Gabriel,Dominguez,D004,Sales,Contractor,,3771.32,4194.56,30-12345678-9,Alpha Consulting,Excellent,Poor,Poor,Fair,Excellent,0
2026-06-29,legacy_hr_system,employees.csv,4418,4418,Paula,Correa,D001,Finance,Contractor,,1616.65,6452.92,30-99887766-1,Delta Consulting,Excellent,Poor,Good,Good,Good,1
2026-06-29,legacy_hr_system,employees.csv,4419,4419,Luz Milagros,Rodriguez,D002,Human Resources,Contractor,,2951.12,3751.2,30-11223344-5,Gamma Consulting,Good,Good,Good,Good,Excellent,1
2026-06-29,legacy_hr_system,employees.csv,4420,4420,Benjamin,Maidana,D003,IT,Contractor,,3333.44,5667.12,30-12345678-9,Alpha Consulting,Excellent,Good,Poor,Fair,Excellent,0
2026-06-29,legacy_hr_system,employees.csv,4421,4421,Felipe,Ferreyra,D004,Sales,Contractor,,2981.56,5778.58,30-12345678-9,Alpha Consulting,Fair,Good,Good,Fair,Good,0
2026-06-29,legacy_hr_system,employees.csv,4422,4422,Juan Cruz,Alvarez,D002,Human Resources,Contractor,,3866.4,3423.62,30-12345678-9,Alpha Consulting,Excellent,Fair,Good,Good,Good,0
2026-06-29,legacy_hr_system,employees.csv,4423,4423,Joaquín,Caceres,D004,Sales,Contractor,,2460.97,5457.54,30-87654321-0,Beta Consulting,Good,Fair,Good,Good,Fair,0
2026-06-29,legacy_hr_system,employees.csv,4424,4424,Jazmin,Rodriguez,D003,IT,Contractor,,829.91,4350.54,30-87654321-0,Beta Consulting,Fair,Fair,Good,Excellent,Good,0
2026-06-29,legacy_hr_system,employees.csv,4425,4425,Dante,Campos,D005,Operations,Permanent,77075.06,,,,,Good,Good,Fair,Good,Fair,0
2026-06-29,legacy_hr_system,employees.csv,4426,4426,Victoria,Gomez,D003,IT,Permanent,105703.39,,,,,Good,Excellent,Poor,Good,Good,0
2026-06-29,legacy_hr_system,employees.csv,4427,4427,Jeronimo,Lopez,D002,Human Resources,Permanent,111035.4,,,,,Poor,Good,Good,Poor,Good,0
2026-06-29,legacy_hr_system,employees.csv,4428,4428,Olivia,Sanchez,D005,Operations,Permanent,109252.67,,,,,Fair,Fair,Good,Good,Good,0
2026-06-29,legacy_hr_system,employees.csv,4429,4429,Pedro,Ledesma,D001,Finance,Contractor,,,3402.86,30-11223344-5,Gamma Consulting,Good,Poor,Good,Fair,Fair,0
2026-06-29,legacy_hr_system,employees.csv,4430,4430,Renata,Arias,D005,Operations,Contractor,,4833.53,6367.46,30-11223344-5,Gamma Consulting,Good,Good,Fair,Good,Poor,0
2026-06-29,legacy_hr_system,employees.csv,4431,4431,Ignacio,Figueroa,D005,Operations,Permanent,85138.03,,,,,Good,Excellent,Good,Excellent,Poor,0
2026-06-29,legacy_hr_system,employees.csv,4432,4432,Ambar,Martinez,D004,Sales,Permanent,167463.5,,,,,Good,Good,Good,Good,Good,0
2026-06-29,legacy_hr_system,employees.csv,4433,4433,Ciro,Aguirre,D004,Sales,Contractor,,2680.43,4629.19,30-12345678-9,Alpha Consulting,Good,Fair,Good,Good,Fair,0
2026-06-29,legacy_hr_system,employees.csv,4434,4434,Julia,Rojas,D001,Finance,Contractor,,2949.38,3840.25,30-11223344-5,Gamma Consulting,Good,Good,Good,Poor,Good,0
2026-06-29,legacy_hr_system,employees.csv,4435,4435,Tobias,Alvarez,D001,Finance,Permanent,149515.57,,,,,Good,Fair,Excellent,Poor,Good,0
2026-06-29,legacy_hr_system,employees.csv,4436,4436,Clara,Flores,D001,Finance,Contractor,,3100.71,4023.45,30-99887766-1,Delta Consulting,Good,Good,Good,Good,Excellent,1
2026-06-29,legacy_hr_system,employees.csv,4437,4437,Dante,Ledesma,D005,Operations,Permanent,80862.32,,,,,Fair,Good,Poor,Poor,Fair,0
2026-06-29,legacy_hr_system,employees.csv,4438,4438,Lautaro Ezequiel,Quiroga,D005,Operations,Permanent,93192.15,,,,,Good,Good,Excellent,Fair,Excellent,0
2026-06-29,legacy_hr_system,employees.csv,4439,4439,Francisco,Gonzalez,D001,Finance,Permanent,70758.6,,,,,Excellent,Fair,Excellent,Fair,Good,0
2026-06-29,legacy_hr_system,employees.csv,4440,4440,Priscila,Gonzalez,D004,Sales,Permanent,120366.71,,,,,Excellent,Good,Good,Excellent,Fair,0
2026-06-29,legacy_hr_system,employees.csv,4441,4441,Lautaro Benjamin,Campos,D001,Finance,Permanent,84100.03,,,,,Good,Excellent,Good,Good,Fair,0
2026-06-29,legacy_hr_system,employees.csv,4442,4442,Mateo Valentin,Rodriguez,D001,Finance,Permanent,112033.18,,,,,Good,Poor,Good,Good,Excellent,0
2026-06-29,legacy_hr_system,employees.csv,4443,4443,Lautaro,Farias,D002,Human Resources,Permanent,161103.06,,,,,Good,Good,Fair,Fair,Good,0
2026-06-29,legacy_hr_system,employees.csv,4444,4444,Mateo Ezequiel,Maldonado,D003,IT,Contractor,,3959.44,4467.72,30-87654321-0,Beta Consulting,Good,Fair,Excellent,Excellent,Poor,0
2026-06-29,legacy_hr_system,employees.csv,4445,4445,Juana,Fernandez,D001,Finance,Permanent,117387.46,,,,,Excellent,Good,Excellent,Good,Poor,0
2026-06-29,legacy_hr_system,employees.csv,4446,4446,Elena,Valdez,D002,Human Resources,Permanent,176396.24,,,,,Poor,Good,Good,Good,Good,0
2026-06-29,legacy_hr_system,employees.csv,4447,4447,Ian Ezequiel,Martinez,D002,Human Resources,Permanent,135622.68,,,,,Fair,Good,Fair,Good,Good,0
2026-06-29,legacy_hr_system,employees.csv,4448,4448,Ezequiel,Rodriguez,D003,IT,Contractor,,2737.75,3073.98,30-99887766-1,Delta Consulting,Good,Good,Good,Good,Good,0
2026-06-29,legacy_hr_system,employees.csv,4449,4449,Valentino,Soto,D002,Human Resources,Contractor,,3315.1,5329.32,30-12345678-9,Alpha Consulting,Poor,Good,Poor,Poor,Good,0
2026-06-29,legacy_hr_system,employees.csv,4450,4450,Federico,Alvarez,D003,IT,Contractor,,2494.68,4791.2,30-99887766-1,Delta Consulting,Fair,Poor,Good,Good,Good,0
2026-06-29,legacy_hr_system,employees.csv,4451,4451,Benjamin,Soto,D001,Finance,Permanent,109092.8,,,,,Fair,Excellent,Fair,Good,Good,0
2026-06-29,legacy_hr_system,employees.csv,4452,4452,Thiago,Quiroga,D002,Human Resources,Contractor,,2852.77,2012.18,30-12345678-9,Alpha Consulting,Good,Good,Excellent,Poor,Fair,0
2026-06-29,legacy_hr_system,employees.csv,4453,4453,Antonella,Rodriguez,D002,Human Resources,Contractor,,2822.57,5469.37,30-11223344-5,Gamma Consulting,Good,Fair,Fair,Good,Good,0
2026-06-29,legacy_hr_system,employees.csv,4454,4454,Luana,Aguero,D005,Operations,Contractor,,2494.88,4552.53,30-12345678-9,Alpha Consulting,Good,Excellent,Good,Good,Good,0
2026-06-29,legacy_hr_system,employees.csv,4455,4455,Martina,Torres,D004,Sales,Unknown,97321.48,,,,,Fair,Fair,Poor,Excellent,Good,0
2026-06-29,legacy_hr_system,employees.csv,4456,4456,Bautista,Rodriguez,D005,Operations,Contractor,,3288.35,4283.48,30-87654321-0,Beta Consulting,Good,Good,Good,Fair,Good,1
2026-06-29,legacy_hr_system,employees.csv,4457,4457,Franco,Correa,D004,Sales,Permanent,91822.75,,,,,Good,Good,Good,Fair,Good,0
2026-06-29,legacy_hr_system,employees.csv,4458,4458,Felipe,Lopez,D005,Operations,Contractor,,4066.04,5428.93,30-99887766-1,Delta Consulting,Fair,Good,Poor,Excellent,Good,0
2026-06-29,legacy_hr_system,employees.csv,4459,4459,Maria Emilia,Cardozo,D001,Finance,Contractor,,2516.07,4997.79,30-12345678-9,Alpha Consulting,Good,Excellent,Good,Good,Good,0
2026-06-29,legacy_hr_system,employees.csv,4460,4460,Genaro,Garcia,D001,Finance,Contractor,,3429.93,5142.3,30-12345678-9,Alpha Consulting,Excellent,Fair,Good,Fair,Fair,0
2026-06-29,legacy_hr_system,employees.csv,4461,4461,Renata,Romero,D004,Sales,Contractor,,1644.6,5506.61,30-87654321-0,Beta Consulting,Good,Good,Excellent,Poor,Fair,0
2026-06-29,legacy_hr_system,employees.csv,4462,4462,Sofia Belen,Ledesma,D005,Operations,Permanent,102909.03,,,,,Fair,Good,Good,Good,Good,0
2026-06-29,legacy_hr_system,employees.csv,4463,4463,Emilia,Fernandez,D005,Operations,Permanent,109265.16,,,,,Fair,Good,Poor,Good,Poor,0
2026-06-29,legacy_hr_system,employees.csv,4464,4464,Justina,Gonzalez,D005,Operations,Contractor,,5110.31,4801.87,30-11223344-5,Gamma Consulting,Good,Good,Poor,Poor,Excellent,0
2026-06-29,legacy_hr_system,employees.csv,4465,4465,Gonzalo,Gimenez,D005,Operations,Permanent,108410.33,,,,,Fair,Fair,Good,Excellent,Good,0
2026-06-29,legacy_hr_system,employees.csv,4466,4466,Benjamin,Miranda,D003,IT,Permanent,53841.17,,,,,Excellent,Good,Fair,Fair,Good,0
2026-06-29,legacy_hr_system,employees.csv,4467,4467,Agostina,Hernandez,D004,Sales,Permanent,161692.92,,,,,Excellent,Good,Excellent,Good,Fair,0
2026-06-29,legacy_hr_system,employees.csv,4468,4468,Lautaro Benjamin,Rivero,D001,Finance,Contractor,,1923.83,3496.56,30-11223344-5,Gamma Consulting,Fair,Fair,Good,Good,Poor,0
2026-06-29,legacy_hr_system,employees.csv,4469,4469,Alma Jazmin,Gimenez,D005,Operations,Permanent,110059.43,,,,,Good,Good,Fair,Good,Good,0
2026-06-29,legacy_hr_system,employees.csv,4470,4470,Paloma,Flores,D001,Finance,Unknown,,4133.13,5273.24,30-99887766-1,Delta Consulting,Excellent,Fair,Excellent,Excellent,Fair,0
2026-06-29,legacy_hr_system,employees.csv,4471,4471,Mateo,Valdez,D005,Operations,Contractor,,2873.73,4808.29,30-87654321-0,Beta Consulting,Good,Excellent,Fair,Good,Good,0
2026-06-29,legacy_hr_system,employees.csv,4472,4472,Maximo,Bravo,D002,Human Resources,Permanent,101988.43,,,,,Poor,Good,Good,Poor,Good,0
2026-06-29,legacy_hr_system,employees.csv,4473,4473,Juan Ignacio,Diaz,D004,Sales,Permanent,124189.61,,,,,Good,Good,Excellent,Good,Fair,0
2026-06-29,legacy_hr_system,employees.csv,4474,4474,Ana Paula,Diaz,D001,Finance,Contractor,,3058.67,5468.77,30-12345678-9,Alpha Consulting,Poor,Poor,Fair,Excellent,Good,1
2026-06-29,legacy_hr_system,employees.csv,4475,4475,Joaquin,Cardozo,D004,Sales,Permanent,149015.34,,,,,Fair,Fair,Poor,Fair,Fair,0
2026-06-29,legacy_hr_system,employees.csv,4476,4476,Lucas,Mansilla,D001,Finance,Contractor,,3395.18,4137.65,30-11223344-5,Gamma Consulting,Good,Excellent,Good,Good,Fair,0
2026-06-29,legacy_hr_system,employees.csv,4477,4477,Augusto,Herrera,D004,Sales,Permanent,142254.67,,,,,Fair,Good,Good,Excellent,Good,0
2026-06-29,legacy_hr_system,employees.csv,4478,4478,Josefina,Moreno,D005,Operations,Contractor,,2926.43,3418.09,30-99887766-1,Delta Consulting,Excellent,Good,Good,Good,Good,1
2026-06-29,legacy_hr_system,employees.csv,4479,4479,Ezequiel,Lopez,D002,Human Resources,Permanent,107901.37,,,,,Good,Good,Good,Poor,Excellent,0
2026-06-29,legacy_hr_system,employees.csv,4480,4480,Benjamin Ezequiel,Moreno,D002,Human Resources,Permanent,122535.81,,,,,Fair,Good,Poor,Excellent,Excellent,1
2026-06-29,legacy_hr_system,employees.csv,4481,4481,Santiago,Gomez,D003,IT,Permanent,147306.47,,,,,Good,Good,Good,Good,Good,1
2026-06-29,legacy_hr_system,employees.csv,4482,4482,Bautista,Juarez,D001,Finance,Permanent,114494.15,,,,,Excellent,Good,Excellent,Poor,Excellent,0
2026-06-29,legacy_hr_system,employees.csv,4483,4483,Thiago Leonel,Gonzalez,D004,Sales,Permanent,83724.04,,,,,Good,Poor,Good,Excellent,Excellent,0
2026-06-29,legacy_hr_system,employees.csv,4484,4484,Emilia,Rojas,D005,Operations,Permanent,121702.25,,,,,Good,Poor,Good,Good,Fair,1
2026-06-29,legacy_hr_system,employees.csv,4485,4485,Bautista,Luna,D005,Operations,Permanent,123403.68,,,,,Good,Good,Good,Poor,Good,0
2026-06-29,legacy_hr_system,employees.csv,4486,4486,Matilda,Sanchez,D002,Human Resources,Contractor,,3148.67,5419.87,30-11223344-5,Gamma Consulting,Good,Fair,Good,Good,Good,1
2026-06-29,legacy_hr_system,employees.csv,4487,4487,Nicolas,Godoy,D003,IT,Permanent,150567.7,,,,,Good,Fair,Good,Good,Good,1
2026-06-29,legacy_hr_system,employees.csv,4488,4488,Martina,Perez,D005,Operations,Contractor,,2524.63,3883.86,30-12345678-9,Alpha Consulting,Poor,Good,Good,Excellent,Good,0
2026-06-29,legacy_hr_system,employees.csv,4489,4489,Maria Belen,Ortiz,D004,Sales,Permanent,88794.04,,,,,Good,Excellent,Excellent,Good,Good,0
2026-06-29,legacy_hr_system,employees.csv,4490,4490,Lucas,Caceres,D004,Sales,Contractor,,3559.05,5948.82,30-12345678-9,Alpha Consulting,Fair,Poor,Excellent,Good,Good,0
2026-06-29,legacy_hr_system,employees.csv,4491,4491,Isabella,Sanchez,D003,IT,Permanent,110547.54,,,,,Good,Good,Fair,Good,Fair,0
2026-06-29,legacy_hr_system,employees.csv,4492,4492,Juan David,Gonzalez,D001,Finance,Contractor,,2806.86,5966.78,30-12345678-9,Alpha Consulting,Poor,Good,Excellent,Good,Fair,0
2026-06-29,legacy_hr_system,employees.csv,4493,4493,Benicio,Garcia,D004,Sales,Permanent,135166.74,,,,,Good,Excellent,Fair,Excellent,Good,0
2026-06-29,legacy_hr_system,employees.csv,4494,4494,Camila,Diaz,D002,Human Resources,Permanent,133087.07,,,,,Excellent,Good,Fair,Excellent,Excellent,0
2026-06-29,legacy_hr_system,employees.csv,4495,4495,Gonzalo,Ojeda,D002,Human Resources,Contractor,,2047.27,5178.73,30-12345678-9,Alpha Consulting,Fair,Fair,Good,Good,Fair,0
2026-06-29,legacy_hr_system,employees.csv,4496,4496,Martin,Quiroga,D003,IT,Unknown,,2256.69,3365.98,30-99887766-1,Delta Consulting,Good,Poor,Good,Good,Good,1
2026-06-29,legacy_hr_system,employees.csv,4497,4497,Catalina,Ramirez,D002,Human Resources,Permanent,109596.85,,,,,Fair,Excellent,Good,Excellent,Good,0
2026-06-29,legacy_hr_system,employees.csv,4498,4498,Thiago Nicolas,Gomez,D003,IT,Contractor,,2531.37,4278.4,30-87654321-0,Beta Consulting,Fair,Fair,Poor,Good,Poor,0
2026-06-29,legacy_hr_system,employees.csv,4499,4499,Micaela,Fernandez,D005,Operations,Contractor,,1847.21,5458.82,30-99887766-1,Delta Consulting,Good,Good,Good,Good,Good,0
2026-06-29,legacy_hr_system,employees.csv,4500,4500,Maria Victoria,Alvarez,D001,Finance,Permanent,153830.59,,,,,Good,Poor,Good,Good,Good,0
2026-06-29,legacy_hr_system,employees.csv,4501,2324,Martina,Rojas,D002,Human Resources,Contractor,,4529.14,3219.54,30-99887766-1,Delta Consulting,Good,Excellent,Good,Good,Fair,1
2026-06-29,legacy_hr_system,employees.csv,4502,3687,Luca,Perez,D005,Operations,Unknown,135543.05,,,,,Excellent,Poor,Good,Excellent,Fair,1
2026-06-29,legacy_hr_system,employees.csv,4503,2975,Matilda,Rodriguez,D004,Sales,Permanent,149704.99,,,,,Excellent,Good,Good,Good,Good,0
2026-06-29,legacy_hr_system,employees.csv,4504,2993,Tiziano,Aguero,D005,Operations,Contractor,,3222.68,3990.79,30-12345678-9,Alpha Consulting,Excellent,Fair,Poor,Good,Good,0
2026-06-29,legacy_hr_system,employees.csv,4505,469,Julia,Avila,D005,Operations,Permanent,175468.68,,,,,Good,Fair,Poor,Excellent,Good,0
2026-06-29,legacy_hr_system,employees.csv,4506,2641,Juan Sebastian,Rodriguez,D003,IT,Permanent,94483.94,,,,,Good,Poor,Good,Poor,Poor,0
2026-06-29,legacy_hr_system,employees.csv,4507,1910,Elena,Roldan,D001,Finance,Unknown,122860.33,,,,,Fair,Fair,Excellent,Poor,Poor,0
2026-06-29,legacy_hr_system,employees.csv,4508,152,Miguel Angel,Nuñez,D003,IT,Permanent,139541.74,,,,,Excellent,Good,Good,Good,Poor,0
2026-06-29,legacy_hr_system,employees.csv,4509,3896,Matias,Velazquez,D002,Human Resources,Contractor,,1920.18,6268.17,30-99887766-1,Delta Consulting,Good,Poor,Good,Good,Good,0
2026-06-29,legacy_hr_system,employees.csv,4510,3649,Alejo,Cruz,D003,IT,Permanent,127449.75,,,,,Fair,Good,Excellent,Good,Excellent,0
2026-06-29,legacy_hr_system,employees.csv,4511,417,Bruno,Medina,D003,IT,Permanent,,,,,,Excellent,Excellent,Excellent,Good,Good,1
2026-06-29,legacy_hr_system,employees.csv,4512,2304,Lautaro Benjamin,Blanco,D001,Finance,Permanent,147011.96,,,,,Good,Fair,Fair,Excellent,Excellent,0
2026-06-29,legacy_hr_system,employees.csv,4513,3571,Juan Ignacio,Diaz,D004,Sales,Permanent,116555.93,,,,,Excellent,Good,Fair,Good,Good,0
2026-06-29,legacy_hr_system,employees.csv,4514,1452,Giuliana,Farias,D002,Human Resources,Contractor,,2008.59,4559.93,30-99887766-1,Delta Consulting,Good,Good,Good,Good,Poor,0
2026-06-29,legacy_hr_system,employees.csv,4515,1483,Francesca,Toledo,D002,Human Resources,Contractor,,3212.29,3917.24,30-87654321-0,Beta Consulting,Good,Good,Good,Good,Good,0
2026-06-29,legacy_hr_system,employees.csv,4516,3742,Violeta,Hernandez,D002,Human Resources,Contractor,,3332.67,5100.21,30-87654321-0,Beta Consulting,Good,Poor,Good,Good,Good,0
2026-06-29,legacy_hr_system,employees.csv,4517,681,Santino,Farias,D005,Operations,Permanent,141250.69,,,,,Fair,Excellent,Good,Good,Excellent,0
2026-06-29,legacy_hr_system,employees.csv,4518,4050,Catalina,Benitez,D002,Human Resources,Permanent,99854.63,,,,,Fair,Poor,Good,Good,Fair,0
2026-06-29,legacy_hr_system,employees.csv,4519,2733,Ivan,Perez,D003,IT,Permanent,82065.05,,,,,Good,Excellent,Good,Fair,Good,0
2026-06-29,legacy_hr_system,employees.csv,4520,1865,Thiago,Cordoba,D002,Human Resources,Permanent,85869.43,,,,,Good,Good,Fair,Poor,Excellent,0
2026-06-29,legacy_hr_system,employees.csv,4521,2469,Juan Pablo,Gonzalez,D001,Finance,Contractor,,1978.96,3211.69,30-12345678-9,Alpha Consulting,Good,Good,Good,Poor,Fair,0
2026-06-29,legacy_hr_system,employees.csv,4522,1974,Nina,Muñoz,D005,Operations,Permanent,125850.75,,,,,Good,Good,Good,Excellent,Good,0
2026-06-29,legacy_hr_system,employees.csv,4523,3300,Pilar,Aguirre,D005,Operations,Contractor,,3549.08,3661.11,30-11223344-5,Gamma Consulting,Excellent,Poor,Poor,Good,Good,0
2026-06-29,legacy_hr_system,employees.csv,4524,3714,Thiago Nicolas,Diaz,D002,Human Resources,Contractor,,4384.94,3864.59,30-11223344-5,Gamma Consulting,Good,Good,Good,Fair,Good,1
2026-06-29,legacy_hr_system,employees.csv,4525,4088,Federico,Alvarez,D002,Human Resources,Contractor,,3315.66,4074.24,30-87654321-0,Beta Consulting,Excellent,Good,Excellent,Good,Good,0
2026-06-29,legacy_hr_system,employees.csv,4526,1129,Mia,Diaz,D005,Operations,Permanent,47272.79,,,,,Excellent,Good,Good,Good,Good,0
2026-06-29,legacy_hr_system,employees.csv,4527,1607,Valentina,Cordoba,D005,Operations,Permanent,179293.22,,,,,Fair,Good,Good,Excellent,Good,0
2026-06-29,legacy_hr_system,employees.csv,4528,1439,Pilar,Bustos,D001,Finance,Contractor,,2366.06,4192.04,30-87654321-0,Beta Consulting,Excellent,Good,Fair,Good,Good,0
2026-06-29,legacy_hr_system,employees.csv,4529,3488,Isabella,Torres,D002,Human Resources,Permanent,,,,,,Good,Poor,Good,Fair,Fair,0
2026-06-29,legacy_hr_system,employees.csv,4530,897,Mateo Benjamin,Maidana,D001,Finance,Permanent,108626.17,,,,,Good,Excellent,Fair,Good,Good,0
2026-06-29,legacy_hr_system,employees.csv,4531,4021,Santino,Medina,D005,Operations,Contractor,,1576.48,3560.03,30-99887766-1,Delta Consulting,Fair,Fair,Fair,Excellent,Good,0
2026-06-29,legacy_hr_system,employees.csv,4532,3170,Emma,Rivero,D002,Human Resources,Contractor,,3938.75,4227.46,30-12345678-9,Alpha Consulting,Good,Poor,Fair,Good,Poor,0
2026-06-29,legacy_hr_system,employees.csv,4533,472,Micaela,Cardozo,D003,IT,Contractor,,2114.78,7073.36,30-12345678-9,Alpha Consulting,Fair,Fair,Fair,Good,Fair,0
2026-06-29,legacy_hr_system,employees.csv,4534,4411,Kiara,Juarez,D003,IT,Permanent,80385.2,,,,,Good,Good,Good,Excellent,Good,0
2026-06-29,legacy_hr_system,employees.csv,4535,4271,Juan Bautista,Blanco,D003,IT,Contractor,,2526.21,5475.71,30-12345678-9,Alpha Consulting,Good,Excellent,Good,Excellent,Excellent,0
2026-06-29,legacy_hr_system,employees.csv,4536,3634,Tiziano,Castillo,D003,IT,Permanent,,,,,,Good,Good,Fair,Good,Fair,0
2026-06-29,legacy_hr_system,employees.csv,4537,1603,Benjamin,Vargas,D005,Operations,Permanent,91381.82,,,,,Good,Good,Good,Good,Good,1
2026-06-29,legacy_hr_system,employees.csv,4538,1862,Rosario,Alvarez,D003,IT,Permanent,53833.02,,,,,Good,Excellent,Fair,Good,Fair,0
2026-06-29,legacy_hr_system,employees.csv,4539,4128,Guadalupe,Gomez,D004,Sales,Permanent,126152.26,,,,,Good,Poor,Good,Fair,Good,0
2026-06-29,legacy_hr_system,employees.csv,4540,3657,Mateo,Sanchez,D003,IT,Contractor,,1876.61,4365.82,30-99887766-1,Delta Consulting,Fair,Good,Poor,Excellent,Fair,0
2026-06-29,legacy_hr_system,employees.csv,4541,200,Ambar,Medina,D003,IT,Contractor,,3090.81,5162.13,30-11223344-5,Gamma Consulting,Fair,Fair,Poor,Excellent,Good,0
2026-06-29,legacy_hr_system,employees.csv,4542,444,Mateo,Benitez,D003,IT,Permanent,123281.84,,,,,Good,Good,Good,Good,Good,0
2026-06-29,legacy_hr_system,employees.csv,4543,2606,Mia,Medina,D001,Finance,Permanent,142325.57,,,,,Good,Fair,Poor,Good,Fair,0
2026-06-29,legacy_hr_system,employees.csv,4544,3435,Santino,Gomez,D003,IT,Permanent,82079.81,,,,,Good,Excellent,Fair,Good,Good,0
2026-06-29,legacy_hr_system,employees.csv,4545,945,Mora,Diaz,D002,Human Resources,Permanent,97327.65,,,,,Excellent,Fair,Fair,Good,Good,0
2026-06-29,legacy_hr_system,employees.csv,4546,2032,Mateo,Diaz,D005,Operations,Permanent,186563.41,,,,,Good,Excellent,Good,Good,Good,0
2026-06-29,legacy_hr_system,employees.csv,4547,2544,Guillermina,Lopez,D002,Human Resources,Contractor,,3264.68,5951.0,30-11223344-5,Gamma Consulting,Excellent,Good,Good,Good,Good,0
2026-06-29,legacy_hr_system,employees.csv,4548,3544,Lucia,Silva,D003,IT,Permanent,143697.59,,,,,Good,Good,Fair,Good,Good,0
2026-06-29,legacy_hr_system,employees.csv,4549,721,Joaquin,Vargas,D001,Finance,Permanent,89951.4,,,,,Fair,Good,Excellent,Excellent,Good,0
2026-06-29,legacy_hr_system,employees.csv,4550,1197,Bruno,Godoy,D004,Sales,Permanent,119313.96,,,,,Good,Good,Poor,Good,Good,0
2026-06-29,legacy_hr_system,employees.csv,4551,3251,Juan Ignacio,Muñoz,D002,Human Resources,Contractor,,3612.99,3459.81,30-99887766-1,Delta Consulting,Good,Fair,Excellent,Fair,Poor,0
2026-06-29,legacy_hr_system,employees.csv,4552,3013,Pilar,Romero,D002,Human Resources,Permanent,103858.57,,,,,Good,Good,Excellent,Good,Fair,0
2026-06-29,legacy_hr_system,employees.csv,4553,1845,Mora,Dominguez,D002,Human Resources,Contractor,,3297.68,4889.16,30-87654321-0,Beta Consulting,Good,Excellent,Excellent,Good,Good,0
2026-06-29,legacy_hr_system,employees.csv,4554,3179,Catalina,Juarez,D002,Human Resources,Contractor,,3384.6,5996.71,30-11223344-5,Gamma Consulting,Excellent,Fair,Excellent,Poor,Good,0
2026-06-29,legacy_hr_system,employees.csv,4555,3683,Ignacio,Lopez,D004,Sales,Permanent,142398.34,,,,,Poor,Good,Good,Good,Good,0
2026-06-29,legacy_hr_system,employees.csv,4556,253,Martina,Moreno,D002,Human Resources,Permanent,115201.84,,,,,Good,Good,Good,Good,Good,0
2026-06-29,legacy_hr_system,employees.csv,4557,158,Fausto,Cruz,D001,Finance,Permanent,189439.76,,,,,Excellent,Good,Poor,Good,Good,0
2026-06-29,legacy_hr_system,employees.csv,4558,288,Victoria,Cordoba,D003,IT,Permanent,157134.49,,,,,Good,Good,Good,Good,Good,0
2026-06-29,legacy_hr_system,employees.csv,4559,1559,Salvador,Navarro,D004,Sales,Permanent,125542.22,,,,,Excellent,Excellent,Good,Poor,Good,0
2026-06-29,legacy_hr_system,employees.csv,4560,1457,Lucas,Ortiz,D004,Sales,Contractor,,3991.16,4709.66,30-87654321-0,Beta Consulting,Good,Excellent,Fair,Poor,Fair,0
2026-06-29,legacy_hr_system,employees.csv,4561,4292,Pedro,Rios,D005,Operations,Contractor,,,3329.72,30-11223344-5,Gamma Consulting,Excellent,Fair,Good,Good,Good,1
2026-06-29,legacy_hr_system,employees.csv,4562,4114,Pedro,Mansilla,D005,Operations,Permanent,118642.37,,,,,Excellent,Excellent,Poor,Poor,Fair,0
2026-06-29,legacy_hr_system,employees.csv,4563,1363,Alvaro,Lopez,D001,Finance,Contractor,,2792.96,6098.65,30-11223344-5,Gamma Consulting,Good,Good,Good,Poor,Excellent,0
2026-06-29,legacy_hr_system,employees.csv,4564,2043,Luz Milagros,Luna,D003,IT,Contractor,,3666.67,3395.14,30-11223344-5,Gamma Consulting,Good,Excellent,Fair,Good,Good,0
2026-06-29,legacy_hr_system,employees.csv,4565,24,Santino,Garcia,D001,Finance,Permanent,175568.35,,,,,Excellent,Good,Good,Good,Good,1
2026-06-29,legacy_hr_system,employees.csv,4566,2678,Jazmín,Gonzalez,D005,Operations,Permanent,106264.55,,,,,Good,Good,Fair,Good,Excellent,0
2026-06-29,legacy_hr_system,employees.csv,4567,694,Milena,Ledesma,D005,Operations,Permanent,153518.87,,,,,Good,Excellent,Fair,Good,Poor,0
2026-06-29,legacy_hr_system,employees.csv,4568,416,Francisca,Benitez,D005,Operations,Contractor,,1231.09,4735.61,30-11223344-5,Gamma Consulting,Fair,Good,Excellent,Good,Good,1
2026-06-29,legacy_hr_system,employees.csv,4569,3766,Olivia,Lopez,D002,Human Resources,Contractor,,4618.07,5752.54,30-11223344-5,Gamma Consulting,Good,Good,Good,Good,Good,1
2026-06-29,legacy_hr_system,employees.csv,4570,299,Constanza,Perez,D004,Sales,Permanent,86260.74,,,,,Excellent,Excellent,Fair,Good,Good,0
2026-06-29,legacy_hr_system,employees.csv,4571,3978,Santino Gabriel,Ruiz,D005,Operations,Permanent,120944.75,,,,,Good,Poor,Good,Good,Fair,0
2026-06-29,legacy_hr_system,employees.csv,4572,3803,Benjamin Alejandro,Romero,D004,Sales,Contractor,,2355.92,4688.48,30-11223344-5,Gamma Consulting,Good,Poor,Good,Poor,Poor,0
2026-06-29,legacy_hr_system,employees.csv,4573,1968,Juan Martin,Gimenez,D005,Operations,Permanent,172664.27,,,,,Good,Good,Excellent,Poor,Good,0
2026-06-29,legacy_hr_system,employees.csv,4574,808,Ciro,Godoy,D004,Sales,Contractor,,4922.73,4442.38,30-11223344-5,Gamma Consulting,Excellent,Good,Good,Good,Good,1
2026-06-29,legacy_hr_system,employees.csv,4575,2584,Francisco,Guzman,D001,Finance,Permanent,95281.94,,,,,Good,Good,Fair,Good,Fair,0
2026-06-29,legacy_hr_system,employees.csv,4576,777,Juan Ignacio,Diaz,D005,Operations,Permanent,122304.66,,,,,Excellent,Poor,Fair,Good,Fair,0
2026-06-29,legacy_hr_system,employees.csv,4577,3271,Ignacio,Martinez,D003,IT,Permanent,145574.06,,,,,Good,Good,Good,Good,Good,0
2026-06-29,legacy_hr_system,employees.csv,4578,430,Santino,Godoy,D004,Sales,Permanent,111903.75,,,,,Good,Fair,Fair,Poor,Good,1
2026-06-29,legacy_hr_system,employees.csv,4579,2656,Dylan Benjamin,Velazquez,D004,Sales,Permanent,104262.99,,,,,Fair,Good,Good,Good,Good,1
2026-06-29,legacy_hr_system,employees.csv,4580,3276,Ana Paula,Sanchez,D005,Operations,Contractor,,2532.44,3750.64,30-99887766-1,Delta Consulting,Good,Good,Poor,Excellent,Excellent,0
2026-06-29,legacy_hr_system,employees.csv,4581,2634,Agustin,Lopez,D003,IT,Permanent,115492.71,,,,,Excellent,Good,Good,Fair,Excellent,0
2026-06-29,legacy_hr_system,employees.csv,4582,323,Joaquina,Aguirre,D001,Finance,Permanent,80865.91,,,,,Excellent,Good,Excellent,Excellent,Fair,0
2026-06-29,legacy_hr_system,employees.csv,4583,1879,Catalina,Rodriguez,D003,IT,Permanent,125918.77,,,,,Good,Excellent,Fair,Good,Good,0
2026-06-29,legacy_hr_system,employees.csv,4584,1610,Thiago,Sosa,D002,Human Resources,Permanent,123130.68,,,,,Fair,Good,Poor,Good,Good,0
2026-06-29,legacy_hr_system,employees.csv,4585,1719,Julian,Lucero,D002,Human Resources,Contractor,,2196.83,4707.27,30-87654321-0,Beta Consulting,Fair,Good,Fair,Good,Poor,0
2026-06-29,legacy_hr_system,employees.csv,4586,765,Tomàs,Franco,D004,Sales,Permanent,108881.57,,,,,Good,Excellent,Good,Good,Good,0
2026-06-29,legacy_hr_system,employees.csv,4587,1925,Lorenzo,Mansilla,D002,Human Resources,Contractor,,4145.09,5581.77,30-11223344-5,Gamma Consulting,Excellent,Excellent,Excellent,Good,Good,0
2026-06-29,legacy_hr_system,employees.csv,4588,2243,Santiago,Lopez,D002,Human Resources,Contractor,,2928.61,4462.43,30-99887766-1,Delta Consulting,Poor,Fair,Excellent,Good,Fair,1
2026-06-29,legacy_hr_system,employees.csv,4589,1462,Delfina,Pereyra,D001,Finance,Permanent,131772.48,,,,,Excellent,Fair,Good,Good,Poor,0
2026-06-29,legacy_hr_system,employees.csv,4590,3880,Alma,Lopez,D001,Finance,Contractor,,2047.67,5425.98,30-11223344-5,Gamma Consulting,Good,Good,Excellent,Fair,Poor,0
2026-06-29,legacy_hr_system,employees.csv,4591,1345,Micaela,Perez,D001,Finance,Permanent,143389.82,,,,,Good,Good,Good,Fair,Good,0
2026-06-29,legacy_hr_system,employees.csv,4592,3050,Santino Nicolas,Rojas,D004,Sales,Permanent,60134.05,,,,,Good,Excellent,Good,Good,Poor,0
2026-06-29,legacy_hr_system,employees.csv,4593,4325,Mia Morena,Bravo,D004,Sales,Contractor,,4226.3,3154.99,30-12345678-9,Alpha Consulting,Excellent,Fair,Good,Good,Good,0
2026-06-29,legacy_hr_system,employees.csv,4594,1376,Francisco,Sosa,D001,Finance,Permanent,65968.27,,,,,Good,Fair,Fair,Good,Fair,0
2026-06-29,legacy_hr_system,employees.csv,4595,1564,Olivia,Suarez,D002,Human Resources,Permanent,161185.45,,,,,Excellent,Good,Excellent,Good,Good,0
2026-06-29,legacy_hr_system,employees.csv,4596,669,Simon,Garcia,D005,Operations,Unknown,,2178.79,4632.97,30-87654321-0,Beta Consulting,Good,Excellent,Good,Good,Excellent,0
2026-06-29,legacy_hr_system,employees.csv,4597,4395,Ignacio,Fernandez,D003,IT,Permanent,176765.75,,,,,Fair,Fair,Fair,Fair,Excellent,0
2026-06-29,legacy_hr_system,employees.csv,4598,2270,Juan,Rodriguez,D005,Operations,Contractor,,1598.54,4110.08,30-12345678-9,Alpha Consulting,Good,Good,Excellent,Fair,Fair,0
2026-06-29,legacy_hr_system,employees.csv,4599,2684,Morena Jazmin,Romero,D002,Human Resources,Permanent,125041.79,,,,,Good,Good,Good,Fair,Good,1
2026-06-29,legacy_hr_system,employees.csv,4600,2506,Benjamin,Morales,D004,Sales,Contractor,,2260.35,2902.4,30-11223344-5,Gamma Consulting,Good,Good,Poor,Good,Good,0
2026-06-29,legacy_hr_system,employees.csv,4601,2023,Victoria,Peralta,D005,Operations,Permanent,171123.17,,,,,Good,Excellent,Poor,Good,Good,0
2026-06-29,legacy_hr_system,employees.csv,4602,2631,Camila,Sanchez,D005,Operations,Permanent,144604.75,,,,,Good,Good,Good,Fair,Good,0
2026-06-29,legacy_hr_system,employees.csv,4603,4121,Emma,Suarez,D005,Operations,Permanent,104440.0,,,,,Excellent,Good,Excellent,Excellent,Excellent,0
2026-06-29,legacy_hr_system,employees.csv,4604,2211,Camilo,Martinez,D001,Finance,Permanent,156569.12,,,,,Good,Good,Good,Good,Good,0
2026-06-29,legacy_hr_system,employees.csv,4605,3286,Lautaro Ezequiel,Blanco,D003,IT,Permanent,147567.45,,,,,Good,Good,Good,Excellent,Excellent,0
2026-06-29,legacy_hr_system,employees.csv,4606,1942,Maria Paz,Garcia,D003,IT,Permanent,146556.94,,,,,Good,Good,Good,Fair,Excellent,0
2026-06-29,legacy_hr_system,employees.csv,4607,2632,Olivia,Alvarez,D005,Operations,Contractor,,2948.25,4572.87,30-12345678-9,Alpha Consulting,Good,Poor,Good,Excellent,Fair,1
2026-06-29,legacy_hr_system,employees.csv,4608,3957,Morena,Blanco,D001,Finance,Permanent,109389.43,,,,,Poor,Excellent,Excellent,Good,Good,0
2026-06-29,legacy_hr_system,employees.csv,4609,1322,Francesco,Gimenez,D001,Finance,Permanent,63544.53,,,,,Excellent,Fair,Excellent,Good,Poor,0
2026-06-29,legacy_hr_system,employees.csv,4610,3114,Ana Paula,Sosa,D002,Human Resources,Permanent,141476.18,,,,,Fair,Fair,Good,Fair,Good,0
2026-06-29,legacy_hr_system,employees.csv,4611,3545,Violeta,Vega,D003,IT,Contractor,,3775.66,4826.86,30-87654321-0,Beta Consulting,Good,Excellent,Good,Excellent,Good,0
2026-06-29,legacy_hr_system,employees.csv,4612,1783,Milagros,Moyano,D002,Human Resources,Permanent,118637.66,,,,,Fair,Good,Fair,Good,Good,0
2026-06-29,legacy_hr_system,employees.csv,4613,1091,Bautista,Lopez,D002,Human Resources,Contractor,,3070.73,5977.53,30-99887766-1,Delta Consulting,Good,Good,Excellent,Fair,Good,0
2026-06-29,legacy_hr_system,employees.csv,4614,1552,Uma ,Rodriguez,D001,Finance,Permanent,112979.4,,,,,Fair,Fair,Good,Good,Fair,0
2026-06-29,legacy_hr_system,employees.csv,4615,2234,Constanza,Arias,D001,Finance,Permanent,97326.25,,,,,Fair,Good,Good,Excellent,Excellent,1
2026-06-29,legacy_hr_system,employees.csv,4616,4420,Benjamin,Maidana,D003,IT,Contractor,,3333.44,5667.12,30-12345678-9,Alpha Consulting,Excellent,Good,Poor,Fair,Excellent,0
2026-06-29,legacy_hr_system,employees.csv,4617,3175,Benjamin Ezequiel,Dominguez,D001,Finance,Permanent,61897.42,,,,,Fair,Fair,Good,Good,Good,0
2026-06-29,legacy_hr_system,employees.csv,4618,4463,Emilia,Fernandez,D005,Operations,Permanent,109265.16,,,,,Fair,Good,Poor,Good,Poor,0
2026-06-29,legacy_hr_system,employees.csv,4619,3090,Isabella,Rodriguez,D004,Sales,Contractor,,2138.66,3737.48,30-11223344-5,Gamma Consulting,Excellent,Good,Good,Excellent,Good,0
2026-06-29,legacy_hr_system,employees.csv,4620,2092,Juan Pablo,Gonzalez,D002,Human Resources,Permanent,118074.35,,,,,Fair,Excellent,Good,Good,Good,0
2026-06-29,legacy_hr_system,employees.csv,4621,479,Benjamin,Rojas,D003,IT,Permanent,103697.26,,,,,Good,Good,Good,Good,Fair,0
2026-06-29,legacy_hr_system,employees.csv,4622,2652,Ema,Ortiz,D004,Sales,Permanent,151955.16,,,,,Excellent,Good,Fair,Good,Fair,0
2026-06-29,legacy_hr_system,employees.csv,4623,2723,Tiziano,Martin,D004,Sales,Permanent,71991.87,,,,,Good,Good,Excellent,Good,Good,0
2026-06-29,legacy_hr_system,employees.csv,4624,2286,Lola,Romero,D005,Operations,Permanent,159917.25,,,,,Good,Fair,Good,Excellent,Good,0
2026-06-29,legacy_hr_system,employees.csv,4625,1721,Joaquin,Ruiz,D003,IT,Contractor,,2422.61,4676.82,30-12345678-9,Alpha Consulting,Fair,Good,Good,Fair,Good,0
2026-06-29,legacy_hr_system,employees.csv,4626,4164,Julieta,Miranda,D003,IT,Unknown,95557.32,,,,,Good,Excellent,Excellent,Excellent,Excellent,0
2026-06-29,legacy_hr_system,employees.csv,4627,4290,Valentino,Gonzalez,D003,IT,Permanent,125144.08,,,,,Fair,Excellent,Good,Good,Good,0
2026-06-29,legacy_hr_system,employees.csv,4628,2727,Thiago Gabriel,Perez,D002,Human Resources,Permanent,60944.87,,,,,Good,Excellent,Good,Good,Fair,0
2026-06-29,legacy_hr_system,employees.csv,4629,3935,Emma,Rodriguez,D004,Sales,Contractor,,3132.32,3117.98,30-12345678-9,Alpha Consulting,Good,Good,Excellent,Fair,Fair,0
2026-06-29,legacy_hr_system,employees.csv,4630,2494,Santino,Ojeda,D002,Human Resources,Contractor,,2825.08,4408.6,30-87654321-0,Beta Consulting,Poor,Fair,Fair,Excellent,Good,0
2026-06-29,legacy_hr_system,employees.csv,4631,706,Emma,Fernandez,D005,Operations,Contractor,,3672.51,3847.38,30-87654321-0,Beta Consulting,Excellent,Good,Good,Good,Fair,0
2026-06-29,legacy_hr_system,employees.csv,4632,52,Thiago Ezequiel,Rojas,D002,Human Resources,Contractor,,3289.31,3854.88,30-87654321-0,Beta Consulting,Excellent,Good,Good,Fair,Excellent,0
2026-06-29,legacy_hr_system,employees.csv,4633,692,Lara,Arias,D002,Human Resources,Contractor,,3281.64,3248.46,30-11223344-5,Gamma Consulting,Good,Fair,Fair,Good,Excellent,0
2026-06-29,legacy_hr_system,employees.csv,4634,3573,Morena,Cardozo,D004,Sales,Permanent,100278.82,,,,,Poor,Excellent,Good,Good,Fair,0
2026-06-29,legacy_hr_system,employees.csv,4635,1953,Isabella,Torres,D004,Sales,Permanent,105440.82,,,,,Good,Good,Good,Good,Excellent,0
2026-06-29,legacy_hr_system,employees.csv,4636,4005,Olivia,Perez,D003,IT,Contractor,,2849.44,4396.41,30-87654321-0,Beta Consulting,Excellent,Fair,Good,Excellent,Good,0
2026-06-29,legacy_hr_system,employees.csv,4637,916,Camila,Aguirre,D004,Sales,Permanent,97934.1,,,,,Good,Poor,Good,Excellent,Good,0
2026-06-29,legacy_hr_system,employees.csv,4638,2551,Luz Milagros,Pereyra,D002,Human Resources,Contractor,,2574.84,2932.14,30-99887766-1,Delta Consulting,Good,Good,Fair,Good,Fair,0
2026-06-29,legacy_hr_system,employees.csv,4639,27,Thiago Benjamin,Maidana,D004,Sales,Permanent,83374.69,,,,,Good,Fair,Fair,Good,Good,0
2026-06-29,legacy_hr_system,employees.csv,4640,3426,Ana Paula,Gomez,D002,Human Resources,Permanent,110831.68,,,,,Good,Good,Good,Poor,Good,0
2026-06-29,legacy_hr_system,employees.csv,4641,3559,Lorenzo,Ramirez,D005,Operations,Contractor,,1900.93,5878.47,30-12345678-9,Alpha Consulting,Good,Good,Excellent,Excellent,Excellent,0
2026-06-29,legacy_hr_system,employees.csv,4642,2580,Nina,Ayala,D001,Finance,Contractor,,1816.44,5759.23,30-12345678-9,Alpha Consulting,Excellent,Good,Good,Good,Poor,0
2026-06-29,legacy_hr_system,employees.csv,4643,3443,Santino,Moreno,D005,Operations,Permanent,72123.18,,,,,Good,Fair,Good,Good,Fair,0
2026-06-29,legacy_hr_system,employees.csv,4644,298,Alma,Lucero,D001,Finance,Permanent,141348.45,,,,,Excellent,Good,Good,Good,Good,0
2026-06-29,legacy_hr_system,employees.csv,4645,297,Delfina,Figueroa,D002,Human Resources,Permanent,135433.17,,,,,Good,Excellent,Good,Good,Excellent,0
2026-06-29,legacy_hr_system,employees.csv,4646,2882,Abril,Rodriguez,D003,IT,Permanent,117627.98,,,,,Good,Excellent,Good,Good,Fair,0
2026-06-29,legacy_hr_system,employees.csv,4647,4288,Samuel,Luna,D002,Human Resources,Contractor,,3245.11,3501.69,30-11223344-5,Gamma Consulting,Excellent,Good,Good,Good,Poor,0
2026-06-29,legacy_hr_system,employees.csv,4648,2124,Lucas,Ortiz,D005,Operations,Contractor,,3282.0,3929.65,30-99887766-1,Delta Consulting,Poor,Excellent,Good,Good,Excellent,0
2026-06-29,legacy_hr_system,employees.csv,4649,133,Zoe Jazmin,Quiroga,D003,IT,Permanent,141420.01,,,,,Excellent,Poor,Excellent,Fair,Excellent,0
2026-06-29,legacy_hr_system,employees.csv,4650,4321,Sofia,Muñoz,D001,Finance,Contractor,,3763.27,5718.48,30-99887766-1,Delta Consulting,Good,Good,Good,Poor,Good,0
2026-06-29,legacy_hr_system,employees.csv,4651,3901,Genaro,Peralta,D002,Human Resources,Permanent,149281.22,,,,,Fair,Fair,Poor,Fair,Good,0
2026-06-29,legacy_hr_system,employees.csv,4652,1052,Isabella,Gonzalez,D003,IT,Permanent,198050.49,,,,,Good,Fair,Excellent,Fair,Excellent,0
2026-06-29,legacy_hr_system,employees.csv,4653,894,Thiago Agustin,Sosa,D002,Human Resources,Contractor,,4311.29,6177.7,30-12345678-9,Alpha Consulting,Fair,Good,Good,Excellent,Good,0
2026-06-29,legacy_hr_system,employees.csv,4654,3486,Octavio,Ojeda,D004,Sales,Permanent,69459.97,,,,,Poor,Fair,Good,Good,Fair,0
2026-06-29,legacy_hr_system,employees.csv,4655,439,Emma,Bustos,D003,IT,Permanent,164881.33,,,,,Excellent,Good,Fair,Fair,Good,0
2026-06-29,legacy_hr_system,employees.csv,4656,2184,Lucas,Ruiz,D003,IT,Contractor,,3957.8,3128.33,30-99887766-1,Delta Consulting,Good,Good,Good,Fair,Excellent,0
2026-06-29,legacy_hr_system,employees.csv,4657,2593,Santino,Maldonado,D002,Human Resources,Contractor,,3316.66,5192.86,30-99887766-1,Delta Consulting,Excellent,Poor,Excellent,Good,Good,0
2026-06-29,legacy_hr_system,employees.csv,4658,275,Thiago Agustin,Rodriguez,D004,Sales,Contractor,,2328.22,3900.61,30-87654321-0,Beta Consulting,Good,Excellent,Good,Excellent,Good,0
2026-06-29,legacy_hr_system,employees.csv,4659,464,Simon,Silva,D005,Operations,Permanent,111818.29,,,,,Excellent,Good,Good,Good,Excellent,0
2026-06-29,legacy_hr_system,employees.csv,4660,2104,Malena,Ledesma,D002,Human Resources,Permanent,70815.48,,,,,Good,Fair,Good,Good,Excellent,1
2026-06-29,legacy_hr_system,employees.csv,4661,1352,Lisandro,Martinez,D002,Human Resources,Contractor,,4292.47,3265.65,30-99887766-1,Delta Consulting,Excellent,Good,Excellent,Good,Fair,0
2026-06-29,legacy_hr_system,employees.csv,4662,1615,Valentina Jazmin,Torres,D004,Sales,Contractor,,4208.92,3048.82,30-99887766-1,Delta Consulting,Good,Excellent,Fair,Fair,Good,0
2026-06-29,legacy_hr_system,employees.csv,4663,135,Ambar,Gonzalez,D004,Sales,Contractor,,,2985.15,30-12345678-9,Alpha Consulting,Poor,Good,Good,Good,Good,0
2026-06-29,legacy_hr_system,employees.csv,4664,4255,Francisco,Ruiz,D001,Finance,Contractor,,2519.1,5665.92,30-99887766-1,Delta Consulting,Excellent,Good,Excellent,Fair,Good,0
2026-06-29,legacy_hr_system,employees.csv,4665,1565,Tomas,Gonzalez,D001,Finance,Permanent,53644.14,,,,,Good,Good,Good,Good,Excellent,0
2026-06-29,legacy_hr_system,employees.csv,4666,3404,Genaro,Gonzalez,D003,IT,Contractor,,2674.49,3965.24,30-87654321-0,Beta Consulting,Fair,Good,Good,Good,Poor,1
2026-06-29,legacy_hr_system,employees.csv,4667,3966,Bianca,Suarez,D005,Operations,Permanent,90817.06,,,,,Good,Fair,Fair,Fair,Good,0
2026-06-29,legacy_hr_system,employees.csv,4668,1420,Alvaro,Acosta,D001,Finance,Permanent,96813.67,,,,,Good,Good,Good,Good,Good,0
2026-06-29,legacy_hr_system,employees.csv,4669,18,Olivia,Molina,D002,Human Resources,Permanent,103668.52,,,,,Good,Good,Good,Fair,Good,0
2026-06-29,legacy_hr_system,employees.csv,4670,3752,Morena,Perez,D001,Finance,Contractor,,2326.05,5250.87,30-99887766-1,Delta Consulting,Good,Good,Poor,Fair,Excellent,0
2026-06-29,legacy_hr_system,employees.csv,4671,3680,Emiliano,Rios,D003,IT,Contractor,,2674.03,5407.96,30-12345678-9,Alpha Consulting,Good,Fair,Excellent,Excellent,Good,0
2026-06-29,legacy_hr_system,employees.csv,4672,2410,Paulina,Cabrera,D002,Human Resources,Contractor,,2727.27,4928.32,30-99887766-1,Delta Consulting,Good,Good,Excellent,Excellent,Good,0
2026-06-29,legacy_hr_system,employees.csv,4673,1393,Juan,Quiroga,D004,Sales,Contractor,,3246.44,4108.35,30-87654321-0,Beta Consulting,Good,Good,Fair,Poor,Good,0
2026-06-29,legacy_hr_system,employees.csv,4674,4494,Camila,Diaz,D002,Human Resources,Permanent,133087.07,,,,,Excellent,Good,Fair,Excellent,Excellent,0
2026-06-29,legacy_hr_system,employees.csv,4675,678,Juan,Fernandez,D001,Finance,Permanent,54035.82,,,,,Good,Good,Good,Poor,Fair,0
2026-06-29,legacy_hr_system,employees.csv,4676,995,Delfina,Guzman,D005,Operations,Contractor,,2515.51,,30-87654321-0,Beta Consulting,Excellent,Excellent,Fair,Good,Fair,0
2026-06-29,legacy_hr_system,employees.csv,4677,4134,Joaquin,Suarez,D001,Finance,Permanent,133562.04,,,,,Good,Excellent,Good,Good,Excellent,0
2026-06-29,legacy_hr_system,employees.csv,4678,1104,Nahiara Jazmin,Benitez,D004,Sales,Permanent,176537.59,,,,,Good,Good,Fair,Good,Excellent,0
2026-06-29,legacy_hr_system,employees.csv,4679,1159,Mateo Benjamin,Godoy,D002,Human Resources,Contractor,,2613.81,3546.67,30-99887766-1,Delta Consulting,Excellent,Good,Excellent,Good,Fair,1
2026-06-29,legacy_hr_system,employees.csv,4680,4176,Milagros,Paz,D004,Sales,Contractor,,2904.3,3396.82,30-87654321-0,Beta Consulting,Good,Fair,Good,Good,Poor,0
2026-06-29,legacy_hr_system,employees.csv,4681,3543,Mia Valentina,Aguero,D001,Finance,Permanent,157593.98,,,,,Good,Good,Fair,Fair,Good,0
2026-06-29,legacy_hr_system,employees.csv,4682,3654,Benjamin,Ponce,D005,Operations,Contractor,,2141.05,4581.08,30-11223344-5,Gamma Consulting,Good,Good,Fair,Good,Poor,0
2026-06-29,legacy_hr_system,employees.csv,4683,4109,Delfina,Cardozo,D005,Operations,Permanent,76029.78,,,,,Good,Excellent,Fair,Excellent,Good,0
2026-06-29,legacy_hr_system,employees.csv,4684,1367,Juan Gabriel,Romero,D002,Human Resources,Contractor,,2732.94,5673.12,30-87654321-0,Beta Consulting,Good,Excellent,Fair,Fair,Good,0
2026-06-29,legacy_hr_system,employees.csv,4685,2856,Clara,Paez,D002,Human Resources,Contractor,,5521.65,3376.51,30-12345678-9,Alpha Consulting,Good,Good,Good,Good,Good,0
2026-06-29,legacy_hr_system,employees.csv,4686,2433,Facundo,Rivero,D004,Sales,Permanent,153177.01,,,,,Excellent,Good,Fair,Good,Excellent,1
2026-06-29,legacy_hr_system,employees.csv,4687,1492,Luca,Cruz,D003,IT,Permanent,115816.61,,,,,Good,Excellent,Good,Excellent,Good,0
2026-06-29,legacy_hr_system,employees.csv,4688,857,Julieta,Maldonado,D005,Operations,Permanent,136501.56,,,,,Good,Good,Fair,Poor,Good,1
2026-06-29,legacy_hr_system,employees.csv,4689,812,Ramiro,Garcia,D005,Operations,Permanent,155610.91,,,,,Good,Excellent,Poor,Fair,Excellent,0
2026-06-29,legacy_hr_system,employees.csv,4690,1581,Alejo,Aguero,D004,Sales,Permanent,130668.4,,,,,Good,Good,Good,Excellent,Fair,0
2026-06-29,legacy_hr_system,employees.csv,4691,239,Maria Victoria,Ledesma,D004,Sales,Permanent,95235.08,,,,,Fair,Good,Poor,Good,Excellent,1
2026-06-29,legacy_hr_system,employees.csv,4692,562,Sara,Cabrera,D001,Finance,Permanent,98185.88,,,,,Poor,Good,Good,Good,Fair,0
2026-06-29,legacy_hr_system,employees.csv,4693,3670,Thiago Leonel,Rodriguez,D002,Human Resources,Permanent,133080.17,,,,,Excellent,Poor,Excellent,Excellent,Good,1
2026-06-29,legacy_hr_system,employees.csv,4694,1243,Emilia,Perez,D005,Operations,Contractor,,2821.23,4150.68,30-11223344-5,Gamma Consulting,Excellent,Fair,Excellent,Fair,Good,0
2026-06-29,legacy_hr_system,employees.csv,4695,4043,Juan Ignacio,Figueroa,D005,Operations,Permanent,122489.62,,,,,Good,Good,Excellent,Good,Excellent,0
2026-06-29,legacy_hr_system,employees.csv,4696,3476,Sofia Belen,Ruiz,D005,Operations,Permanent,155447.03,,,,,Poor,Fair,Good,Good,Poor,0
2026-06-29,legacy_hr_system,employees.csv,4697,4191,Morena,Pereyra,D005,Operations,Permanent,104457.93,,,,,Good,Excellent,Excellent,Excellent,Good,0
2026-06-29,legacy_hr_system,employees.csv,4698,2302,Gael,Ledesma,D005,Operations,Permanent,96820.22,,,,,Poor,Good,Good,Excellent,Good,1
2026-06-29,legacy_hr_system,employees.csv,4699,4188,Santino,Blanco,D003,IT,Permanent,90642.35,,,,,Good,Good,Fair,Good,Poor,0
2026-06-29,legacy_hr_system,employees.csv,4700,1403,Ramiro,Rivero,D002,Human Resources,Permanent,100387.01,,,,,Fair,Good,Good,Good,Fair,0
2026-06-29,legacy_hr_system,employees.csv,4701,2488,Olivia,Rodriguez,D004,Sales,Permanent,150705.92,,,,,Excellent,Fair,Good,Excellent,Good,0
2026-06-29,legacy_hr_system,employees.csv,4702,1533,Valentina ,Rodriguez,D001,Finance,Contractor,,2008.71,3032.47,30-87654321-0,Beta Consulting,Poor,Excellent,Good,Good,Good,0
2026-06-29,legacy_hr_system,employees.csv,4703,1445,Camilo,Franco,D005,Operations,Permanent,148127.1,,,,,Fair,Fair,Good,Excellent,Good,0
2026-06-29,legacy_hr_system,employees.csv,4704,3916,Martina,Blanco,D002,Human Resources,Contractor,,2864.12,6136.74,30-12345678-9,Alpha Consulting,Excellent,Excellent,Excellent,Fair,Good,0
2026-06-29,legacy_hr_system,employees.csv,4705,2379,Lautaro,Sosa,D001,Finance,Permanent,172835.64,,,,,Good,Poor,Good,Fair,Poor,0
2026-06-29,legacy_hr_system,employees.csv,4706,1748,Juan Francisco,Roldan,D001,Finance,Permanent,172487.52,,,,,Good,Excellent,Fair,Fair,Fair,0
2026-06-29,legacy_hr_system,employees.csv,4707,3829,Felipe,Rodriguez,D002,Human Resources,Contractor,,4339.89,4225.2,30-12345678-9,Alpha Consulting,Good,Fair,Good,Good,Good,1
2026-06-29,legacy_hr_system,employees.csv,4708,3633,Nicolas,Dominguez,D005,Operations,Permanent,122534.0,,,,,Good,Good,Excellent,Good,Fair,0
2026-06-29,legacy_hr_system,employees.csv,4709,4113,Felipe,Duarte,D001,Finance,Permanent,90708.0,,,,,Fair,Good,Good,Excellent,Poor,0
2026-06-29,legacy_hr_system,employees.csv,4710,2526,Lisandro,Sanchez,D005,Operations,Contractor,,3347.82,4975.43,30-99887766-1,Delta Consulting,Good,Poor,Good,Excellent,Good,0
2026-06-29,legacy_hr_system,employees.csv,4711,1150,Renata,Aguirre,D001,Finance,Permanent,133096.79,,,,,Good,Good,Good,Fair,Excellent,0
2026-06-29,legacy_hr_system,employees.csv,4712,1045,Ramiro,Perez,D002,Human Resources,Permanent,125430.65,,,,,Excellent,Good,Fair,Good,Good,0
2026-06-29,legacy_hr_system,employees.csv,4713,4205,Valentina,Cabrera,D004,Sales,Permanent,95477.76,,,,,Excellent,Good,Good,Good,Good,0
2026-06-29,legacy_hr_system,employees.csv,4714,94,Candela,Martinez,D002,Human Resources,Unknown,103011.07,,,,,Excellent,Good,Fair,Good,Excellent,0
2026-06-29,legacy_hr_system,employees.csv,4715,2277,Catalina,Muñoz,D003,IT,Permanent,89933.49,,,,,Fair,Fair,Good,Good,Good,0
2026-06-29,legacy_hr_system,employees.csv,4716,506,Antonella,Moreno,D004,Sales,Contractor,,2581.82,5549.01,30-12345678-9,Alpha Consulting,Good,Good,Good,Fair,Good,0
2026-06-29,legacy_hr_system,employees.csv,4717,1787,Jazmin,Gimenez,D001,Finance,Contractor,,4154.91,3243.49,30-12345678-9,Alpha Consulting,Good,Good,Good,Good,Good,0
2026-06-29,legacy_hr_system,employees.csv,4718,671,Mateo Benjamin,Sanchez,D003,IT,Contractor,,1781.45,3941.08,30-12345678-9,Alpha Consulting,Good,Poor,Good,Good,Fair,0
2026-06-29,legacy_hr_system,employees.csv,4719,2570,Agustin,Peralta,D004,Sales,Contractor,,4699.82,5831.34,30-99887766-1,Delta Consulting,Fair,Fair,Good,Excellent,Poor,0
2026-06-29,legacy_hr_system,employees.csv,4720,1551,Valentina,Bustos,D001,Finance,Permanent,82272.66,,,,,Excellent,Excellent,Good,Poor,Good,0
2026-06-29,legacy_hr_system,employees.csv,4721,4478,Josefina,Moreno,D005,Operations,Contractor,,2926.43,3418.09,30-99887766-1,Delta Consulting,Excellent,Good,Good,Good,Good,1
2026-06-29,legacy_hr_system,employees.csv,4722,4066,Catalina,Gomez,D005,Operations,Contractor,,2239.05,4158.18,30-87654321-0,Beta Consulting,Good,Excellent,Fair,Fair,Poor,0
2026-06-29,legacy_hr_system,employees.csv,4723,3059,Juan Ignacio,Gomez,D001,Finance,Permanent,74643.5,,,,,Fair,Good,Good,Good,Poor,0
2026-06-29,legacy_hr_system,employees.csv,4724,4458,Felipe,Lopez,D005,Operations,Contractor,,4066.04,5428.93,30-99887766-1,Delta Consulting,Fair,Good,Poor,Excellent,Good,0
2026-06-29,legacy_hr_system,employees.csv,4725,1613,Camila,Gomez,D001,Finance,Permanent,147649.5,,,,,Good,Excellent,Poor,Good,Excellent,0
